# MA	gene_name	ensembl_name	ENCFF297CNO_TPM	ENCFF879WBJ_TPM	ENCFF285HUZ_TPM	ENCFF853TRI_TPM	ENCFF305QBE_TPM
MA0002.1	RUNX1	ENSG00000159216	22.27	22.27	18.43	2.8499999999999996	3.4100000000000006
MA0003.1	TFAP2A	ENSG00000137203	0.22	0.22	0.29000000000000004	0.19	0.15
MA0003.2	TFAP2A	ENSG00000137203	0.22	0.22	0.29000000000000004	0.19	0.15
MA0003.3	TFAP2A	ENSG00000137203	0.22	0.22	0.29000000000000004	0.19	0.15
MA0007.2	AR	ENSG00000169083	0.0	0.0	0.0	0.0	0.01
MA0009.2	T	ENSG00000164458	0.0	0.0	0.0	0.0	0.05
MA0014.2	PAX5	ENSG00000196092	0.0	0.0	0.01	23.21	26.07
MA0014.3	PAX5	ENSG00000196092	0.0	0.0	0.01	23.21	26.07
MA0017.1	NR2F1	ENSG00000175745	0.0	0.0	0.0	0.01	0.04
MA0017.2	NR2F1	ENSG00000175745	0.0	0.0	0.0	0.01	0.04
MA0018.1	CREB1	ENSG00000118260	13.329999999999998	13.33	10.78	38.44	30.6
MA0018.2	CREB1	ENSG00000118260	13.329999999999998	13.33	10.78	38.44	30.6
MA0018.3	CREB1	ENSG00000118260	13.329999999999998	13.33	10.78	38.44	30.6
MA0024.1	E2F1	ENSG00000101412	10.36	10.36	10.67	2.03	2.55
MA0024.2	E2F1	ENSG00000101412	10.36	10.36	10.67	2.03	2.55
MA0024.3	E2F1	ENSG00000101412	10.36	10.36	10.67	2.03	2.55
MA0025.1	NFIL3	ENSG00000165030	11.46	11.46	10.02	0.05	0.0
MA0027.2	EN1	ENSG00000163064	1.97	1.97	1.87	0.0	0.0
MA0028.1	ELK1	ENSG00000126767	32.32	32.31	31.71	39.39999999999999	41.56
MA0028.2	ELK1	ENSG00000126767	32.32	32.31	31.71	39.39999999999999	41.56
MA0030.1	FOXF2	ENSG00000137273	0.0	0.0	0.0	0.02	0.0
MA0031.1	FOXD1	ENSG00000251493	0.07	0.07	0.04	0.0	0.01
MA0032.1	FOXC1	ENSG00000054598	0.0	0.0	0.0	0.07	0.02
MA0032.2	FOXC1	ENSG00000054598	0.0	0.0	0.0	0.07	0.02
MA0033.1	FOXL1	ENSG00000176678	0.01	0.01	0.0	0.0	0.0
MA0033.2	FOXL1	ENSG00000176678	0.01	0.01	0.0	0.0	0.0
MA0036.1	GATA2	ENSG00000179348	56.1	56.1	56.13	0.02	0.04
MA0036.2	GATA2	ENSG00000179348	56.1	56.1	56.13	0.02	0.04
MA0036.3	GATA2	ENSG00000179348	56.1	56.1	56.13	0.02	0.04
MA0037.1	GATA3	ENSG00000107485	0.05	0.0	0.09000000000000001	0.61	0.21
MA0037.2	GATA3	ENSG00000107485	0.05	0.0	0.09000000000000001	0.61	0.21
MA0037.3	GATA3	ENSG00000107485	0.05	0.0	0.09000000000000001	0.61	0.21
MA0039.3	KLF4	ENSG00000136826	0.17	0.17	0.09000000000000001	0.16	0.15
MA0042.1	FOXI1	ENSG00000168269	0.0	0.0	0.0	0.0	0.0
MA0042.2	FOXI1	ENSG00000168269	0.0	0.0	0.0	0.0	0.0
MA0043.1	HLF	ENSG00000108924	0.09999999999999999	0.1	0.14	0.16	0.26
MA0043.2	HLF	ENSG00000108924	0.09999999999999999	0.1	0.14	0.16	0.26
MA0046.2	HNF1A	ENSG00000135100	0.0	0.0	0.0	0.0	0.0
MA0048.1	NHLH1	ENSG00000171786	1.38	1.38	1.19	0.37	0.18
MA0048.2	NHLH1	ENSG00000171786	1.38	1.38	1.19	0.37	0.18
MA0050.1	IRF1	ENSG00000125347	4.85	4.84	5.08	56.230000000000004	51.80000000000001
MA0050.2	IRF1	ENSG00000125347	4.85	4.84	5.08	56.230000000000004	51.80000000000001
MA0051.1	IRF2	ENSG00000168310	10.1	10.1	8.219999999999999	48.18999999999999	52.61000000000001
MA0052.1	MEF2A	ENSG00000068305	4.3500000000000005	4.36	3.55	22.24	24.029999999999998
MA0052.2	MEF2A	ENSG00000068305	4.3500000000000005	4.36	3.55	22.24	24.029999999999998
MA0052.3	MEF2A	ENSG00000068305	4.3500000000000005	4.36	3.55	22.24	24.029999999999998
MA0056.1	MZF1	ENSG00000099326	2.77	2.78	2.9	4.529999999999999	6.04
MA0057.1	MZF1	ENSG00000099326	2.77	2.78	2.9	4.529999999999999	6.04
MA0058.1	MAX	ENSG00000125952	35.14	35.14	32.03	53.65	52.769999999999996
MA0058.2	MAX	ENSG00000125952	35.14	35.14	32.03	53.65	52.769999999999996
MA0058.3	MAX	ENSG00000125952	35.14	35.14	32.03	53.65	52.769999999999996
MA0059.1	MAX	ENSG00000125952	35.14	35.14	32.03	53.65	52.769999999999996
MA0060.1	NFYA	ENSG00000001167	14.399999999999999	14.4	11.88	14.39	14.98
MA0060.2	NFYA	ENSG00000001167	14.399999999999999	14.4	11.88	14.39	14.98
MA0060.3	NFYA	ENSG00000001167	14.399999999999999	14.4	11.88	14.39	14.98
MA0062.1	GABPA	ENSG00000154727	6.3999999999999995	6.4	4.92	18.14	20.23
MA0065.1	PPARG	ENSG00000132170	0.06	0.0	0.05	0.0	0.0
MA0066.1	PPARG	ENSG00000132170	0.06	0.0	0.05	0.0	0.0
MA0068.2	PAX4	ENSG00000106331	0.0	0.0	0.0	0.0	0.0
MA0069.1	Pax6	ENSG00000007372	9.129999999999999	0.0	7.31	0.15	0.11
MA0070.1	PBX1	ENSG00000185630	0.77	0.77	1.01	0.02	0.14
MA0071.1	RORA	ENSG00000069667	0.0	0.0	0.0	9.87	13.810000000000002
MA0072.1	RORA	ENSG00000069667	0.0	0.0	0.0	9.87	13.810000000000002
MA0073.1	RREB1	ENSG00000124782	8.4	8.41	8.15	5.800000000000001	7.93
MA0074.1	RXRA	ENSG00000186350	4.97	0.0	4.91	22.080000000000002	22.42
MA0076.1	ELK4	ENSG00000158711	2.1900000000000004	2.2	2.62	3.84	5.13
MA0076.2	ELK4	ENSG00000158711	2.1900000000000004	2.2	2.62	3.84	5.13
MA0077.1	SOX9	ENSG00000125398	0.0	0.0	0.0	0.94	0.92
MA0079.1	SP1	ENSG00000185591	19.63	19.63	16.560000000000002	2.76	2.96
MA0079.2	SP1	ENSG00000185591	19.63	19.63	16.560000000000002	2.76	2.96
MA0079.3	SP1	ENSG00000185591	19.63	19.63	16.560000000000002	2.76	2.96
MA0080.1	SPI1	ENSG00000066336	21.72	21.72	19.09	7.670000000000001	11.879999999999999
MA0080.2	SPI1	ENSG00000066336	21.72	21.72	19.09	7.670000000000001	11.879999999999999
MA0080.4	SPI1	ENSG00000066336	21.72	21.72	19.09	7.670000000000001	11.879999999999999
MA0081.1	SPIB	ENSG00000269404	0.37000000000000005	0.37	0.47000000000000003	35.9	47.73
MA0083.1	SRF	ENSG00000112658	16.36	16.36	17.39	1.58	1.84
MA0083.2	SRF	ENSG00000112658	16.36	16.36	17.39	1.58	1.84
MA0083.3	SRF	ENSG00000112658	16.36	16.36	17.39	1.58	1.84
MA0084.1	SRY	ENSG00000184895	0.0	0.0	0.0	0.0	0.0
MA0088.2	ZNF143	ENSG00000166478	24.66	24.65	19.330000000000002	13.47	16.38
MA0090.1	TEAD1	ENSG00000187079	2.36	0.0	2.1500000000000004	0.01	0.03
MA0090.2	TEAD1	ENSG00000187079	2.36	0.0	2.1500000000000004	0.01	0.03
MA0091.1	TAL1	ENSG00000162367	25.100000000000005	25.1	25.18	0.0	0.0
MA0093.1	USF1	ENSG00000158773	33.190000000000005	33.2	34.269999999999996	12.94	9.09
MA0093.2	USF1	ENSG00000158773	33.190000000000005	33.2	34.269999999999996	12.94	9.09
MA0095.1	YY1	ENSG00000100811	43.6	43.61	42.169999999999995	24.509999999999998	27.729999999999997
MA0095.2	YY1	ENSG00000100811	43.6	43.61	42.169999999999995	24.509999999999998	27.729999999999997
MA0098.1	ETS1	ENSG00000134954	2.94	2.94	2.1500000000000004	19.97	17.990000000000002
MA0098.3	ETS1	ENSG00000134954	2.94	2.94	2.1500000000000004	19.97	17.990000000000002
MA0099.2	FOS	ENSG00000170345	4.76	4.75	6.06	0.31	0.52
MA0099.3	FOS	ENSG00000170345	4.76	4.75	6.06	0.31	0.52
MA0100.3	MYB	ENSG00000118513	121.12	121.1	102.55000000000003	10.140000000000002	19.059999999999995
MA0101.1	REL	ENSG00000162924	0.98	0.0	0.6	15.41	17.13
MA0102.3	CEBPA	ENSG00000245848	0.25	0.25	0.14	0.0	0.0
MA0103.2	ZEB1	ENSG00000148516	1.7600000000000002	1.76	1.3	20.919999999999998	19.000000000000004
MA0103.3	ZEB1	ENSG00000148516	1.7600000000000002	1.76	1.3	20.919999999999998	19.000000000000004
MA0104.4	MYCN	ENSG00000134323	0.0	0.0	0.0	0.03	0.02
MA0105.1	NFKB1	ENSG00000109320	9.62	9.63	9.09	6.909999999999999	6.8999999999999995
MA0105.2	NFKB1	ENSG00000109320	9.62	9.63	9.09	6.909999999999999	6.8999999999999995
MA0105.3	NFKB1	ENSG00000109320	9.62	9.63	9.09	6.909999999999999	6.8999999999999995
MA0105.4	NFKB1	ENSG00000109320	9.62	9.63	9.09	6.909999999999999	6.8999999999999995
MA0106.1	TP53	ENSG00000141510	1.09	0.0	0.68	52.02000000000001	59.5
MA0106.2	TP53	ENSG00000141510	1.09	0.0	0.68	52.02000000000001	59.5
MA0106.3	TP53	ENSG00000141510	1.09	0.0	0.68	52.02000000000001	59.5
MA0107.1	RELA	ENSG00000173039	27.619999999999997	27.63	29.18	25.509999999999998	33.9
MA0112.1	ESR1	ENSG00000091831	0.16999999999999998	0.0	0.08	0.25	0.3
MA0112.2	ESR1	ENSG00000091831	0.16999999999999998	0.0	0.08	0.25	0.3
MA0112.3	ESR1	ENSG00000091831	0.16999999999999998	0.0	0.08	0.25	0.3
MA0113.1	NR3C1	ENSG00000113580	9.100000000000001	9.09	7.7299999999999995	91.23	91.05999999999999
MA0113.3	NR3C1	ENSG00000113580	9.100000000000001	9.09	7.7299999999999995	91.23	91.05999999999999
MA0114.2	HNF4A	ENSG00000101076	0.05	0.06	0.02	0.0	0.0
MA0115.1	NR1H2	ENSG00000131408	33.22	33.22	31.170000000000005	40.580000000000005	42.91
MA0119.1	NFIC	ENSG00000141905	9.61	0.0	8.18	13.73	14.64
MA0122.2	NKX3-2	ENSG00000109705	0.4	0.4	0.37	0.0	0.0
MA0124.1	NKX3-1	ENSG00000167034	0.02	0.02	0.03	0.48	0.73
MA0130.1	ZNF354C	ENSG00000177932	0.03	0.03	0.03	0.01	0.01
MA0131.1	HINFP	ENSG00000172273	12.53	12.52	11.000000000000002	13.219999999999999	14.2
MA0131.2	HINFP	ENSG00000172273	12.53	12.52	11.000000000000002	13.219999999999999	14.2
MA0132.2	PDX1	ENSG00000139515	0.0	0.0	0.0	0.03	0.0
MA0136.2	ELF5	ENSG00000135374	0.0	0.0	0.0	0.0	0.0
MA0137.1	STAT1	ENSG00000115415	16.12	16.12	13.5	267.26000000000005	251.38
MA0137.2	STAT1	ENSG00000115415	16.12	16.12	13.5	267.26000000000005	251.38
MA0137.3	STAT1	ENSG00000115415	16.12	16.12	13.5	267.26000000000005	251.38
MA0138.1	REST	ENSG00000084093	3.8800000000000003	0.0	3.36	26.049999999999997	26.52
MA0138.2	REST	ENSG00000084093	3.8800000000000003	0.0	3.36	26.049999999999997	26.52
MA0139.1	CTCF	ENSG00000102974	25.700000000000003	0.0	22.439999999999998	8.85	27.490000000000002
MA0140.2	GATA1	ENSG00000102145	239.11	239.1	233.34	0.0	0.0
MA0141.3	ESRRB	ENSG00000119715	13.83	0.0	14.669999999999998	0.07	0.0
MA0144.2	STAT3	ENSG00000168610	62.46	62.47	57.510000000000005	71.27	72.08000000000001
MA0145.3	TFCP2	ENSG00000135457	21.75	21.75	20.67	10.92	9.599999999999998
MA0147.3	MYC	ENSG00000136997	105.31	0.0	93.92999999999998	83.34	80.16999999999999
MA0148.1	FOXA1	ENSG00000129514	0.68	0.68	0.63	0.0	0.0
MA0148.2	FOXA1	ENSG00000129514	0.68	0.68	0.63	0.0	0.0
MA0148.3	FOXA1	ENSG00000129514	0.68	0.68	0.63	0.0	0.0
MA0149.1	EWSR1-FLI1	ENSG00000182944	154.23	154.21	151.7	334.96999999999997	367.11999999999995
MA0150.1	NFE2L2	ENSG00000116044	63.58	63.58	54.11	39.46999999999999	34.599999999999994
MA0152.1	NFATC2	ENSG00000101096	4.920000000000001	4.92	4.69	5.58	6.08
MA0153.1	HNF1B	ENSG00000276194	0.0	0.0	0.0	0.0	0.0
MA0153.2	HNF1B	ENSG00000276194	0.0	0.0	0.0	0.0	0.0
MA0154.2	EBF1	ENSG00000164330	0.01	0.02	0.01	8.659999999999998	8.11
MA0154.3	EBF1	ENSG00000164330	0.01	0.02	0.01	8.659999999999998	8.11
MA0155.1	INSM1	ENSG00000173404	0.0	0.0	0.0	0.0	0.01
MA0156.1	FEV	ENSG00000163497	10.79	10.79	12.15	0.0	0.0
MA0156.2	FEV	ENSG00000163497	10.79	10.79	12.15	0.0	0.0
MA0157.1	FOXO3	ENSG00000118689	4.989999999999999	4.99	4.43	1.7200000000000002	2.01
MA0157.2	FOXO3	ENSG00000118689	4.989999999999999	4.99	4.43	1.7200000000000002	2.01
MA0158.1	HOXA5	ENSG00000106004	0.0	0.0	0.0	0.13	0.0
MA0159.1	RARA	ENSG00000131759	10.5	10.5	10.26	10.07	12.17
MA0160.1	NR4A2	ENSG00000153234	1.19	1.19	1.21	0.36	0.36000000000000004
MA0161.1	NFIC	ENSG00000141905	9.61	0.0	8.18	13.73	14.64
MA0161.2	NFIC	ENSG00000141905	9.61	0.0	8.18	13.73	14.64
MA0162.2	EGR1	ENSG00000120738	26.5	26.5	28.9	1.14	1.28
MA0162.3	EGR1	ENSG00000120738	26.5	26.5	28.9	1.14	1.28
MA0163.1	PLAG1	ENSG00000181690	0.55	0.55	0.47	2.76	2.38
MA0258.1	ESR2	ENSG00000140009	0.39	0.4	0.23	0.29	0.34
MA0258.2	ESR2	ENSG00000140009	0.39	0.4	0.23	0.29	0.34
MA0259.1	ARNT	ENSG00000143437	15.22	15.22	13.93	23.18	26.99
MA0442.1	SOX10	ENSG00000100146	0.0	0.0	0.0	0.0	0.0
MA0442.2	SOX10	ENSG00000100146	0.0	0.0	0.0	0.0	0.0
MA0462.1	BATF	ENSG00000156127	1.27	1.26	1.26	111.0	121.67999999999999
MA0464.2	BHLHE40	ENSG00000134107	26.16	26.16	24.57	35.28	35.15
MA0465.1	CDX2	ENSG00000165556	0.0	0.0	0.0	0.0	0.0
MA0466.1	CEBPB	ENSG00000172216	34.92	34.92	27.85	0.12	0.36
MA0466.2	CEBPB	ENSG00000172216	34.92	34.92	27.85	0.12	0.36
MA0468.1	DUX4	ENSG00000260596	0.0	0.0	0.0	0.0	0.0
MA0469.2	E2F3	ENSG00000112242	15.6	15.6	14.56	8.56	8.44
MA0470.1	E2F4	ENSG00000205250	62.63	62.62	68.19000000000003	84.14	87.19
MA0471.1	E2F6	ENSG00000169016	14.189999999999998	14.2	15.28	9.020000000000001	9.31
MA0472.2	EGR2	ENSG00000122877	0.01	0.0	0.05	3.81	4.8
MA0473.1	ELF1	ENSG00000120690	20.39	0.0	12.809999999999999	47.93	44.269999999999996
MA0473.2	ELF1	ENSG00000120690	20.39	0.0	12.809999999999999	47.93	44.269999999999996
MA0474.2	ERG	ENSG00000157554	0.01	0.01	0.0	0.0	0.0
MA0475.1	FLI1	ENSG00000151702	0.1	0.1	0.03	35.32	35.47
MA0475.2	FLI1	ENSG00000151702	0.1	0.1	0.03	35.32	35.47
MA0476.1	FOS	ENSG00000170345	4.76	4.75	6.06	0.31	0.52
MA0477.1	FOSL1	ENSG00000175592	21.75	21.75	24.45	4.01	3.94
MA0478.1	FOSL2	ENSG00000075426	0.44999999999999996	0.45	0.75	0.08	0.1
MA0479.1	FOXH1	ENSG00000160973	3.01	3.02	3.43	0.03	0.01
MA0481.1	FOXP1	ENSG00000114861	6.890000000000001	0.0	6.910000000000001	0.16	0.06999999999999999
MA0481.2	FOXP1	ENSG00000114861	6.890000000000001	0.0	6.910000000000001	0.16	0.06999999999999999
MA0484.1	HNF4G	ENSG00000164749	0.0	0.0	0.0	0.77	1.1099999999999999
MA0486.1	HSF1	ENSG00000284774	0.0	0.0	0.0	0.0	0.0
MA0486.2	HSF1	ENSG00000284774	0.0	0.0	0.0	0.0	0.0
MA0488.1	JUN	ENSG00000177606	4.74	4.74	4.78	2.7	2.89
MA0489.1	JUN	ENSG00000177606	4.74	4.74	4.78	2.7	2.89
MA0490.1	JUNB	ENSG00000171223	22.58	22.58	19.67	71.05	76.4
MA0491.1	JUND	ENSG00000130522	104.78	104.78	113.99	4.98	5.83
MA0492.1	JUND	ENSG00000130522	104.78	104.78	113.99	4.98	5.83
MA0495.1	MAFF	ENSG00000185022	2.6799999999999997	2.69	2.52	0.14	0.25
MA0495.2	MAFF	ENSG00000185022	2.6799999999999997	2.69	2.52	0.14	0.25
MA0496.1	MAFK	ENSG00000198517	3.19	3.18	3.33	0.59	1.01
MA0496.2	MAFK	ENSG00000198517	3.19	3.18	3.33	0.59	1.01
MA0497.1	MEF2C	ENSG00000081189	42.47	0.0	36.769999999999996	154.84999999999997	146.98
MA0498.2	MEIS1	ENSG00000143995	6.170000000000001	6.18	4.719999999999999	0.11	0.02
MA0501.1	MAF	ENSG00000178573	0.0	0.0	0.0	0.0	0.01
MA0502.1	NFYB	ENSG00000120837	20.73	20.73	18.64	24.480000000000004	23.81
MA0504.1	NR2C2	ENSG00000177463	6.08	6.08	5.609999999999999	4.27	5.76
MA0506.1	NRF1	ENSG00000106459	10.46	10.46	10.0	5.6899999999999995	6.709999999999999
MA0507.1	POU2F2	ENSG00000028277	0.30000000000000004	0.0	0.43	39.82	38.160000000000004
MA0508.1	PRDM1	ENSG00000057657	0.27	0.0	0.29	10.71	12.59
MA0508.2	PRDM1	ENSG00000057657	0.27	0.0	0.29	10.71	12.59
MA0510.1	RFX5	ENSG00000143390	15.29	15.3	12.44	67.74999999999999	65.34
MA0510.2	RFX5	ENSG00000143390	15.29	15.3	12.44	67.74999999999999	65.34
MA0511.1	RUNX2	ENSG00000124813	1.19	0.0	0.68	0.22000000000000003	0.0
MA0511.2	RUNX2	ENSG00000124813	1.19	0.0	0.68	0.22000000000000003	0.0
MA0513.1	SMAD2	ENSG00000175387	21.97	21.98	19.859999999999996	49.37	50.0
MA0516.1	SP2	ENSG00000167182	6.94	0.0	6.4	10.93	12.97
MA0517.1	STAT1	ENSG00000115415	16.12	16.12	13.5	267.26000000000005	251.38
MA0522.2	TCF3	ENSG00000071564	103.67000000000002	103.67	98.89999999999999	44.71	46.010000000000005
MA0523.1	TCF7L2	ENSG00000148737	0.6900000000000001	0.0	0.41000000000000003	0.06	0.05
MA0524.1	TFAP2C	ENSG00000087510	0.0	0.0	0.02	0.0	0.0
MA0524.2	TFAP2C	ENSG00000087510	0.0	0.0	0.02	0.0	0.0
MA0525.1	TP63	ENSG00000073282	0.38	0.38	0.44	7.299999999999999	8.549999999999999
MA0525.2	TP63	ENSG00000073282	0.38	0.38	0.44	7.299999999999999	8.549999999999999
MA0526.1	USF2	ENSG00000105698	48.53	48.53	48.029999999999994	11.71	10.74
MA0526.2	USF2	ENSG00000105698	48.53	48.53	48.029999999999994	11.71	10.74
MA0527.1	ZBTB33	ENSG00000177485	6.25	6.25	5.010000000000001	16.18	16.830000000000002
MA0528.1	ZNF263	ENSG00000006194	12.579999999999998	12.57	13.099999999999998	13.63	20.800000000000004
MA0592.1	ESRRA	ENSG00000173153	31.24	31.25	31.549999999999997	4.62	9.8
MA0593.1	FOXP2	ENSG00000128573	0.0	0.0	0.0	2.4800000000000004	1.9500000000000002
MA0595.1	SREBF1	ENSG00000072310	21.53	21.53	22.52	5.88	7.989999999999999
MA0596.1	SREBF2	ENSG00000198911	18.419999999999998	18.42	17.76	58.97	65.06
MA0597.1	THAP1	ENSG00000131931	11.23	11.22	10.690000000000001	19.62	19.139999999999997
MA0598.1	EHF	ENSG00000135373	0.16	0.16	0.15000000000000002	0.0	0.0
MA0598.2	EHF	ENSG00000135373	0.16	0.16	0.15000000000000002	0.0	0.0
MA0599.1	KLF5	ENSG00000102554	0.18	0.18	0.29000000000000004	0.22000000000000003	0.35
MA0600.1	RFX2	ENSG00000087903	8.229999999999999	8.24	7.819999999999999	6.18	5.72
MA0600.2	RFX2	ENSG00000087903	8.229999999999999	8.24	7.819999999999999	6.18	5.72
MA0610.1	DMRT3	ENSG00000064218	0.0	0.0	0.0	0.0	0.0
MA0612.1	EMX1	ENSG00000135638	0.16999999999999998	0.17	0.24	0.69	1.21
MA0613.1	FOXG1	ENSG00000176165	0.94	0.0	0.85	0.04	0.03
MA0618.1	LBX1	ENSG00000138136	0.0	0.0	0.0	0.0	0.0
MA0620.2	MITF	ENSG00000187098	5.709999999999998	0.0	5.12	0.25	0.04
MA0625.1	NFATC3	ENSG00000072736	43.8	43.79	40.99000000000001	22.699999999999996	25.48
MA0628.1	POU6F1	ENSG00000184271	1.3800000000000001	0.0	0.95	1.29	0.54
MA0630.1	SHOX	ENSG00000185960	0.0	0.0	0.0	0.0	0.02
MA0634.1	ALX3	ENSG00000156150	0.02	0.0	0.0	0.0	0.0
MA0635.1	BARHL2	ENSG00000143032	0.07	0.07	0.03	0.0	0.0
MA0636.1	BHLHE41	ENSG00000123095	0.0	0.0	0.0	0.0	0.0
MA0637.1	CENPB	ENSG00000125817	20.39	20.39	21.86	1.63	1.23
MA0638.1	CREB3	ENSG00000107175	12.88	0.0	15.049999999999999	33.33	30.68
MA0639.1	DBP	ENSG00000105516	3.69	3.7	4.85	4.5	5.62
MA0640.1	ELF3	ENSG00000163435	0.16999999999999998	0.17	0.05	0.6200000000000001	0.31
MA0641.1	ELF4	ENSG00000102034	24.47	24.48	25.21	14.830000000000002	16.16
MA0642.1	EN2	ENSG00000164778	0.09	0.09	0.02	0.0	0.0
MA0644.1	ESX1	ENSG00000123576	0.0	0.0	0.0	0.0	0.0
MA0645.1	ETV6	ENSG00000139083	7.71	7.71	7.41	5.06	6.14
MA0646.1	GCM1	ENSG00000137270	0.01	0.01	0.02	0.0	0.0
MA0647.1	GRHL1	ENSG00000134317	1.8	1.8	1.8	0.43999999999999995	0.41
MA0648.1	GSC	ENSG00000133937	0.0	0.0	0.0	0.0	0.0
MA0649.1	HEY2	ENSG00000135547	0.0	0.0	0.08	0.39	0.11
MA0650.1	HOXA13	ENSG00000106031	0.0	0.0	0.0	0.0	0.0
MA0651.1	HOXC11	ENSG00000123388	0.02	0.02	0.0	0.0	0.0
MA0652.1	IRF8	ENSG00000140968	0.0	0.0	0.0	97.69999999999999	82.5
MA0653.1	IRF9	ENSG00000285048	0.0	0.0	0.0	0.0	0.0
MA0654.1	ISX	ENSG00000175329	0.44000000000000006	0.44	0.43000000000000005	0.55	0.22
MA0655.1	JDP2	ENSG00000140044	10.77	10.78	7.94	8.65	8.559999999999999
MA0656.1	JDP2	ENSG00000140044	10.77	10.78	7.94	8.65	8.559999999999999
MA0657.1	KLF13	ENSG00000169926	4.359999999999999	0.0	5.62	21.08	16.02
MA0658.1	LHX6	ENSG00000106852	5.72	5.72	4.57	0.0	0.0
MA0659.1	MAFG	ENSG00000197063	20.47	20.46	18.92	1.89	2.16
MA0660.1	MEF2B	ENSG00000213999	1.09	1.08	1.14	8.05	8.97
MA0661.1	MEOX1	ENSG00000005102	0.0	0.0	0.0	0.7200000000000001	0.2
MA0662.1	MIXL1	ENSG00000185155	0.0	0.0	0.01	0.18000000000000002	0.2
MA0663.1	MLX	ENSG00000108788	53.72	53.72	48.510000000000005	39.949999999999996	37.49999999999999
MA0664.1	MLXIPL	ENSG00000009950	2.3799999999999994	2.38	2.37	0.0	0.05
MA0665.1	MSC	ENSG00000178860	0.03	0.03	0.08	127.58	119.26
MA0666.1	MSX1	ENSG00000163132	3.89	3.89	3.39	0.22	0.02
MA0667.1	MYF6	ENSG00000111046	0.0	0.0	0.0	0.0	0.0
MA0668.1	NEUROD2	ENSG00000171532	0.0	0.0	0.0	0.0	0.0
MA0669.1	NEUROG2	ENSG00000178403	0.01	0.01	0.02	0.52	0.52
MA0670.1	NFIA	ENSG00000162599	12.03	12.02	10.7	0.01	0.0
MA0671.1	NFIX	ENSG00000008441	3.67	3.67	3.15	0.42	0.39
MA0672.1	NKX2-3	ENSG00000119919	0.0	0.0	0.0	0.0	0.0
MA0673.1	NKX2-8	ENSG00000136327	0.0	0.0	0.0	0.0	0.0
MA0674.1	NKX6-1	ENSG00000163623	0.0	0.0	0.0	0.01	0.0
MA0675.1	NKX6-2	ENSG00000148826	0.0	0.0	0.08	0.36	0.04
MA0678.1	OLIG2	ENSG00000205927	0.0	0.0	0.0	0.01	0.0
MA0679.1	ONECUT1	ENSG00000169856	0.02	0.02	0.0	0.0	0.0
MA0680.1	PAX7	ENSG00000009709	0.0	0.0	0.0	0.0	0.0
MA0683.1	POU4F2	ENSG00000151615	0.01	0.01	0.0	0.0	0.0
MA0684.1	RUNX3	ENSG00000020633	0.16	0.16	0.21	24.96	26.91
MA0685.1	SP4	ENSG00000105866	0.67	0.0	0.5599999999999999	8.83	9.81
MA0686.1	SPDEF	ENSG00000124664	0.04	0.04	0.03	0.0	0.0
MA0687.1	SPIC	ENSG00000166211	0.0	0.0	0.0	0.0	0.17
MA0688.1	TBX2	ENSG00000121068	0.0	0.0	0.0	0.08	0.01
MA0689.1	TBX20	ENSG00000164532	0.0	0.0	0.0	0.0	0.0
MA0690.1	TBX21	ENSG00000073861	0.01	0.01	0.0	0.41	1.32
MA0691.1	TFAP4	ENSG00000090447	17.4	17.4	15.110000000000001	2.91	3.7100000000000004
MA0692.1	TFEB	ENSG00000112561	1.6700000000000002	1.67	2.0900000000000003	42.050000000000004	47.05
MA0693.2	VDR	ENSG00000111424	1.19	1.19	1.46	1.71	2.16
MA0694.1	ZBTB7B	ENSG00000160685	8.8	8.8	8.38	1.87	2.02
MA0695.1	ZBTB7C	ENSG00000184828	0.01	0.01	0.0	0.0	0.0
MA0696.1	ZIC1	ENSG00000152977	0.08	0.08	0.06999999999999999	0.1	0.0
MA0697.1	ZIC3	ENSG00000156925	0.0	0.0	0.0	0.0	0.02
MA0698.1	ZBTB18	ENSG00000179456	0.41000000000000003	0.41	0.43	0.22	0.29
MA0699.1	LBX2	ENSG00000179528	2.24	2.25	2.5	0.03	0.16
MA0700.1	LHX2	ENSG00000106689	0.0	0.0	0.02	1.11	2.0700000000000003
MA0701.1	LHX9	ENSG00000143355	0.0	0.0	0.02	0.02	0.02
MA0702.1	LMX1A	ENSG00000162761	0.0	0.0	0.0	0.0	0.0
MA0703.1	LMX1B	ENSG00000136944	0.0	0.0	0.0	0.0	0.0
MA0706.1	MEOX2	ENSG00000106511	0.0	0.0	0.01	0.0	0.0
MA0707.1	MNX1	ENSG00000130675	2.9299999999999997	2.93	3.35	0.27	0.25
MA0708.1	MSX2	ENSG00000120149	0.0	0.0	0.0	0.0	0.0
MA0710.1	NOTO	ENSG00000214513	0.0	0.0	0.0	0.01	0.0
MA0711.1	OTX1	ENSG00000115507	2.23	2.23	2.06	0.19	0.28
MA0712.1	OTX2	ENSG00000165588	0.0	0.0	0.01	0.0	0.02
MA0713.1	PHOX2A	ENSG00000165462	0.0	0.0	0.0	0.0	0.0
MA0714.1	PITX3	ENSG00000107859	0.26	0.26	0.16999999999999998	0.0	0.0
MA0715.1	PROP1	ENSG00000274382	0.0	0.0	0.0	0.0	0.0
MA0716.1	PRRX1	ENSG00000116132	0.0	0.0	0.0	1.7999999999999998	0.52
MA0717.1	RAX2	ENSG00000173976	0.0	0.0	0.0	0.0	0.0
MA0718.1	RAX	ENSG00000134438	0.0	0.0	0.0	0.0	0.0
MA0719.1	RHOXF1	ENSG00000101883	0.05	0.05	0.04	0.0	0.0
MA0721.1	UNCX	ENSG00000164853	0.0	0.0	0.0	0.0	0.0
MA0722.1	VAX1	ENSG00000148704	0.0	0.0	0.0	0.0	0.0
MA0723.1	VAX2	ENSG00000116035	0.0	0.0	0.0	0.0	0.0
MA0724.1	VENTX	ENSG00000151650	0.34	0.34	0.31	0.0	0.04
MA0725.1	VSX1	ENSG00000100987	0.02	0.02	0.0	0.0	0.0
MA0726.1	VSX2	ENSG00000119614	0.01	0.01	0.0	0.0	0.0
MA0727.1	NR3C2	ENSG00000151623	0.04	0.05	0.01	0.03	0.04
MA0729.1	RARA	ENSG00000131759	10.5	10.5	10.26	10.07	12.17
MA0730.1	RARA	ENSG00000131759	10.5	10.5	10.26	10.07	12.17
MA0731.1	BCL6B	ENSG00000161940	2.6799999999999997	2.68	2.32	0.18	0.0
MA0732.1	EGR3	ENSG00000179388	0.05	0.05	0.06	0.35	0.34
MA0733.1	EGR4	ENSG00000135625	0.0	0.0	0.02	0.0	0.0
MA0734.1	GLI2	ENSG00000074047	0.0	0.0	0.0	0.0	0.01
MA0735.1	GLIS1	ENSG00000174332	0.01	0.01	0.0	0.0	0.0
MA0736.1	GLIS2	ENSG00000274636	0.0	0.0	0.0	0.0	0.0
MA0737.1	GLIS3	ENSG00000107249	0.28	0.0	0.17	0.06999999999999999	0.1
MA0738.1	HIC2	ENSG00000169635	18.19	18.19	17.69	0.31	0.26
MA0740.1	KLF14	ENSG00000266265	0.0	0.0	0.0	0.0	0.0
MA0741.1	KLF16	ENSG00000129911	15.59	15.6	17.43	1.6600000000000001	2.02
MA0743.1	SCRT1	ENSG00000284923	0.0	0.0	0.0	0.0	0.0
MA0744.1	SCRT2	ENSG00000215397	0.21	0.21	0.28	0.0	0.0
MA0745.1	SNAI2	ENSG00000019549	0.0	0.0	0.0	0.0	0.19
MA0746.1	SP3	ENSG00000172845	17.66	0.0	14.270000000000001	28.049999999999997	28.330000000000002
MA0747.1	SP8	ENSG00000164651	0.2	0.2	0.11	0.0	0.0
MA0748.1	YY2	ENSG00000230797	0.56	0.56	0.42	0.4	0.66
MA0749.1	ZBED1	ENSG00000214717	7.140000000000001	7.15	6.35	34.980000000000004	38.53
MA0750.1	ZBTB7A	ENSG00000178951	7.47	7.47	7.529999999999999	1.83	1.57
MA0750.2	ZBTB7A	ENSG00000178951	7.47	7.47	7.529999999999999	1.83	1.57
MA0751.1	ZIC4	ENSG00000174963	0.07	0.07	0.0	0.0	0.0
MA0752.1	ZNF410	ENSG00000119725	25.669999999999995	0.0	24.56	43.23	41.9
MA0753.1	ZNF740	ENSG00000139651	6.340000000000001	6.34	6.329999999999999	3.8999999999999995	4.45
MA0754.1	CUX1	ENSG00000257923	16.06	0.0	14.44	17.54	22.140000000000004
MA0755.1	CUX2	ENSG00000111249	0.0	0.0	0.0	0.75	0.43000000000000005
MA0756.1	ONECUT2	ENSG00000119547	0.83	0.83	0.63	0.01	0.01
MA0757.1	ONECUT3	ENSG00000205922	0.03	0.03	0.03	0.0	0.0
MA0758.1	E2F7	ENSG00000165891	3.12	3.12	2.48	22.63	19.67
MA0759.1	ELK3	ENSG00000111145	1.83	1.83	1.96	1.0	0.69
MA0760.1	ERF	ENSG00000105722	17.85	17.85	16.599999999999998	7.09	7.069999999999999
MA0761.1	ETV1	ENSG00000006468	10.819999999999999	10.82	7.59	0.09	0.22
MA0762.1	ETV2	ENSG00000105672	1.77	1.76	2.43	1.39	0.42
MA0763.1	ETV3	ENSG00000117036	4.2	4.19	3.5799999999999996	2.13	2.8399999999999994
MA0764.1	ETV4	ENSG00000175832	34.63	34.64	38.47999999999999	2.1199999999999997	1.48
MA0765.1	ETV5	ENSG00000244405	11.0	10.99	10.93	14.489999999999998	11.53
MA0766.1	GATA5	ENSG00000130700	0.18	0.18	0.33	0.01	0.01
MA0767.1	GCM2	ENSG00000124827	0.04	0.04	0.02	0.0	0.0
MA0768.1	LEF1	ENSG00000138795	28.28	28.27	30.91	16.52	13.169999999999998
MA0770.1	HSF2	ENSG00000025156	15.86	15.86	12.139999999999999	14.36	12.88
MA0771.1	HSF4	ENSG00000102878	2.92	2.92	3.169999999999999	0.8299999999999998	0.5800000000000001
MA0772.1	IRF7	ENSG00000276561	0.0	0.0	0.0	0.0	0.0
MA0773.1	MEF2D	ENSG00000116604	4.32	4.31	4.3	15.949999999999998	35.06
MA0774.1	MEIS2	ENSG00000134138	24.09	24.11	24.03	11.490000000000002	13.36
MA0775.1	MEIS3	ENSG00000105419	0.37	0.37	0.21	0.02	0.18
MA0776.1	MYBL1	ENSG00000185697	0.08	0.08	0.13	1.6800000000000002	1.7000000000000002
MA0777.1	MYBL2	ENSG00000101057	107.63	107.63	110.96	13.67	34.85
MA0778.1	NFKB2	ENSG00000077150	6.64	0.0	5.58	23.060000000000002	25.28
MA0779.1	PAX1	ENSG00000125813	0.0	0.0	0.0	0.0	0.0
MA0780.1	PAX3	ENSG00000135903	0.11	0.0	0.04	0.03	0.0
MA0781.1	PAX9	ENSG00000198807	0.6799999999999999	0.68	0.54	0.0	0.09
MA0782.1	PKNOX1	ENSG00000160199	12.71	12.71	10.67	18.799999999999997	16.549999999999997
MA0783.1	PKNOX2	ENSG00000165495	0.01	0.01	0.0	0.0	0.0
MA0784.1	POU1F1	ENSG00000064835	0.0	0.0	0.0	0.0	0.0
MA0785.1	POU2F1	ENSG00000143190	11.860000000000001	0.0	9.35	13.13	17.49
MA0786.1	POU3F1	ENSG00000185668	0.05	0.05	0.02	0.04	0.04
MA0787.1	POU3F2	ENSG00000184486	0.07	0.07	0.04	0.0	0.01
MA0788.1	POU3F3	ENSG00000198914	0.0	0.0	0.0	0.01	0.0
MA0789.1	POU3F4	ENSG00000196767	0.0	0.0	0.0	0.0	0.0
MA0790.1	POU4F1	ENSG00000152192	0.72	0.72	0.68	0.0	0.01
MA0791.1	POU4F3	ENSG00000091010	0.12	0.0	0.02	0.0	0.11
MA0792.1	POU5F1B	ENSG00000212993	0.01	0.0	0.0	0.01	0.01
MA0793.1	POU6F2	ENSG00000106536	0.61	0.6	0.57	0.01	0.0
MA0794.1	PROX1	ENSG00000117707	0.01	0.01	0.01	0.02	0.02
MA0795.1	SMAD3	ENSG00000166949	5.86	5.86	5.829999999999999	4.84	6.31
MA0796.1	TGIF1	ENSG00000177426	29.26	29.25	25.740000000000002	3.08	5.66
MA0797.1	TGIF2	ENSG00000118707	9.53	9.54	10.09	18.93	30.320000000000004
MA0798.1	RFX3	ENSG00000080298	1.6300000000000001	1.63	1.25	5.58	6.670000000000001
MA0799.1	RFX4	ENSG00000111783	0.0	0.0	0.0	0.0	0.01
MA0800.1	EOMES	ENSG00000163508	0.0	0.0	0.0	0.89	1.4100000000000001
MA0801.1	MGA	ENSG00000174197	3.92	3.92	3.29	15.14	17.26
MA0802.1	TBR1	ENSG00000136535	0.0	0.0	0.0	0.0	0.0
MA0803.1	TBX15	ENSG00000092607	8.91	8.91	6.82	0.78	1.03
MA0804.1	TBX19	ENSG00000143178	1.0899999999999999	1.09	1.23	0.34	0.94
MA0805.1	TBX1	ENSG00000184058	9.13	0.0	9.1	0.0	0.0
MA0806.1	TBX4	ENSG00000121075	0.0	0.0	0.0	0.0	0.0
MA0807.1	TBX5	ENSG00000089225	0.0	0.0	0.0	0.01	0.03
MA0808.1	TEAD3	ENSG00000007866	4.73	0.0	4.82	0.08	0.14
MA0809.1	TEAD4	ENSG00000197905	18.49	18.49	19.199999999999996	0.13999999999999999	0.02
MA0810.1	TFAP2A	ENSG00000137203	0.22	0.22	0.29000000000000004	0.19	0.15
MA0811.1	TFAP2B	ENSG00000008196	0.0	0.0	0.0	0.1	0.0
MA0812.1	TFAP2B	ENSG00000008196	0.0	0.0	0.0	0.1	0.0
MA0813.1	TFAP2B	ENSG00000008196	0.0	0.0	0.0	0.1	0.0
MA0814.1	TFAP2C	ENSG00000087510	0.0	0.0	0.02	0.0	0.0
MA0815.1	TFAP2C	ENSG00000087510	0.0	0.0	0.02	0.0	0.0
MA0817.1	BHLHE23	ENSG00000125533	0.0	0.0	0.0	0.0	0.0
MA0818.1	BHLHE22	ENSG00000180828	0.0	0.0	0.0	0.14	0.3
MA0819.1	CLOCK	ENSG00000134852	4.43	4.42	4.06	4.76	9.27
MA0820.1	FIGLA	ENSG00000183733	0.0	0.0	0.0	0.0	0.0
MA0821.1	HES5	ENSG00000273529	0.0	0.0	0.0	0.0	0.0
MA0822.1	HES7	ENSG00000179111	0.33999999999999997	0.33	0.24000000000000002	0.06	0.06
MA0823.1	HEY1	ENSG00000164683	5.42	5.42	4.92	0.59	0.9199999999999999
MA0824.1	ID4	ENSG00000172201	0.0	0.0	0.0	0.01	0.06
MA0825.1	MNT	ENSG00000070444	3.3099999999999996	3.31	2.98	2.3899999999999997	3.02
MA0826.1	OLIG1	ENSG00000184221	0.0	0.0	0.0	0.0	0.1
MA0827.1	OLIG3	ENSG00000177468	0.0	0.0	0.0	0.0	0.03
MA0828.1	SREBF2	ENSG00000198911	18.419999999999998	18.42	17.76	58.97	65.06
MA0830.1	TCF4	ENSG00000196628	11.33	0.0	9.21	16.299999999999997	22.869999999999997
MA0831.1	TFE3	ENSG00000068323	13.879999999999999	13.88	14.049999999999999	8.6	9.89
MA0831.2	TFE3	ENSG00000068323	13.879999999999999	13.88	14.049999999999999	8.6	9.89
MA0833.1	ATF4	ENSG00000128272	574.4200000000001	574.42	557.77	150.05999999999997	140.41000000000003
MA0834.1	ATF7	ENSG00000170653	15.11	15.11	16.37	21.45	23.860000000000003
MA0835.1	BATF3	ENSG00000123685	5.19	5.19	5.0200000000000005	9.600000000000001	16.13
MA0836.1	CEBPD	ENSG00000221869	5.04	5.04	4.65	0.14	0.14
MA0837.1	CEBPE	ENSG00000092067	0.16	0.16	0.09	0.13	0.0
MA0838.1	CEBPG	ENSG00000153879	27.939999999999998	27.95	23.11	19.32	17.76
MA0839.1	CREB3L1	ENSG00000157613	13.32	13.32	12.73	0.35000000000000003	0.19
MA0841.1	NFE2	ENSG00000123405	217.82999999999998	217.83	210.87000000000003	0.0	0.0
MA0842.1	NRL	ENSG00000129535	0.9900000000000001	0.99	1.2600000000000002	0.11	1.77
MA0843.1	TEF	ENSG00000167074	0.36	0.36	0.41	0.91	1.87
MA0844.1	XBP1	ENSG00000100219	59.12	59.12	60.739999999999995	239.82999999999996	247.89000000000001
MA0845.1	FOXB1	ENSG00000171956	0.0	0.0	0.0	0.0	0.0
MA0846.1	FOXC2	ENSG00000176692	0.03	0.0	0.0	0.0	0.0
MA0847.1	FOXD2	ENSG00000186564	0.32	0.32	0.29	0.17	0.18
MA0848.1	FOXO4	ENSG00000184481	6.85	6.85	6.25	0.64	0.76
MA0849.1	FOXO6	ENSG00000204060	0.11	0.0	0.14	0.0	0.0
MA0850.1	FOXP3	ENSG00000049768	0.17	0.17	0.13	0.03	0.03
MA0852.2	FOXK1	ENSG00000164916	4.999999999999999	5.0	4.45	2.39	3.4899999999999998
MA0855.1	RXRB	ENSG00000206289	0.0	0.0	0.0	0.0	0.0
MA0856.1	RXRG	ENSG00000143171	0.0	0.0	0.0	0.05	0.08
MA0861.1	TP73	ENSG00000078900	0.41000000000000003	0.41	0.61	14.820000000000002	23.25
MA0862.1	GMEB2	ENSG00000101216	5.3100000000000005	5.3	4.9	1.42	2.7199999999999998
MA0863.1	MTF1	ENSG00000188786	1.68	1.68	1.76	10.95	11.709999999999999
MA0864.1	E2F2	ENSG00000007968	6.83	6.83	6.44	11.09	13.83
MA0865.1	E2F8	ENSG00000129173	8.12	8.12	6.21	15.569999999999999	18.04
MA0866.1	SOX21	ENSG00000125285	0.02	0.02	0.03	0.0	0.0
MA0867.1	SOX4	ENSG00000124766	0.01	0.01	0.04	26.71	23.92
MA0868.1	SOX8	ENSG00000005513	0.02	0.02	0.0	0.0	0.0
MA0871.1	TFEC	ENSG00000105967	0.01	0.01	0.02	1.6400000000000001	0.8
MA0872.1	TFAP2A	ENSG00000137203	0.22	0.22	0.29000000000000004	0.19	0.15
MA0873.1	HOXD12	ENSG00000170178	0.0	0.0	0.0	0.0	0.0
MA0875.1	BARX1	ENSG00000131668	0.0	0.0	0.02	0.0	0.0
MA0876.1	BSX	ENSG00000188909	0.0	0.0	0.0	0.0	0.0
MA0878.1	CDX1	ENSG00000113722	0.0	0.0	0.0	0.0	0.0
MA0882.1	DLX6	ENSG00000006377	0.0	0.0	0.0	0.0	0.0
MA0884.1	DUXA	ENSG00000258873	0.0	0.0	0.0	0.0	0.0
MA0886.1	EMX2	ENSG00000170370	0.0	0.0	0.0	0.0	0.01
MA0887.1	EVX1	ENSG00000106038	0.0	0.0	0.0	0.02	0.0
MA0888.1	EVX2	ENSG00000174279	0.0	0.0	0.0	0.0	0.0
MA0889.1	GBX1	ENSG00000164900	0.0	0.0	0.0	0.0	0.0
MA0890.1	GBX2	ENSG00000168505	0.16999999999999998	0.17	0.13	0.0	0.0
MA0891.1	GSC2	ENSG00000063515	0.0	0.0	0.0	0.0	0.0
MA0892.1	GSX1	ENSG00000169840	0.0	0.0	0.0	0.0	0.0
MA0893.1	GSX2	ENSG00000180613	0.0	0.0	0.0	0.0	0.0
MA0894.1	HESX1	ENSG00000163666	0.42000000000000004	0.0	0.33999999999999997	1.75	2.45
MA0895.1	HMBOX1	ENSG00000147421	21.83	21.83	25.61	12.350000000000001	13.600000000000001
MA0899.1	HOXA10	ENSG00000253293	0.0	0.0	0.0	0.0	0.0
MA0900.1	HOXA2	ENSG00000105996	0.0	0.0	0.0	0.0	0.0
MA0901.1	HOXB13	ENSG00000159184	0.01	0.01	0.0	0.0	0.0
MA0902.1	HOXB2	ENSG00000173917	46.239999999999995	46.24	46.050000000000004	3.0300000000000002	2.4699999999999998
MA0903.1	HOXB3	ENSG00000120093	4.220000000000001	4.21	3.62	0.27	0.14
MA0905.1	HOXC10	ENSG00000180818	0.54	0.55	0.5700000000000001	0.0	0.0
MA0906.1	HOXC12	ENSG00000123407	0.07	0.07	0.12	0.0	0.0
MA0907.1	HOXC13	ENSG00000123364	0.08	0.08	0.18	0.0	0.0
MA0908.1	HOXD11	ENSG00000128713	0.0	0.0	0.0	0.0	0.0
MA0909.1	HOXD13	ENSG00000128714	0.0	0.0	0.0	0.0	0.0
MA0914.1	ISL2	ENSG00000159556	5.539999999999999	5.54	4.3	0.02	0.03
MA1100.1	ASCL1	ENSG00000139352	0.01	0.01	0.08	21.84	24.6
MA1101.1	BACH2	ENSG00000112182	0.45000000000000007	0.45	0.6000000000000001	0.0	0.01
MA1102.1	CTCFL	ENSG00000124092	67.05	67.04	58.45	0.02	0.16
MA1103.1	FOXK2	ENSG00000141568	20.900000000000002	0.0	21.98	3.39	2.1599999999999997
MA1104.1	GATA6	ENSG00000141448	0.07	0.07	0.04	0.0	0.03
MA1105.1	GRHL2	ENSG00000083307	0.0	0.0	0.0	0.0	0.03
MA1106.1	HIF1A	ENSG00000100644	14.57	14.57	8.41	49.2	52.89
MA1107.1	KLF9	ENSG00000119138	4.01	4.01	3.1	0.17	0.08
MA1108.1	MXI1	ENSG00000119950	10.91	10.9	8.470000000000002	0.05	0.27
MA1109.1	NEUROD1	ENSG00000162992	0.01	0.01	0.0	0.01	0.0
MA1110.1	NR1H4	ENSG00000012504	0.04	0.0	0.0	0.0	0.0
MA1111.1	NR2F2	ENSG00000185551	26.220000000000002	26.22	24.88	2.6399999999999997	1.41
MA1112.1	NR4A1	ENSG00000123358	0.99	0.99	0.7400000000000001	1.69	1.2
MA1113.1	PBX2	ENSG00000232005	0.0	0.0	0.0	0.0	0.0
MA1114.1	PBX3	ENSG00000167081	0.8500000000000001	0.85	0.49	8.120000000000001	7.489999999999999
MA1115.1	POU5F1	ENSG00000206454	0.0	0.0	0.0	0.0	0.0
MA1116.1	RBPJ	ENSG00000168214	19.610000000000003	19.61	19.8	47.029999999999994	48.160000000000004
MA1117.1	RELB	ENSG00000104856	0.75	0.75	0.59	6.09	8.739999999999998
MA1118.1	SIX1	ENSG00000126778	0.16999999999999998	0.0	0.29	0.01	0.0
MA1119.1	SIX2	ENSG00000170577	0.0	0.0	0.0	0.0	0.0
MA1120.1	SOX13	ENSG00000143842	0.03	0.03	0.08	0.0	0.03
MA1121.1	TEAD2	ENSG00000074219	10.440000000000001	10.44	10.52	0.08	0.1
MA1122.1	TFDP1	ENSG00000198176	73.87	73.87	79.96	34.06	29.830000000000002
MA1123.1	TWIST1	ENSG00000122691	0.29	0.29	0.18	0.0	0.0
MA1124.1	ZNF24	ENSG00000172466	21.55	21.55	18.07	23.060000000000002	22.120000000000005
MA1125.1	ZNF384	ENSG00000126746	18.63	18.62	18.279999999999998	24.99	23.709999999999997
MA1126.1	FOS	ENSG00000170345	4.76	4.75	6.06	0.31	0.52
MA1127.1	FOSB	ENSG00000125740	0.36	0.35	0.22	0.64	0.35
MA1128.1	FOSL1	ENSG00000175592	21.75	21.75	24.45	4.01	3.94
MA1129.1	FOSL1	ENSG00000175592	21.75	21.75	24.45	4.01	3.94
MA1130.1	FOSL2	ENSG00000075426	0.44999999999999996	0.45	0.75	0.08	0.1
MA1131.1	FOSL2	ENSG00000075426	0.44999999999999996	0.45	0.75	0.08	0.1
MA1132.1	JUN	ENSG00000177606	4.74	4.74	4.78	2.7	2.89
MA1133.1	JUN	ENSG00000177606	4.74	4.74	4.78	2.7	2.89
MA1134.1	FOS	ENSG00000170345	4.76	4.75	6.06	0.31	0.52
MA1135.1	FOSB	ENSG00000125740	0.36	0.35	0.22	0.64	0.35
MA1136.1	FOSB	ENSG00000125740	0.36	0.35	0.22	0.64	0.35
MA1137.1	FOSL1	ENSG00000175592	21.75	21.75	24.45	4.01	3.94
MA1138.1	FOSL2	ENSG00000075426	0.44999999999999996	0.45	0.75	0.08	0.1
MA1139.1	FOSL2	ENSG00000075426	0.44999999999999996	0.45	0.75	0.08	0.1
MA1140.1	JUNB	ENSG00000171223	22.58	22.58	19.67	71.05	76.4
MA1141.1	FOS	ENSG00000170345	4.76	4.75	6.06	0.31	0.52
MA1142.1	FOSL1	ENSG00000175592	21.75	21.75	24.45	4.01	3.94
MA1143.1	FOSL1	ENSG00000175592	21.75	21.75	24.45	4.01	3.94
MA1144.1	FOSL2	ENSG00000075426	0.44999999999999996	0.45	0.75	0.08	0.1
MA1145.1	FOSL2	ENSG00000075426	0.44999999999999996	0.45	0.75	0.08	0.1
MA1146.1	NR1A4	nan	0.0	0.0	0.0	0.0	0.0
MA1147.1	NR4A2	ENSG00000153234	1.19	1.19	1.21	0.36	0.36000000000000004
MA1148.1	PPARA	ENSG00000186951	1.27	1.26	1.69	2.4999999999999996	1.92
MA1149.1	RARA	ENSG00000131759	10.5	10.5	10.26	10.07	12.17
MA1150.1	RORB	ENSG00000198963	0.0	0.0	0.0	0.0	0.0
MA1151.1	RORC	ENSG00000143365	0.0	0.0	0.01	0.0	0.0
MA1152.1	SOX15	ENSG00000129194	0.07	0.07	0.03	0.33	0.41
MA1154.1	ZNF282	ENSG00000170265	13.92	13.92	13.04	1.65	1.71
MA1155.1	ZSCAN4	ENSG00000180532	0.02	0.02	0.0	0.0	0.0
MA1418.1	IRF3	ENSG00000126456	67.90000000000002	67.9	70.32000000000001	46.160000000000004	46.08
MA1419.1	IRF4	ENSG00000137265	0.0	0.0	0.01	233.85	238.03
MA1420.1	IRF5	ENSG00000128604	0.0	0.0	0.03	74.64000000000001	77.91000000000001
MA1421.1	TCF7L1	ENSG00000152284	0.09	0.09	0.07	0.02	0.09
