MA	Gene Name	Ensembl ID	GM12878-ENCFF853TRI	GM12878-ENCFF305QBE	K562-ENCFF332TWQ	K562-ENCFF425PIK	HepG2-ENCFF430KOC	HepG2-ENCFF966SVU	HeLa-S2-ENCFF504AOD	HeLa-S2-ENCFF214ZYK	H1-ENCFF679BHK	H1-ENCFF289GEC	HUVEC-ENCFF211SQP	HUVEC-ENCFF318QVC	NHEK-ENCFF566XEO	NHEK-ENCFF570MJL
MA0002.1	RUNX1	ENSG00000159216	2.8499999999999996	3.4100000000000006	23.790000000000003	12.55	4.2700000000000005	6.18	11.65	7.5200000000000005	0.15000000000000002	0.0	9.879999999999999	12.83	28.72	37.53
MA0003.1	TFAP2A	ENSG00000137203	0.19	0.15	7.62	3.41	0.28	0.15	35.050000000000004	66.89	0.5700000000000001	0.7	0.08	0.0	30.879999999999995	24.390000000000004
MA0003.2	TFAP2A	ENSG00000137203	0.19	0.15	7.62	3.41	0.28	0.15	35.050000000000004	66.89	0.5700000000000001	0.7	0.08	0.0	30.879999999999995	24.390000000000004
MA0003.3	TFAP2A	ENSG00000137203	0.19	0.15	7.62	3.41	0.28	0.15	35.050000000000004	66.89	0.5700000000000001	0.7	0.08	0.0	30.879999999999995	24.390000000000004
MA0007.2	AR	ENSG00000169083	0.0	0.01	0.0	0.0	0.0	0.03	0.0	0.0	2.86	3.48	4.53	4.030000000000001	0.17	0.22000000000000003
MA0009.2	T	ENSG00000164458	0.0	0.05	0.0	0.0	0.0	0.0	0.0	0.0	0.15000000000000002	0.31	0.0	0.0	0.0	0.0
MA0014.2	PAX5	ENSG00000196092	23.21	26.07	0.08	0.04	0.0	0.0	0.01	0.0	0.25	0.12	0.0	0.0	0.0	0.0
MA0014.3	PAX5	ENSG00000196092	23.21	26.07	0.08	0.04	0.0	0.0	0.01	0.0	0.25	0.12	0.0	0.0	0.0	0.0
MA0017.1	NR2F1	ENSG00000175745	0.01	0.04	0.0	0.0	70.71000000000001	77.00999999999999	26.849999999999998	35.040000000000006	0.14	0.75	45.49	51.12	0.03	0.04
MA0017.2	NR2F1	ENSG00000175745	0.01	0.04	0.0	0.0	70.71000000000001	77.00999999999999	26.849999999999998	35.040000000000006	0.14	0.75	45.49	51.12	0.03	0.04
MA0018.1	CREB1	ENSG00000118260	38.44	30.6	24.58	26.04	26.5	27.78	10.21	10.63	42.089999999999996	56.92	26.25	28.75	12.789999999999997	29.540000000000006
MA0018.2	CREB1	ENSG00000118260	38.44	30.6	24.58	26.04	26.5	27.78	10.21	10.63	42.089999999999996	56.92	26.25	28.75	12.789999999999997	29.540000000000006
MA0018.3	CREB1	ENSG00000118260	38.44	30.6	24.58	26.04	26.5	27.78	10.21	10.63	42.089999999999996	56.92	26.25	28.75	12.789999999999997	29.540000000000006
MA0024.1	E2F1	ENSG00000101412	2.03	2.55	20.6	15.46	16.49	13.53	37.34	89.23	21.0	21.41	11.75	12.7	0.9	0.56
MA0024.2	E2F1	ENSG00000101412	2.03	2.55	20.6	15.46	16.49	13.53	37.34	89.23	21.0	21.41	11.75	12.7	0.9	0.56
MA0024.3	E2F1	ENSG00000101412	2.03	2.55	20.6	15.46	16.49	13.53	37.34	89.23	21.0	21.41	11.75	12.7	0.9	0.56
MA0025.1	NFIL3	ENSG00000165030	0.05	0.0	24.58	15.58	121.11	176.84	44.02	9.23	10.92	10.17	18.13	13.11	4.09	7.6
MA0027.2	EN1	ENSG00000163064	0.0	0.0	2.73	0.8200000000000001	0.0	0.03	0.0	0.0	0.32	0.07	0.0	0.0	0.17	0.04
MA0028.1	ELK1	ENSG00000126767	39.39999999999999	41.56	18.009999999999998	16.18	2.69	6.72	56.95	61.06	9.84	12.99	13.16	11.19	11.83	10.89
MA0028.2	ELK1	ENSG00000126767	39.39999999999999	41.56	18.009999999999998	16.18	2.69	6.72	56.95	61.06	9.84	12.99	13.16	11.19	11.83	10.89
MA0030.1	FOXF2	ENSG00000137273	0.02	0.0	0.0	0.0	0.0	0.0	2.11	3.2	0.0	0.0	0.0	0.0	0.39	0.38
MA0031.1	FOXD1	ENSG00000251493	0.0	0.01	0.0	0.07	0.0	0.0	0.56	0.39	0.12	0.0	0.0	0.0	4.43	3.5500000000000003
MA0032.1	FOXC1	ENSG00000054598	0.07	0.02	0.0	0.0	0.3	0.41	17.68	24.48	0.09	0.0	3.06	3.05	2.0	3.61
MA0032.2	FOXC1	ENSG00000054598	0.07	0.02	0.0	0.0	0.3	0.41	17.68	24.48	0.09	0.0	3.06	3.05	2.0	3.61
MA0033.1	FOXL1	ENSG00000176678	0.0	0.0	0.0	0.0	0.02	0.0	11.1	11.23	0.0	0.0	1.3599999999999999	0.61	0.06	0.07
MA0033.2	FOXL1	ENSG00000176678	0.0	0.0	0.0	0.0	0.02	0.0	11.1	11.23	0.0	0.0	1.3599999999999999	0.61	0.06	0.07
MA0036.1	GATA2	ENSG00000179348	0.02	0.04	85.1	99.45	3.6500000000000004	5.36	39.71	49.99	0.23	0.06	47.82	55.51	0.0	0.0
MA0036.2	GATA2	ENSG00000179348	0.02	0.04	85.1	99.45	3.6500000000000004	5.36	39.71	49.99	0.23	0.06	47.82	55.51	0.0	0.0
MA0036.3	GATA2	ENSG00000179348	0.02	0.04	85.1	99.45	3.6500000000000004	5.36	39.71	49.99	0.23	0.06	47.82	55.51	0.0	0.0
MA0037.1	GATA3	ENSG00000107485	0.61	0.21	0.0	0.0	0.0	0.0	0.0	0.0	0.06	0.21	4.84	4.140000000000001	4.56	4.1
MA0037.2	GATA3	ENSG00000107485	0.61	0.21	0.0	0.0	0.0	0.0	0.0	0.0	0.06	0.21	4.84	4.140000000000001	4.56	4.1
MA0037.3	GATA3	ENSG00000107485	0.61	0.21	0.0	0.0	0.0	0.0	0.0	0.0	0.06	0.21	4.84	4.140000000000001	4.56	4.1
MA0039.3	KLF4	ENSG00000136826	0.16	0.15	0.2	0.14	0.09	0.49	13.64	6.2	0.26	0.31999999999999995	0.78	0.23	13.87	18.880000000000003
MA0042.1	FOXI1	ENSG00000168269	0.0	0.0	0.0	0.0	0.0	0.0	0.0	0.0	0.06	0.0	0.0	0.0	0.0	0.0
MA0042.2	FOXI1	ENSG00000168269	0.0	0.0	0.0	0.0	0.0	0.0	0.0	0.0	0.06	0.0	0.0	0.0	0.0	0.0
MA0043.1	HLF	ENSG00000108924	0.16	0.26	0.13	0.44	228.37	291.98	0.8499999999999999	0.22000000000000003	0.0	0.0	0.05	0.11	0.05	0.11000000000000001
MA0043.2	HLF	ENSG00000108924	0.16	0.26	0.13	0.44	228.37	291.98	0.8499999999999999	0.22000000000000003	0.0	0.0	0.05	0.11	0.05	0.11000000000000001
MA0046.2	HNF1A	ENSG00000135100	0.0	0.0	0.0	0.0	9.139999999999999	9.940000000000001	0.09	0.3	0.0	0.04	0.0	0.0	0.0	0.0
MA0048.1	NHLH1	ENSG00000171786	0.37	0.18	0.25	0.02	0.0	0.03	0.04	0.09	0.14	0.35	0.0	0.0	0.02	0.09
MA0048.2	NHLH1	ENSG00000171786	0.37	0.18	0.25	0.02	0.0	0.03	0.04	0.09	0.14	0.35	0.0	0.0	0.02	0.09
MA0050.1	IRF1	ENSG00000125347	56.230000000000004	51.80000000000001	7.900000000000001	5.300000000000001	1.07	0.97	3.99	4.1000000000000005	2.67	3.48	2.7499999999999996	3.3600000000000003	4.24	4.199999999999999
MA0050.2	IRF1	ENSG00000125347	56.230000000000004	51.80000000000001	7.900000000000001	5.300000000000001	1.07	0.97	3.99	4.1000000000000005	2.67	3.48	2.7499999999999996	3.3600000000000003	4.24	4.199999999999999
MA0051.1	IRF2	ENSG00000168310	48.18999999999999	52.61000000000001	14.46	10.42	23.039999999999996	32.35	18.83	18.929999999999996	13.01	9.88	17.85	14.579999999999998	12.440000000000001	16.4
MA0052.1	MEF2A	ENSG00000068305	22.24	24.029999999999998	10.87	11.82	53.910000000000004	53.92	76.36999999999999	61.71	18.029999999999998	20.94	57.1	78.71999999999998	10.07	16.73
MA0052.2	MEF2A	ENSG00000068305	22.24	24.029999999999998	10.87	11.82	53.910000000000004	53.92	76.36999999999999	61.71	18.029999999999998	20.94	57.1	78.71999999999998	10.07	16.73
MA0052.3	MEF2A	ENSG00000068305	22.24	24.029999999999998	10.87	11.82	53.910000000000004	53.92	76.36999999999999	61.71	18.029999999999998	20.94	57.1	78.71999999999998	10.07	16.73
MA0056.1	MZF1	ENSG00000099326	4.529999999999999	6.04	4.49	3.07	1.7799999999999998	2.3800000000000003	5.81	8.88	2.69	3.77	1.36	1.3099999999999998	3.28	1.7400000000000002
MA0057.1	MZF1(var.2)	ENSG00000099326	4.529999999999999	6.04	4.49	3.07	1.7799999999999998	2.3800000000000003	5.81	8.88	2.69	3.77	1.36	1.3099999999999998	3.28	1.7400000000000002
MA0058.1	MAX	ENSG00000125952	53.65	52.769999999999996	24.75	33.27000000000001	9.34	17.42	26.38	19.41	26.02	21.8	21.29	23.27	59.11000000000001	66.11
MA0058.2	MAX	ENSG00000125952	53.65	52.769999999999996	24.75	33.27000000000001	9.34	17.42	26.38	19.41	26.02	21.8	21.29	23.27	59.11000000000001	66.11
MA0058.3	MAX	ENSG00000125952	53.65	52.769999999999996	24.75	33.27000000000001	9.34	17.42	26.38	19.41	26.02	21.8	21.29	23.27	59.11000000000001	66.11
MA0059.1	MAX::MYC	ENSG00000125952	53.65	52.769999999999996	24.75	33.27000000000001	9.34	17.42	26.38	19.41	26.02	21.8	21.29	23.27	59.11000000000001	66.11
MA0060.1	NFYA	ENSG00000001167	14.39	14.98	11.850000000000001	20.14	11.149999999999999	15.99	16.61	12.33	19.049999999999997	18.2	15.969999999999999	20.810000000000002	7.46	8.06
MA0060.2	NFYA	ENSG00000001167	14.39	14.98	11.850000000000001	20.14	11.149999999999999	15.99	16.61	12.33	19.049999999999997	18.2	15.969999999999999	20.810000000000002	7.46	8.06
MA0060.3	NFYA	ENSG00000001167	14.39	14.98	11.850000000000001	20.14	11.149999999999999	15.99	16.61	12.33	19.049999999999997	18.2	15.969999999999999	20.810000000000002	7.46	8.06
MA0062.1	GABPA	ENSG00000154727	18.14	20.23	15.56	19.27	6.3999999999999995	6.02	10.620000000000001	9.94	17.42	17.95	12.899999999999999	14.719999999999999	4.12	13.06
MA0065.1	PPARG::RXRA	ENSG00000132170	0.0	0.0	0.2	0.0	23.900000000000002	19.130000000000003	9.62	4.7700000000000005	0.1	0.35	0.0	0.15	2.9299999999999997	3.9200000000000004
MA0066.1	PPARG	ENSG00000132170	0.0	0.0	0.2	0.0	23.900000000000002	19.130000000000003	9.62	4.7700000000000005	0.1	0.35	0.0	0.15	2.9299999999999997	3.9200000000000004
MA0068.2	PAX4	ENSG00000106331	0.0	0.0	0.0	0.0	0.0	0.0	0.0	0.0	0.0	0.0	0.0	0.0	0.0	0.0
MA0069.1	Pax6	ENSG00000007372	0.15	0.11	34.15	7.4399999999999995	0.35	0.6000000000000001	9.11	6.36	0.8400000000000001	0.5700000000000001	0.17	0.14	0.04	0.0
MA0070.1	PBX1	ENSG00000185630	0.02	0.14	0.38	0.52	0.06	0.01	13.3	8.46	53.02000000000001	56.16	1.1800000000000002	1.33	1.57	1.53
MA0071.1	RORA	ENSG00000069667	9.87	13.810000000000002	0.12	0.19	29.82	33.26000000000001	1.9699999999999998	2.03	5.61	6.31	3.27	8.04	3.4500000000000006	4.09
MA0072.1	RORA(var.2)	ENSG00000069667	9.87	13.810000000000002	0.12	0.19	29.82	33.26000000000001	1.9699999999999998	2.03	5.61	6.31	3.27	8.04	3.4500000000000006	4.09
MA0073.1	RREB1	ENSG00000124782	5.800000000000001	7.93	11.849999999999998	14.44	14.57	16.799999999999997	10.13	10.66	7.780000000000001	8.47	7.1499999999999995	5.52	4.22	3.8699999999999997
MA0074.1	RXRA::VDR	ENSG00000186350	22.080000000000002	22.42	8.64	8.899999999999999	24.02	33.8	18.35	15.01	9.9	9.149999999999999	11.049999999999999	9.83	16.73	8.64
MA0076.1	ELK4	ENSG00000158711	3.84	5.13	7.309999999999999	7.449999999999999	20.900000000000002	22.82	44.7	54.33	9.17	11.66	33.7	33.080000000000005	2.66	5.16
MA0076.2	ELK4	ENSG00000158711	3.84	5.13	7.309999999999999	7.449999999999999	20.900000000000002	22.82	44.7	54.33	9.17	11.66	33.7	33.080000000000005	2.66	5.16
MA0077.1	SOX9	ENSG00000125398	0.94	0.92	0.0	0.0	27.0	38.73	0.24	0.0	2.0	1.91	0.0	0.0	14.37	13.66
MA0079.1	SP1	ENSG00000185591	2.76	2.96	15.22	16.25	8.07	8.889999999999999	23.71	28.299999999999997	18.580000000000002	27.43	10.35	13.149999999999999	11.159999999999998	16.49
MA0079.2	SP1	ENSG00000185591	2.76	2.96	15.22	16.25	8.07	8.889999999999999	23.71	28.299999999999997	18.580000000000002	27.43	10.35	13.149999999999999	11.159999999999998	16.49
MA0079.3	SP1	ENSG00000185591	2.76	2.96	15.22	16.25	8.07	8.889999999999999	23.71	28.299999999999997	18.580000000000002	27.43	10.35	13.149999999999999	11.159999999999998	16.49
MA0080.1	SPI1	ENSG00000066336	7.670000000000001	11.879999999999999	25.710000000000004	11.569999999999999	0.0	0.0	0.0	0.0	0.45999999999999996	0.08	0.0	0.0	0.04	0.0
MA0080.2	SPI1	ENSG00000066336	7.670000000000001	11.879999999999999	25.710000000000004	11.569999999999999	0.0	0.0	0.0	0.0	0.45999999999999996	0.08	0.0	0.0	0.04	0.0
MA0080.4	SPI1	ENSG00000066336	7.670000000000001	11.879999999999999	25.710000000000004	11.569999999999999	0.0	0.0	0.0	0.0	0.45999999999999996	0.08	0.0	0.0	0.04	0.0
MA0081.1	SPIB	ENSG00000269404	35.9	47.73	0.17	0.08	0.0	0.0	0.03	0.0	1.7999999999999998	1.85	0.0	0.0	0.0	0.0
MA0083.1	SRF	ENSG00000112658	1.58	1.84	5.99	5.71	4.05	4.77	3.82	3.66	6.14	4.68	3.93	4.59	30.02	21.88
MA0083.2	SRF	ENSG00000112658	1.58	1.84	5.99	5.71	4.05	4.77	3.82	3.66	6.14	4.68	3.93	4.59	30.02	21.88
MA0083.3	SRF	ENSG00000112658	1.58	1.84	5.99	5.71	4.05	4.77	3.82	3.66	6.14	4.68	3.93	4.59	30.02	21.88
MA0084.1	SRY	ENSG00000184895	0.0	0.0	0.0	0.0	1.76	0.59	0.0	0.0	6.61	5.47	0.0	0.07	0.0	0.0
MA0088.2	ZNF143	ENSG00000166478	13.47	16.38	32.690000000000005	33.25	24.87	27.750000000000004	37.29	27.330000000000002	41.44	55.989999999999995	15.579999999999998	25.659999999999997	11.0	20.34
MA0090.1	TEAD1	ENSG00000187079	0.01	0.03	4.640000000000001	4.59	11.38	15.55	19.3	22.1	6.4	11.35	11.89	16.03	15.98	25.990000000000002
MA0090.2	TEAD1	ENSG00000187079	0.01	0.03	4.640000000000001	4.59	11.38	15.55	19.3	22.1	6.4	11.35	11.89	16.03	15.98	25.990000000000002
MA0091.1	TAL1::TCF3	ENSG00000162367	0.0	0.0	17.759999999999998	16.95	0.22	0.07	0.0	0.0	0.16999999999999998	0.0	8.57	7.59	0.0	0.0
MA0093.1	USF1	ENSG00000158773	12.94	9.09	31.48	36.97	10.58	18.86	25.779999999999998	31.550000000000004	31.460000000000004	46.690000000000005	26.31	32.830000000000005	11.870000000000001	11.77
MA0093.2	USF1	ENSG00000158773	12.94	9.09	31.48	36.97	10.58	18.86	25.779999999999998	31.550000000000004	31.460000000000004	46.690000000000005	26.31	32.830000000000005	11.870000000000001	11.77
MA0095.1	YY1	ENSG00000100811	24.509999999999998	27.729999999999997	42.76	72.84	78.97	93.41999999999999	149.53	132.09999999999997	68.65	116.84	94.64	110.55999999999999	27.720000000000002	50.29
MA0095.2	YY1	ENSG00000100811	24.509999999999998	27.729999999999997	42.76	72.84	78.97	93.41999999999999	149.53	132.09999999999997	68.65	116.84	94.64	110.55999999999999	27.720000000000002	50.29
MA0098.1	ETS1	ENSG00000134954	19.97	17.990000000000002	7.6	0.77	0.38	0.54	6.890000000000001	5.36	9.299999999999999	19.89	37.330000000000005	36.88	21.419999999999998	28.600000000000005
MA0098.3	ETS1	ENSG00000134954	19.97	17.990000000000002	7.6	0.77	0.38	0.54	6.890000000000001	5.36	9.299999999999999	19.89	37.330000000000005	36.88	21.419999999999998	28.600000000000005
MA0099.2	FOS::JUN	ENSG00000170345	0.31	0.52	17.04	20.950000000000003	11.219999999999999	15.279999999999998	618.46	449.52	69.78	138.86	3.88	9.670000000000002	54.01999999999999	48.96999999999999
MA0099.3	FOS::JUN	ENSG00000170345	0.31	0.52	17.04	20.950000000000003	11.219999999999999	15.279999999999998	618.46	449.52	69.78	138.86	3.88	9.670000000000002	54.01999999999999	48.96999999999999
MA0100.3	MYB	ENSG00000118513	10.140000000000002	19.059999999999995	247.27	268.46999999999997	0.0	0.05	2.3799999999999994	4.140000000000001	17.669999999999998	12.059999999999999	0.0	0.27	0.0	0.01
MA0101.1	REL	ENSG00000162924	15.41	17.13	3.29	4.77	5.09	3.7800000000000002	5.39	8.01	2.39	3.0900000000000003	7.680000000000001	6.33	3.0700000000000003	5.7
MA0102.3	CEBPA	ENSG00000245848	0.0	0.0	0.07	0.05	3.7	3.43	0.38	0.32	0.18	0.27	0.0	0.0	1.44	1.04
MA0103.2	ZEB1	ENSG00000148516	20.919999999999998	19.000000000000004	3.0	3.3699999999999997	11.700000000000001	14.459999999999997	7.910000000000001	6.26	0.18	0.36	51.760000000000005	52.31	0.2	0.26
MA0103.3	ZEB1	ENSG00000148516	20.919999999999998	19.000000000000004	3.0	3.3699999999999997	11.700000000000001	14.459999999999997	7.910000000000001	6.26	0.18	0.36	51.760000000000005	52.31	0.2	0.26
MA0104.4	MYCN	ENSG00000134323	0.03	0.02	0.0	0.0	0.0	0.0	0.0	0.0	41.73	46.64	0.72	0.11	0.0	0.02
MA0105.1	NFKB1	ENSG00000109320	6.909999999999999	6.8999999999999995	7.9799999999999995	13.64	16.77	16.319999999999997	21.03	20.27	3.24	4.61	25.1	26.189999999999998	12.0	15.72
MA0105.2	NFKB1	ENSG00000109320	6.909999999999999	6.8999999999999995	7.9799999999999995	13.64	16.77	16.319999999999997	21.03	20.27	3.24	4.61	25.1	26.189999999999998	12.0	15.72
MA0105.3	NFKB1	ENSG00000109320	6.909999999999999	6.8999999999999995	7.9799999999999995	13.64	16.77	16.319999999999997	21.03	20.27	3.24	4.61	25.1	26.189999999999998	12.0	15.72
MA0105.4	NFKB1	ENSG00000109320	6.909999999999999	6.8999999999999995	7.9799999999999995	13.64	16.77	16.319999999999997	21.03	20.27	3.24	4.61	25.1	26.189999999999998	12.0	15.72
MA0106.1	TP53	ENSG00000141510	52.02000000000001	59.5	2.63	1.42	6.23	7.44	17.9	13.2	69.06	91.07999999999998	30.71	25.529999999999994	27.63	28.57
MA0106.2	TP53	ENSG00000141510	52.02000000000001	59.5	2.63	1.42	6.23	7.44	17.9	13.2	69.06	91.07999999999998	30.71	25.529999999999994	27.63	28.57
MA0106.3	TP53	ENSG00000141510	52.02000000000001	59.5	2.63	1.42	6.23	7.44	17.9	13.2	69.06	91.07999999999998	30.71	25.529999999999994	27.63	28.57
MA0107.1	RELA	ENSG00000173039	25.509999999999998	33.9	31.16	32.55	21.94	33.74	77.6	75.86	13.209999999999999	14.670000000000002	62.47	51.489999999999995	31.430000000000007	24.259999999999998
MA0112.1	ESR1	ENSG00000091831	0.25	0.3	0.22	0.06	0.0	0.01	0.01	0.0	0.03	0.0	0.13	0.01	0.08	0.19
MA0112.2	ESR1	ENSG00000091831	0.25	0.3	0.22	0.06	0.0	0.01	0.01	0.0	0.03	0.0	0.13	0.01	0.08	0.19
MA0112.3	ESR1	ENSG00000091831	0.25	0.3	0.22	0.06	0.0	0.01	0.01	0.0	0.03	0.0	0.13	0.01	0.08	0.19
MA0113.1	NR3C1	ENSG00000113580	91.23	91.05999999999999	8.639999999999999	10.5	10.23	12.99	22.310000000000002	19.6	1.6199999999999999	2.8	8.01	9.37	9.51	19.330000000000002
MA0113.3	NR3C1	ENSG00000113580	91.23	91.05999999999999	8.639999999999999	10.5	10.23	12.99	22.310000000000002	19.6	1.6199999999999999	2.8	8.01	9.37	9.51	19.330000000000002
MA0114.2	HNF4A	ENSG00000101076	0.0	0.0	1.06	0.03	51.940000000000005	51.01	0.52	0.63	0.0	0.0	0.0	0.0	0.0	0.01
MA0115.1	NR1H2::RXRA	ENSG00000131408	40.580000000000005	42.91	43.73	34.709999999999994	7.74	10.11	33.54	40.93	20.479999999999997	24.279999999999998	25.39	17.44	23.1	15.420000000000002
MA0119.1	NFIC::TLX1	ENSG00000141905	13.73	14.64	20.759999999999998	20.900000000000006	5.55	12.040000000000001	34.42	50.089999999999996	3.4299999999999997	1.28	38.849999999999994	40.01	6.880000000000001	2.7
MA0122.2	NKX3-2	ENSG00000109705	0.0	0.0	0.29	0.15	0.0	0.0	0.0	0.0	0.0	0.0	0.0	0.0	0.01	0.01
MA0124.1	NKX3-1	ENSG00000167034	0.48	0.73	0.09	0.08	1.23	1.29	7.53	3.63	2.1	0.32	0.28	0.51	0.9199999999999999	0.6900000000000001
MA0130.1	ZNF354C	ENSG00000177932	0.01	0.01	0.03	0.02	0.0	0.03	0.0	0.0	0.86	1.38	2.26	1.31	0.77	1.36
MA0131.1	HINFP	ENSG00000172273	13.219999999999999	14.2	21.14	20.72	13.47	20.86	15.62	19.110000000000003	28.420000000000005	31.669999999999998	18.91	12.000000000000002	8.5	9.309999999999999
MA0131.2	HINFP	ENSG00000172273	13.219999999999999	14.2	21.14	20.72	13.47	20.86	15.62	19.110000000000003	28.420000000000005	31.669999999999998	18.91	12.000000000000002	8.5	9.309999999999999
MA0132.2	PDX1	ENSG00000139515	0.03	0.0	0.0	0.0	0.0	0.03	0.0	0.0	0.0	0.0	0.0	0.0	0.0	0.0
MA0136.2	ELF5	ENSG00000135374	0.0	0.0	0.0	0.0	0.31	0.29000000000000004	0.08	0.0	0.0	0.0	0.0	0.0	0.0	0.0
MA0137.1	STAT1	ENSG00000115415	267.26000000000005	251.38	30.770000000000003	32.239999999999995	28.790000000000003	25.74	28.959999999999997	16.450000000000003	38.26	44.06000000000001	81.96000000000001	74.89999999999999	84.10000000000001	131.56
MA0137.2	STAT1	ENSG00000115415	267.26000000000005	251.38	30.770000000000003	32.239999999999995	28.790000000000003	25.74	28.959999999999997	16.450000000000003	38.26	44.06000000000001	81.96000000000001	74.89999999999999	84.10000000000001	131.56
MA0137.3	STAT1	ENSG00000115415	267.26000000000005	251.38	30.770000000000003	32.239999999999995	28.790000000000003	25.74	28.959999999999997	16.450000000000003	38.26	44.06000000000001	81.96000000000001	74.89999999999999	84.10000000000001	131.56
MA0138.1	REST	ENSG00000084093	26.049999999999997	26.52	5.52	7.62	23.1	18.909999999999997	22.439999999999998	20.060000000000002	34.73	36.53	44.83	44.39	7.84	15.53
MA0138.2	REST	ENSG00000084093	26.049999999999997	26.52	5.52	7.62	23.1	18.909999999999997	22.439999999999998	20.060000000000002	34.73	36.53	44.83	44.39	7.84	15.53
MA0139.1	CTCF	ENSG00000102974	8.85	27.490000000000002	22.19	34.14	26.14	25.610000000000003	30.240000000000002	19.05	47.959999999999994	34.7	16.85	23.49	12.749999999999998	18.34
MA0140.2	GATA1::TAL1	ENSG00000102145	0.0	0.0	79.89	76.41	0.0	0.07	0.13	0.11	0.1	0.0	0.0	0.0	0.0	0.0
MA0141.3	ESRRB	ENSG00000119715	0.07	0.0	15.399999999999999	17.62	0.03	0.03	0.0	0.0	0.11	0.0	0.0	0.0	0.01	0.01
MA0144.2	STAT3	ENSG00000168610	71.27	72.08000000000001	100.5	104.37	47.400000000000006	79.88	51.51	66.25	60.129999999999995	87.28999999999999	67.91000000000001	71.03999999999999	33.34	32.800000000000004
MA0145.3	TFCP2	ENSG00000135457	10.92	9.599999999999998	19.490000000000002	33.42	10.48	10.54	22.47	12.72	27.39	40.58	20.22	25.44	15.8	25.23
MA0147.3	MYC	ENSG00000136997	83.34	80.16999999999999	62.620000000000005	97.76000000000002	64.38	98.82	293.11	330.94	16.84	26.049999999999997	76.87	68.68	117.12	110.28
MA0148.1	FOXA1	ENSG00000129514	0.0	0.0	1.6400000000000001	0.52	35.81	60.32	4.98	6.1899999999999995	0.0	0.03	0.09	0.4	0.21000000000000002	0.3
MA0148.2	FOXA1	ENSG00000129514	0.0	0.0	1.6400000000000001	0.52	35.81	60.32	4.98	6.1899999999999995	0.0	0.03	0.09	0.4	0.21000000000000002	0.3
MA0148.3	FOXA1	ENSG00000129514	0.0	0.0	1.6400000000000001	0.52	35.81	60.32	4.98	6.1899999999999995	0.0	0.03	0.09	0.4	0.21000000000000002	0.3
MA0149.1	EWSR1-FLI1	ENSG00000182944	334.96999999999997	367.11999999999995	181.63999999999993	200.25	152.7	172.51	156.91	110.63999999999999	281.5000000000001	239.17999999999998	152.91000000000003	171.16	112.25	130.76
MA0150.1	NFE2L2	ENSG00000116044	39.46999999999999	34.599999999999994	74.14	65.6	146.67	132.66000000000003	72.09	91.89999999999999	31.770000000000003	40.16	67.88	80.36999999999999	96.3	209.22000000000003
MA0152.1	NFATC2	ENSG00000101096	5.58	6.08	5.91	4.69	4.27	5.220000000000001	0.03	0.0	0.6200000000000001	0.2	3.06	3.9500000000000006	0.03	0.09
MA0153.1	HNF1B	ENSG00000276194	0.0	0.0	0.0	0.0	0.0	0.0	0.0	0.0	0.0	0.0	0.0	0.0	0.0	0.0
MA0153.2	HNF1B	ENSG00000276194	0.0	0.0	0.0	0.0	0.0	0.0	0.0	0.0	0.0	0.0	0.0	0.0	0.0	0.0
MA0154.2	EBF1	ENSG00000164330	8.659999999999998	8.11	0.01	0.0	0.0	0.0	0.0	0.0	0.09	0.17	0.0	0.0	0.0	0.0
MA0154.3	EBF1	ENSG00000164330	8.659999999999998	8.11	0.01	0.0	0.0	0.0	0.0	0.0	0.09	0.17	0.0	0.0	0.0	0.0
MA0155.1	INSM1	ENSG00000173404	0.0	0.01	0.0	0.0	0.0	0.0	0.0	0.0	0.27	0.5	0.0	0.0	0.0	0.0
MA0156.1	FEV	ENSG00000163497	0.0	0.0	1.84	1.06	0.0	0.0	0.0	0.0	0.0	0.0	0.0	0.0	0.0	0.0
MA0156.2	FEV	ENSG00000163497	0.0	0.0	1.84	1.06	0.0	0.0	0.0	0.0	0.0	0.0	0.0	0.0	0.0	0.0
MA0157.1	FOXO3	ENSG00000118689	1.7200000000000002	2.01	5.38	4.09	5.46	6.37	7.199999999999999	7.17	4.21	3.5700000000000003	2.86	2.9699999999999998	11.01	14.19
MA0157.2	FOXO3	ENSG00000118689	1.7200000000000002	2.01	5.38	4.09	5.46	6.37	7.199999999999999	7.17	4.21	3.5700000000000003	2.86	2.9699999999999998	11.01	14.19
MA0158.1	HOXA5	ENSG00000106004	0.13	0.0	0.0	0.0	4.140000000000001	7.0600000000000005	4.32	3.91	0.0	0.0	18.29	24.44	2.41	3.53
MA0159.1	RARA::RXRA	ENSG00000131759	10.07	12.17	27.380000000000003	34.35	36.85	44.199999999999996	70.64	46.36	15.28	14.120000000000001	71.97000000000001	58.699999999999996	4.629999999999999	2.87
MA0160.1	NR4A2	ENSG00000153234	0.36	0.36000000000000004	1.0799999999999998	1.09	0.0	0.0	16.55	6.720000000000001	0.11	0.22	0.41000000000000003	0.47000000000000003	1.2700000000000002	1.06
MA0161.1	NFIC	ENSG00000141905	13.73	14.64	20.759999999999998	20.900000000000006	5.55	12.040000000000001	34.42	50.089999999999996	3.4299999999999997	1.28	38.849999999999994	40.01	6.880000000000001	2.7
MA0161.2	NFIC	ENSG00000141905	13.73	14.64	20.759999999999998	20.900000000000006	5.55	12.040000000000001	34.42	50.089999999999996	3.4299999999999997	1.28	38.849999999999994	40.01	6.880000000000001	2.7
MA0162.2	EGR1	ENSG00000120738	1.14	1.28	69.44	61.55	4.35	9.11	14.15	9.84	13.91	30.54	5.59	5.81	7.87	9.16
MA0162.3	EGR1	ENSG00000120738	1.14	1.28	69.44	61.55	4.35	9.11	14.15	9.84	13.91	30.54	5.59	5.81	7.87	9.16
MA0163.1	PLAG1	ENSG00000181690	2.76	2.38	0.6000000000000001	0.69	2.0	2.4400000000000004	0.53	0.5900000000000001	2.45	3.21	3.0699999999999994	1.9600000000000002	0.8	1.55
MA0258.1	ESR2	ENSG00000140009	0.29	0.34	6.13	2.31	0.09999999999999999	0.05	0.16	0.04	0.19	0.24	0.02	0.46	0.02	0.08
MA0258.2	ESR2	ENSG00000140009	0.29	0.34	6.13	2.31	0.09999999999999999	0.05	0.16	0.04	0.19	0.24	0.02	0.46	0.02	0.08
MA0259.1	ARNT::HIF1A	ENSG00000143437	23.18	26.99	62.040000000000006	83.51	43.33	40.45	64.14	66.61	41.94	44.65	44.93	45.46999999999999	10.719999999999999	13.37
MA0442.1	SOX10	ENSG00000100146	0.0	0.0	0.0	0.0	0.0	0.0	0.0	0.0	0.77	0.88	0.0	0.0	0.02	0.02
MA0442.2	SOX10	ENSG00000100146	0.0	0.0	0.0	0.0	0.0	0.0	0.0	0.0	0.77	0.88	0.0	0.0	0.02	0.02
MA0462.1	BATF::JUN	ENSG00000156127	111.0	121.67999999999999	3.36	2.46	0.18	0.28	0.0	0.0	0.78	0.32	0.0	0.0	0.0	0.0
MA0464.2	BHLHE40	ENSG00000134107	35.28	35.15	88.71	80.92	57.99	76.72	124.66999999999999	39.72	2.48	1.79	29.62	31.31	51.29	43.120000000000005
MA0465.1	CDX2	ENSG00000165556	0.0	0.0	0.0	0.0	0.0	0.02	0.0	0.0	0.01	0.0	0.0	0.0	0.01	0.0
MA0466.1	CEBPB	ENSG00000172216	0.12	0.36	25.53	7.59	12.31	33.19	18.0	19.12	4.18	4.7	2.2	1.39	13.27	7.0
MA0466.2	CEBPB	ENSG00000172216	0.12	0.36	25.53	7.59	12.31	33.19	18.0	19.12	4.18	4.7	2.2	1.39	13.27	7.0
MA0468.1	DUX4	ENSG00000260596	0.0	0.0	0.0	0.0	0.0	0.0	0.0	0.0	0.0	0.0	0.0	0.0	0.0	0.0
MA0469.2	E2F3	ENSG00000112242	8.56	8.44	11.2	14.66	2.76	2.6500000000000004	7.28	6.46	11.57	13.99	2.56	4.46	5.390000000000001	9.42
MA0470.1	E2F4	ENSG00000205250	84.14	87.19	137.53000000000003	190.89999999999995	75.45	97.51000000000002	86.49000000000001	63.220000000000006	106.48000000000003	135.63	126.55999999999999	118.02000000000002	42.879999999999995	32.21
MA0471.1	E2F6	ENSG00000169016	9.020000000000001	9.31	12.51	15.850000000000001	18.200000000000003	20.83	12.34	10.93	7.459999999999999	6.609999999999999	8.5	9.78	4.33	9.899999999999999
MA0472.2	EGR2	ENSG00000122877	3.81	4.8	0.06	0.18	0.0	0.05	1.96	0.0	0.39	0.56	0.05	0.04	0.04	0.04
MA0473.1	ELF1	ENSG00000120690	47.93	44.269999999999996	22.29	23.36	10.72	13.68	5.23	4.05	3.58	4.17	14.629999999999999	15.899999999999999	16.84	30.87
MA0473.2	ELF1	ENSG00000120690	47.93	44.269999999999996	22.29	23.36	10.72	13.68	5.23	4.05	3.58	4.17	14.629999999999999	15.899999999999999	16.84	30.87
MA0474.2	ERG	ENSG00000157554	0.0	0.0	0.0	0.0	0.01	0.02	0.0	0.0	1.6400000000000001	2.24	120.33999999999999	113.44	0.05	0.1
MA0475.1	FLI1	ENSG00000151702	35.32	35.47	0.0	0.04	0.02	0.03	0.0	0.06	0.28	0.0	35.47	37.489999999999995	0.6799999999999999	0.8600000000000001
MA0475.2	FLI1	ENSG00000151702	35.32	35.47	0.0	0.04	0.02	0.03	0.0	0.06	0.28	0.0	35.47	37.489999999999995	0.6799999999999999	0.8600000000000001
MA0476.1	FOS	ENSG00000170345	0.31	0.52	17.04	20.950000000000003	11.219999999999999	15.279999999999998	618.46	449.52	69.78	138.86	3.88	9.670000000000002	54.01999999999999	48.96999999999999
MA0477.1	FOSL1	ENSG00000175592	4.01	3.94	18.97	23.98	1.3399999999999999	8.69	106.28999999999999	15.880000000000003	7.8999999999999995	10.2	34.17	49.29	27.049999999999997	17.819999999999997
MA0478.1	FOSL2	ENSG00000075426	0.08	0.1	1.53	1.06	14.959999999999999	23.16	46.14	39.94	1.22	1.56	28.19	20.28	15.69	19.279999999999998
MA0479.1	FOXH1	ENSG00000160973	0.03	0.01	5.99	2.7199999999999998	0.31	0.3	0.72	2.08	13.73	13.719999999999999	0.47	0.47	0.01	0.0
MA0481.1	FOXP1	ENSG00000114861	0.16	0.06999999999999999	21.5	35.77	65.44	74.13000000000001	19.64	26.819999999999997	16.549999999999997	16.830000000000002	108.82000000000001	92.41	5.54	9.260000000000002
MA0481.2	FOXP1	ENSG00000114861	0.16	0.06999999999999999	21.5	35.77	65.44	74.13000000000001	19.64	26.819999999999997	16.549999999999997	16.830000000000002	108.82000000000001	92.41	5.54	9.260000000000002
MA0484.1	HNF4G	ENSG00000164749	0.77	1.1099999999999999	0.0	0.0	31.450000000000003	31.41	0.14	0.07	1.5699999999999998	0.62	0.0	0.0	0.0	0.0
MA0486.1	HSF1	ENSG00000284774	0.0	0.0	0.0	0.0	0.0	0.0	0.0	0.0	0.0	0.0	0.0	0.0	0.0	0.0
MA0486.2	HSF1	ENSG00000284774	0.0	0.0	0.0	0.0	0.0	0.0	0.0	0.0	0.0	0.0	0.0	0.0	0.0	0.0
MA0488.1	JUN	ENSG00000177606	2.7	2.89	25.2	18.36	24.55	47.82	107.61	34.95	6.33	7.91	109.89	86.4	28.54	16.37
MA0489.1	JUN(var.2)	ENSG00000177606	2.7	2.89	25.2	18.36	24.55	47.82	107.61	34.95	6.33	7.91	109.89	86.4	28.54	16.37
MA0490.1	JUNB	ENSG00000171223	71.05	76.4	17.42	10.76	1.52	5.01	117.11	327.34	1.65	2.07	12.04	7.08	36.46	10.71
MA0491.1	JUND	ENSG00000130522	4.98	5.83	48.730000000000004	31.15	32.82	105.28999999999999	48.93000000000001	63.519999999999996	20.61	27.83	54.870000000000005	32.44	43.62	10.96
MA0492.1	JUND(var.2)	ENSG00000130522	4.98	5.83	48.730000000000004	31.15	32.82	105.28999999999999	48.93000000000001	63.519999999999996	20.61	27.83	54.870000000000005	32.44	43.62	10.96
MA0495.1	MAFF	ENSG00000185022	0.14	0.25	4.62	2.2800000000000002	6.49	19.55	10.4	9.42	1.32	5.800000000000001	39.809999999999995	21.1	7.510000000000001	5.720000000000001
MA0495.2	MAFF	ENSG00000185022	0.14	0.25	4.62	2.2800000000000002	6.49	19.55	10.4	9.42	1.32	5.800000000000001	39.809999999999995	21.1	7.510000000000001	5.720000000000001
MA0496.1	MAFK	ENSG00000198517	0.59	1.01	8.28	9.41	16.79	43.99	58.04	67.78	7.630000000000001	10.219999999999999	22.700000000000003	16.009999999999998	5.640000000000001	1.54
MA0496.2	MAFK	ENSG00000198517	0.59	1.01	8.28	9.41	16.79	43.99	58.04	67.78	7.630000000000001	10.219999999999999	22.700000000000003	16.009999999999998	5.640000000000001	1.54
MA0497.1	MEF2C	ENSG00000081189	154.84999999999997	146.98	48.66	68.37	0.0	0.02	0.33	0.0	1.96	0.86	25.589999999999996	37.36000000000001	0.12	0.17
MA0498.2	MEIS1	ENSG00000143995	0.11	0.02	2.73	2.42	3.09	1.61	6.28	6.52	0.42000000000000004	0.43	7.4399999999999995	7.4	0.9900000000000001	1.8399999999999999
MA0501.1	MAF::NFE2	ENSG00000178573	0.0	0.01	0.0	0.0	0.0	0.01	0.0	0.0	1.6	2.92	0.43999999999999995	0.38	3.9000000000000004	3.58
MA0502.1	NFYB	ENSG00000120837	24.480000000000004	23.81	33.43	27.53	41.099999999999994	32.47	58.22	49.8	87.35000000000001	106.57	27.72	38.339999999999996	6.79	10.5
MA0504.1	NR2C2	ENSG00000177463	4.27	5.76	33.28	23.449999999999996	16.34	23.53	22.1	33.25	21.659999999999997	29.65	15.52	24.340000000000003	3.94	6.3
MA0506.1	NRF1	ENSG00000106459	5.6899999999999995	6.709999999999999	6.970000000000001	10.97	3.43	3.37	6.3	4.1899999999999995	6.23	8.1	3.88	3.72	5.169999999999999	5.78
MA0507.1	POU2F2	ENSG00000028277	39.82	38.160000000000004	0.16	0.72	0.13	0.060000000000000005	0.01	0.53	2.24	2.23	0.56	0.64	5.16	3.4699999999999998
MA0508.1	PRDM1	ENSG00000057657	10.71	12.59	0.31	1.47	0.1	0.04	29.63	5.23	0.0	1.02	0.26	0.81	1.8199999999999998	3.94
MA0508.2	PRDM1	ENSG00000057657	10.71	12.59	0.31	1.47	0.1	0.04	29.63	5.23	0.0	1.02	0.26	0.81	1.8199999999999998	3.94
MA0510.1	RFX5	ENSG00000143390	67.74999999999999	65.34	17.700000000000003	13.040000000000001	4.76	7.47	21.630000000000003	21.27	27.29	27.480000000000004	12.099999999999998	10.530000000000001	22.11	40.44
MA0510.2	RFX5	ENSG00000143390	67.74999999999999	65.34	17.700000000000003	13.040000000000001	4.76	7.47	21.630000000000003	21.27	27.29	27.480000000000004	12.099999999999998	10.530000000000001	22.11	40.44
MA0511.1	RUNX2	ENSG00000124813	0.22000000000000003	0.0	2.0	0.53	0.0	0.0	4.0	1.86	0.05	0.31	0.0	0.02	0.85	0.74
MA0511.2	RUNX2	ENSG00000124813	0.22000000000000003	0.0	2.0	0.53	0.0	0.0	4.0	1.86	0.05	0.31	0.0	0.02	0.85	0.74
MA0513.1	SMAD2::SMAD3::SMAD4	ENSG00000175387	49.37	50.0	31.35	38.089999999999996	38.9	39.589999999999996	100.26	92.72	57.029999999999994	56.07000000000001	49.92	68.05	57.919999999999995	107.26
MA0516.1	SP2	ENSG00000167182	10.93	12.97	6.9799999999999995	5.7700000000000005	2.73	3.56	4.76	4.38	2.72	3.08	5.42	4.28	3.56	3.31
MA0517.1	STAT1::STAT2	ENSG00000115415	267.26000000000005	251.38	30.770000000000003	32.239999999999995	28.790000000000003	25.74	28.959999999999997	16.450000000000003	38.26	44.06000000000001	81.96000000000001	74.89999999999999	84.10000000000001	131.56
MA0522.2	TCF3	ENSG00000071564	44.71	46.010000000000005	99.52999999999997	136.08000000000004	65.16	87.33999999999999	118.22999999999999	139.29	247.42000000000002	237.30000000000004	175.54000000000002	183.37	75.49000000000001	27.04
MA0523.1	TCF7L2	ENSG00000148737	0.06	0.05	0.84	1.63	23.54	24.96	13.849999999999998	7.91	65.03999999999999	64.92999999999999	9.450000000000001	9.469999999999999	1.4100000000000001	1.42
MA0524.1	TFAP2C	ENSG00000087510	0.0	0.0	0.0	0.02	0.02	0.0	3.75	4.1	1.93	1.85	0.0	0.0	5.68	6.9799999999999995
MA0524.2	TFAP2C	ENSG00000087510	0.0	0.0	0.0	0.02	0.02	0.0	3.75	4.1	1.93	1.85	0.0	0.0	5.68	6.9799999999999995
MA0525.1	TP63	ENSG00000073282	7.299999999999999	8.549999999999999	1.7800000000000002	1.62	0.0	0.0	0.22999999999999998	0.0	0.17	0.07	0.0	0.0	113.29	123.15
MA0525.2	TP63	ENSG00000073282	7.299999999999999	8.549999999999999	1.7800000000000002	1.62	0.0	0.0	0.22999999999999998	0.0	0.17	0.07	0.0	0.0	113.29	123.15
MA0526.1	USF2	ENSG00000105698	11.71	10.74	280.82	224.23999999999998	139.97	193.89999999999998	122.92999999999999	137.99	286.41	286.5	101.72000000000001	120.89	46.21999999999999	32.099999999999994
MA0526.2	USF2	ENSG00000105698	11.71	10.74	280.82	224.23999999999998	139.97	193.89999999999998	122.92999999999999	137.99	286.41	286.5	101.72000000000001	120.89	46.21999999999999	32.099999999999994
MA0527.1	ZBTB33	ENSG00000177485	16.18	16.830000000000002	5.21	6.93	5.1	5.11	9.81	7.74	4.04	5.57	6.06	7.92	3.74	8.2
MA0528.1	ZNF263	ENSG00000006194	13.63	20.800000000000004	22.28	23.43	9.83	10.229999999999999	13.879999999999999	15.469999999999999	14.2	18.22	12.67	9.299999999999999	11.92	10.940000000000001
MA0592.1	ESRRA	ENSG00000173153	4.62	9.8	16.31	9.49	3.0	4.86	9.02	13.75	5.4799999999999995	8.59	4.28	3.23	25.270000000000003	11.059999999999999
MA0593.1	FOXP2	ENSG00000128573	2.4800000000000004	1.9500000000000002	0.0	0.0	0.9400000000000001	0.87	2.67	1.21	0.02	0.51	0.38	0.6200000000000001	0.45	0.48000000000000004
MA0595.1	SREBF1	ENSG00000072310	5.88	7.989999999999999	208.51000000000005	248.76999999999998	142.26	134.67000000000002	282.49	202.86	69.33	68.10999999999999	217.11	225.29	17.850000000000005	10.9
MA0596.1	SREBF2	ENSG00000198911	58.97	65.06	63.55000000000001	39.47999999999999	35.83	55.67000000000001	10.500000000000002	16.6	57.88000000000001	53.82000000000001	22.849999999999998	22.64	40.66	49.79
MA0597.1	THAP1	ENSG00000131931	19.62	19.139999999999997	4.97	5.99	4.06	5.2	9.219999999999999	6.29	7.05	8.72	6.53	7.58	4.96	9.17
MA0598.1	EHF	ENSG00000135373	0.0	0.0	0.44	0.47000000000000003	0.22	0.0	7.949999999999999	0.16999999999999998	0.02	0.0	0.11	0.02	27.38	36.26
MA0598.2	EHF	ENSG00000135373	0.0	0.0	0.44	0.47000000000000003	0.22	0.0	7.949999999999999	0.16999999999999998	0.02	0.0	0.11	0.02	27.38	36.26
MA0599.1	KLF5	ENSG00000102554	0.22000000000000003	0.35	0.45	0.18	1.25	2.54	57.699999999999996	47.540000000000006	0.4	0.16	0.72	1.1400000000000001	65.53	105.59
MA0600.1	RFX2	ENSG00000087903	6.18	5.72	11.74	12.8	1.74	1.76	6.4	11.29	2.65	3.7600000000000002	11.320000000000002	6.5	5.6899999999999995	2.79
MA0600.2	RFX2	ENSG00000087903	6.18	5.72	11.74	12.8	1.74	1.76	6.4	11.29	2.65	3.7600000000000002	11.320000000000002	6.5	5.6899999999999995	2.79
MA0610.1	DMRT3	ENSG00000064218	0.0	0.0	0.0	0.0	0.0	0.0	0.0	0.0	0.0	0.0	0.0	0.0	0.0	0.0
MA0612.1	EMX1	ENSG00000135638	0.69	1.21	0.06	0.0	0.56	1.37	0.0	0.0	1.1	1.17	0.0	0.0	0.0	0.0
MA0613.1	FOXG1	ENSG00000176165	0.04	0.03	0.98	0.61	0.0	0.0	0.0	0.0	0.0	0.04	0.0	0.02	0.0	0.0
MA0618.1	LBX1	ENSG00000138136	0.0	0.0	0.0	0.0	0.0	0.0	0.0	0.0	0.0	0.0	0.0	0.0	0.0	0.0
MA0620.2	MITF	ENSG00000187098	0.25	0.04	23.880000000000003	40.019999999999996	0.12	0.23	10.43	13.17	1.3900000000000001	2.65	5.140000000000001	10.36	3.15	4.480000000000001
MA0625.1	NFATC3	ENSG00000072736	22.699999999999996	25.48	14.39	21.51	17.450000000000003	16.23	6.5699999999999985	4.78	5.979999999999998	5.0200000000000005	7.479999999999999	6.16	4.91	8.76
MA0628.1	POU6F1	ENSG00000184271	1.29	0.54	1.89	0.61	0.19	0.51	1.4100000000000001	1.01	2.41	3.43	2.72	1.79	0.39	0.16
MA0630.1	SHOX	ENSG00000185960	0.0	0.02	0.04	0.0	0.0	0.0	0.0	0.0	0.09000000000000001	0.13	0.0	0.0	0.0	0.0
MA0634.1	ALX3	ENSG00000156150	0.0	0.0	0.0	0.09	0.0	0.07	0.0	0.1	0.04	0.32	0.0	0.05	0.0	0.0
MA0635.1	BARHL2	ENSG00000143032	0.0	0.0	0.0	0.03	0.0	0.04	0.0	0.0	0.0	0.0	0.0	0.0	0.0	0.0
MA0636.1	BHLHE41	ENSG00000123095	0.0	0.0	0.31	0.01	0.15	0.43	3.3200000000000003	1.28	4.46	2.87	0.35	1.37	1.31	1.4100000000000001
MA0637.1	CENPB	ENSG00000125817	1.63	1.23	33.01	35.37	24.58	22.28	39.14	40.23	35.84	22.21	42.64	50.05	24.51	11.66
MA0638.1	CREB3	ENSG00000107175	33.33	30.68	12.260000000000002	11.43	6.890000000000001	7.489999999999999	14.86	9.19	14.85	11.69	19.779999999999998	19.75	25.29	23.26
MA0639.1	DBP	ENSG00000105516	4.5	5.62	3.5	5.07	8.16	9.73	20.56	37.15	13.500000000000002	10.920000000000002	2.24	0.34	1.09	0.38
MA0640.1	ELF3	ENSG00000163435	0.6200000000000001	0.31	1.6600000000000001	0.33999999999999997	12.830000000000002	35.93	42.809999999999995	41.019999999999996	14.24	11.3	0.19	0.01	0.14	0.53
MA0641.1	ELF4	ENSG00000102034	14.830000000000002	16.16	55.56	52.74	3.4099999999999997	3.02	16.37	19.189999999999998	1.0499999999999998	1.26	21.92	16.81	18.36	19.72
MA0642.1	EN2	ENSG00000164778	0.0	0.0	0.03	0.03	0.0	0.0	0.0	0.0	0.07	0.0	0.04	0.0	0.18	0.13
MA0644.1	ESX1	ENSG00000123576	0.0	0.0	0.0	0.0	0.0	0.0	0.06	0.0	0.03	0.0	0.0	0.08	0.02	0.04
MA0645.1	ETV6	ENSG00000139083	5.06	6.14	2.63	3.55	2.0	1.8199999999999998	2.04	2.45	4.13	5.3	9.19	11.2	2.94	4.17
MA0646.1	GCM1	ENSG00000137270	0.0	0.0	0.0	0.0	0.0	0.0	0.0	0.04	0.09	0.0	0.0	0.0	0.01	0.0
MA0647.1	GRHL1	ENSG00000134317	0.43999999999999995	0.41	5.279999999999999	2.1399999999999997	6.83	6.73	1.9600000000000002	1.75	1.8199999999999998	1.8900000000000001	1.06	0.61	1.61	4.7
MA0648.1	GSC	ENSG00000133937	0.0	0.0	0.0	0.0	0.0	0.0	0.0	0.0	0.08	0.51	0.0	0.0	0.0	0.0
MA0649.1	HEY2	ENSG00000135547	0.39	0.11	0.0	0.08	0.02	0.03	0.22	0.22	7.140000000000001	6.5200000000000005	0.65	0.9	0.0	0.0
MA0650.1	HOXA13	ENSG00000106031	0.0	0.0	0.0	0.0	0.01	0.0	1.1	0.62	0.0	0.0	0.0	0.01	0.0	0.0
MA0651.1	HOXC11	ENSG00000123388	0.0	0.0	0.0	0.0	0.0	0.0	2.6799999999999997	4.98	0.0	0.0	0.0	0.0	1.48	0.76
MA0652.1	IRF8	ENSG00000140968	97.69999999999999	82.5	0.0	0.26	0.0	0.0	0.0	0.0	0.7	0.9	0.0	0.0	0.0	0.0
MA0653.1	IRF9	ENSG00000285048	0.0	0.0	0.0	0.0	0.0	0.0	0.0	0.0	0.0	0.0	0.0	0.0	0.0	0.0
MA0654.1	ISX	ENSG00000175329	0.55	0.22	0.48000000000000004	0.31	2.33	1.21	0.0	0.0	0.0	0.0	0.0	0.0	0.0	0.0
MA0655.1	JDP2	ENSG00000140044	8.65	8.559999999999999	31.519999999999996	5.0200000000000005	10.18	35.51	7.359999999999999	7.38	39.96	37.1	11.25	5.140000000000001	13.430000000000001	7.550000000000001
MA0656.1	JDP2(var.2)	ENSG00000140044	8.65	8.559999999999999	31.519999999999996	5.0200000000000005	10.18	35.51	7.359999999999999	7.38	39.96	37.1	11.25	5.140000000000001	13.430000000000001	7.550000000000001
MA0657.1	KLF13	ENSG00000169926	21.08	16.02	2.23	2.74	5.779999999999999	7.630000000000001	20.61	17.78	6.66	8.05	7.449999999999999	6.05	34.17	55.68
MA0658.1	LHX6	ENSG00000106852	0.0	0.0	0.75	2.4000000000000004	0.14	0.31	0.53	0.44999999999999996	0.32	0.19	2.7199999999999998	2.73	0.16	0.14
MA0659.1	MAFG	ENSG00000197063	1.89	2.16	67.18	46.0	13.23	30.509999999999998	31.32	33.47	36.1	41.18	15.02	13.8	7.430000000000001	6.7
MA0660.1	MEF2B	ENSG00000213999	8.05	8.97	2.06	0.41	0.8300000000000001	1.85	0.89	0.66	0.41	0.27	0.55	0.53	0.26	0.18
MA0661.1	MEOX1	ENSG00000005102	0.7200000000000001	0.2	0.0	0.0	0.0	0.0	0.18	1.44	0.04	0.0	0.06	0.03	0.03	0.02
MA0662.1	MIXL1	ENSG00000185155	0.18000000000000002	0.2	0.0	0.0	8.95	1.55	0.26	0.0	0.43000000000000005	0.85	0.17	0.0	0.0	0.11
MA0663.1	MLX	ENSG00000108788	39.949999999999996	37.49999999999999	54.269999999999996	54.27	37.260000000000005	44.92999999999999	31.16	31.89	22.97	21.560000000000002	23.17	28.340000000000003	21.76	24.819999999999997
MA0664.1	MLXIPL	ENSG00000009950	0.0	0.05	17.86	2.29	41.65	54.760000000000005	4.5600000000000005	5.0	8.149999999999999	10.13	0.0	0.0	0.03	0.02
MA0665.1	MSC	ENSG00000178860	127.58	119.26	0.27	0.38999999999999996	0.0	0.0	0.0	0.0	1.46	0.86	0.0	0.0	0.19	0.01
MA0666.1	MSX1	ENSG00000163132	0.22	0.02	2.41	1.65	6.39	6.41	0.73	0.46	0.05	0.23	0.28	0.09	0.14	0.03
MA0667.1	MYF6	ENSG00000111046	0.0	0.0	0.0	0.0	0.0	0.0	0.0	0.0	0.14	0.12	0.0	0.0	0.0	0.0
MA0668.1	NEUROD2	ENSG00000171532	0.0	0.0	0.0	0.0	0.0	0.0	0.0	0.0	0.0	0.0	0.0	0.0	0.0	0.0
MA0669.1	NEUROG2	ENSG00000178403	0.52	0.52	0.0	0.05	0.0	0.0	0.0	0.0	0.0	0.0	0.0	0.0	0.0	0.0
MA0670.1	NFIA	ENSG00000162599	0.01	0.0	2.6500000000000004	3.21	4.44	4.98	8.850000000000001	8.39	1.62	1.51	7.86	7.75	7.98	12.34
MA0671.1	NFIX	ENSG00000008441	0.42	0.39	6.479999999999999	8.69	8.15	15.15	2.17	1.4900000000000002	0.11000000000000001	0.0	31.740000000000002	21.66	14.69	7.2
MA0672.1	NKX2-3	ENSG00000119919	0.0	0.0	0.0	0.0	0.0	0.0	0.0	0.0	0.0	0.0	0.0	0.0	0.0	0.0
MA0673.1	NKX2-8	ENSG00000136327	0.0	0.0	0.0	0.0	0.0	0.0	0.0	0.0	0.0	0.0	0.0	0.0	0.63	0.16
MA0674.1	NKX6-1	ENSG00000163623	0.01	0.0	0.0	0.0	0.0	0.0	0.0	0.0	0.07	0.04	0.0	0.0	0.0	0.0
MA0675.1	NKX6-2	ENSG00000148826	0.36	0.04	0.68	0.36	1.2	0.52	0.35	0.22999999999999998	1.1400000000000001	0.04	0.52	0.7	0.0	0.0
MA0678.1	OLIG2	ENSG00000205927	0.01	0.0	0.0	0.0	0.0	0.0	0.0	0.0	0.22	0.21	0.0	0.0	0.0	0.0
MA0679.1	ONECUT1	ENSG00000169856	0.0	0.0	0.0	0.0	13.09	10.16	0.0	0.0	2.16	0.8700000000000001	0.0	0.0	0.0	0.0
MA0680.1	PAX7	ENSG00000009709	0.0	0.0	0.0	0.0	0.0	0.0	0.0	0.0	0.02	0.0	0.0	0.0	0.0	0.0
MA0683.1	POU4F2	ENSG00000151615	0.0	0.0	0.02	0.0	0.0	0.0	0.0	0.0	0.02	0.0	0.0	0.0	0.0	0.0
MA0684.1	RUNX3	ENSG00000020633	24.96	26.91	0.22999999999999998	0.17	0.28	0.75	0.0	0.0	0.55	0.2	0.0	0.0	0.0	0.09
MA0685.1	SP4	ENSG00000105866	8.83	9.81	0.74	1.3	1.01	0.36	0.47	0.42	3.86	7.380000000000001	0.56	1.45	0.46	1.0
MA0686.1	SPDEF	ENSG00000124664	0.0	0.0	0.03	0.03	0.0	0.04	0.0	0.0	0.08	0.1	0.0	0.0	0.03	0.0
MA0687.1	SPIC	ENSG00000166211	0.0	0.17	0.0	0.0	0.0	0.0	0.0	0.0	0.0	0.0	0.0	0.0	0.0	0.0
MA0688.1	TBX2	ENSG00000121068	0.08	0.01	0.0	0.0	0.75	1.4200000000000002	2.5999999999999996	2.26	0.0	0.0	0.0	0.0	0.02	0.01
MA0689.1	TBX20	ENSG00000164532	0.0	0.0	0.0	0.0	0.0	0.0	0.32	0.14	0.0	0.41	0.0	0.0	0.0	0.0
MA0690.1	TBX21	ENSG00000073861	0.41	1.32	0.0	0.0	0.0	0.0	0.0	0.0	0.02	0.07	0.0	0.0	0.0	0.0
MA0691.1	TFAP4	ENSG00000090447	2.91	3.7100000000000004	14.66	14.58	9.670000000000002	17.29	20.959999999999997	29.139999999999997	35.65	55.70999999999999	3.13	3.07	2.7600000000000002	1.6600000000000001
MA0692.1	TFEB	ENSG00000112561	42.050000000000004	47.05	1.9900000000000002	0.85	1.71	4.35	2.21	2.58	1.6	0.64	2.0	1.2	4.23	3.4799999999999995
MA0693.2	VDR	ENSG00000111424	1.71	2.16	3.0	2.49	0.28	0.09	5.65	3.16	0.22	0.37	0.52	0.52	37.620000000000005	38.11
MA0694.1	ZBTB7B	ENSG00000160685	1.87	2.02	11.219999999999997	7.73	2.21	5.51	6.61	9.549999999999999	5.8	2.73	2.09	2.2800000000000002	20.28	12.43
MA0695.1	ZBTB7C	ENSG00000184828	0.0	0.0	0.01	0.01	0.09	0.0	1.3699999999999999	1.5599999999999998	0.01	0.11	0.0	0.0	0.23	0.22000000000000003
MA0696.1	ZIC1	ENSG00000152977	0.1	0.0	0.02	0.0	0.0	0.0	0.0	0.0	0.49	0.0	0.0	0.0	0.0	0.0
MA0697.1	ZIC3	ENSG00000156925	0.0	0.02	0.0	0.0	0.0	0.0	0.0	0.0	14.889999999999999	24.0	0.0	0.0	0.0	0.0
MA0698.1	ZBTB18	ENSG00000179456	0.22	0.29	0.78	0.46	2.48	3.25	0.8300000000000001	1.76	6.609999999999999	5.33	6.0	6.75	2.49	2.45
MA0699.1	LBX2	ENSG00000179528	0.03	0.16	1.6600000000000001	1.46	0.7699999999999999	2.2199999999999998	0.55	1.44	0.0	0.08	0.0	0.16	0.2	0.06
MA0700.1	LHX2	ENSG00000106689	1.11	2.0700000000000003	0.0	0.0	0.05	0.0	16.02	43.0	0.65	0.8799999999999999	0.0	0.0	0.03	0.0
MA0701.1	LHX9	ENSG00000143355	0.02	0.02	0.19	0.0	0.0	0.0	0.06	0.56	0.0	0.0	0.0	0.0	0.0	0.0
MA0702.1	LMX1A	ENSG00000162761	0.0	0.0	0.0	0.0	0.0	0.0	0.0	0.0	0.09000000000000001	0.05	0.0	0.0	0.0	0.0
MA0703.1	LMX1B	ENSG00000136944	0.0	0.0	0.0	0.0	0.0	0.07	0.02	0.0	0.1	0.18	0.0	0.0	0.59	0.35
MA0706.1	MEOX2	ENSG00000106511	0.0	0.0	0.0	0.0	0.0	0.0	0.0	0.0	0.0	0.25	11.66	6.83	0.0	0.0
MA0707.1	MNX1	ENSG00000130675	0.27	0.25	2.92	0.51	1.06	0.67	0.88	2.58	0.0	0.0	0.0	0.04	0.0	0.02
MA0708.1	MSX2	ENSG00000120149	0.0	0.0	0.0	0.0	0.0	0.0	1.15	0.22	0.13	0.31	0.12	0.0	2.51	3.09
MA0710.1	NOTO	ENSG00000214513	0.01	0.0	0.0	0.0	0.0	0.0	0.0	0.0	0.17	0.19	0.0	0.0	0.0	0.0
MA0711.1	OTX1	ENSG00000115507	0.19	0.28	1.41	0.6400000000000001	1.12	1.62	0.8899999999999999	1.02	0.5800000000000001	0.22	0.0	0.0	0.28	0.21
MA0712.1	OTX2	ENSG00000165588	0.0	0.02	0.0	0.0	0.0	0.0	0.0	0.0	33.38	30.870000000000005	0.0	0.0	0.0	0.0
MA0713.1	PHOX2A	ENSG00000165462	0.0	0.0	0.0	0.0	0.0	0.0	0.0	0.0	0.0	0.32	0.0	0.0	0.0	0.0
MA0714.1	PITX3	ENSG00000107859	0.0	0.0	0.0	0.0	0.0	0.0	0.0	0.09	0.08	0.0	0.0	0.0	0.03	0.0
MA0715.1	PROP1	ENSG00000274382	0.0	0.0	0.0	0.0	0.0	0.0	0.0	0.0	0.0	0.0	0.0	0.0	0.0	0.0
MA0716.1	PRRX1	ENSG00000116132	1.7999999999999998	0.52	0.0	0.0	0.0	0.0	0.0	0.0	0.0	0.19	0.0	0.5	0.0	0.01
MA0717.1	RAX2	ENSG00000173976	0.0	0.0	0.0	0.02	0.0	0.0	0.0	0.0	0.0	0.0	0.0	0.0	0.0	0.0
MA0718.1	RAX	ENSG00000134438	0.0	0.0	0.0	0.0	0.0	0.0	0.0	0.0	0.0	0.0	0.0	0.0	0.0	0.0
MA0719.1	RHOXF1	ENSG00000101883	0.0	0.0	0.08	0.07	0.0	0.0	0.0	0.0	0.0	0.12	0.0	0.0	0.0	0.0
MA0721.1	UNCX	ENSG00000164853	0.0	0.0	0.0	0.0	0.0	0.04	0.0	0.0	0.0	0.0	0.0	0.0	0.0	0.0
MA0722.1	VAX1	ENSG00000148704	0.0	0.0	0.0	0.0	0.0	0.0	0.0	0.0	0.0	0.0	0.0	0.0	0.03	0.0
MA0723.1	VAX2	ENSG00000116035	0.0	0.0	0.0	0.0	0.2	0.28	0.0	0.0	0.0	0.0	0.6	0.15	0.02	0.03
MA0724.1	VENTX	ENSG00000151650	0.0	0.04	0.56	0.27	0.0	0.0	0.0	0.0	2.14	1.61	0.0	0.0	0.0	0.0
MA0725.1	VSX1	ENSG00000100987	0.0	0.0	0.0	0.0	0.0	0.0	0.0	0.0	0.0	0.0	0.0	0.0	0.0	0.0
MA0726.1	VSX2	ENSG00000119614	0.0	0.0	0.0	0.02	0.0	0.0	0.0	0.0	0.0	0.0	0.0	0.0	0.0	0.0
MA0727.1	NR3C2	ENSG00000151623	0.03	0.04	0.12000000000000001	0.09000000000000001	0.03	0.13	0.22	0.08	1.07	0.7799999999999999	1.92	2.94	0.6499999999999999	0.9600000000000001
MA0729.1	RARA	ENSG00000131759	10.07	12.17	27.380000000000003	34.35	36.85	44.199999999999996	70.64	46.36	15.28	14.120000000000001	71.97000000000001	58.699999999999996	4.629999999999999	2.87
MA0730.1	RARA(var.2)	ENSG00000131759	10.07	12.17	27.380000000000003	34.35	36.85	44.199999999999996	70.64	46.36	15.28	14.120000000000001	71.97000000000001	58.699999999999996	4.629999999999999	2.87
MA0731.1	BCL6B	ENSG00000161940	0.18	0.0	0.9299999999999999	2.2800000000000002	0.08	0.0	0.32	0.03	4.4799999999999995	3.3800000000000003	45.480000000000004	46.519999999999996	0.0	0.0
MA0732.1	EGR3	ENSG00000179388	0.35	0.34	0.1	0.2	0.01	0.07	0.26	0.19	0.02	0.08	0.21000000000000002	0.08	0.12	0.37
MA0733.1	EGR4	ENSG00000135625	0.0	0.0	0.0	0.0	0.0	0.0	0.0	0.05	0.0	0.0	0.0	0.0	0.01	0.0
MA0734.1	GLI2	ENSG00000074047	0.0	0.01	0.0	0.0	0.0	0.0	0.53	0.8600000000000001	14.510000000000002	16.76	0.0	0.0	0.04	0.02
MA0735.1	GLIS1	ENSG00000174332	0.0	0.0	0.0	0.0	0.02	0.0	0.0	0.0	0.03	0.06	0.0	0.04	0.01	0.0
MA0736.1	GLIS2	ENSG00000274636	0.0	0.0	0.0	0.0	0.0	0.0	0.0	0.0	0.0	0.0	0.0	0.0	0.0	0.0
MA0737.1	GLIS3	ENSG00000107249	0.06999999999999999	0.1	0.21000000000000002	0.11000000000000001	0.38	0.11	0.32999999999999996	0.21000000000000002	0.04	0.18	0.72	0.8200000000000001	0.16	0.35
MA0738.1	HIC2	ENSG00000169635	0.31	0.26	12.27	15.559999999999999	3.92	4.03	0.53	0.52	4.140000000000001	4.32	0.69	0.44	0.53	0.39
MA0740.1	KLF14	ENSG00000266265	0.0	0.0	0.0	0.0	0.0	0.0	0.0	0.0	0.0	0.0	0.0	0.0	0.01	0.01
MA0741.1	KLF16	ENSG00000129911	1.6600000000000001	2.02	2.03	1.62	0.32	0.72	0.58	1.08	2.6100000000000003	1.68	1.07	0.87	14.809999999999999	3.83
MA0743.1	SCRT1	ENSG00000284923	0.0	0.0	0.0	0.0	0.0	0.0	0.0	0.0	0.0	0.0	0.0	0.0	0.0	0.0
MA0744.1	SCRT2	ENSG00000215397	0.0	0.0	0.03	0.12	0.0	0.0	0.0	0.0	0.03	0.05	0.0	0.0	0.0	0.0
MA0745.1	SNAI2	ENSG00000019549	0.0	0.19	0.0	0.0	0.0	0.0	1.83	0.5599999999999999	0.32999999999999996	0.38	0.06	0.38	97.96000000000001	162.41
MA0746.1	SP3	ENSG00000172845	28.049999999999997	28.330000000000002	9.709999999999999	11.989999999999998	16.27	15.01	11.030000000000001	9.74	15.68	18.43	8.91	13.32	8.27	24.820000000000004
MA0747.1	SP8	ENSG00000164651	0.0	0.0	0.11	0.17	0.0	0.0	0.0	0.0	2.4499999999999997	4.26	0.0	0.06	0.06	0.07
MA0748.1	YY2	ENSG00000230797	0.4	0.66	1.05	1.28	0.21	0.4	5.03	2.25	0.45	0.49	0.58	1.05	0.27	0.42
MA0749.1	ZBED1	ENSG00000214717	34.980000000000004	38.53	10.27	7.6899999999999995	17.45	15.010000000000002	13.840000000000002	26.689999999999998	11.78	18.21	24.53	17.689999999999998	10.74	5.8
MA0750.1	ZBTB7A	ENSG00000178951	1.83	1.57	7.81	6.8	3.3000000000000003	6.27	5.58	12.059999999999999	7.01	8.85	7.49	4.27	11.0	3.92
MA0750.2	ZBTB7A	ENSG00000178951	1.83	1.57	7.81	6.8	3.3000000000000003	6.27	5.58	12.059999999999999	7.01	8.85	7.49	4.27	11.0	3.92
MA0751.1	ZIC4	ENSG00000174963	0.0	0.0	0.0	0.0	0.0	0.0	0.0	0.0	0.0	0.0	0.0	0.0	0.0	0.0
MA0752.1	ZNF410	ENSG00000119725	43.23	41.9	26.620000000000005	28.77	10.240000000000002	10.77	22.09	13.540000000000001	12.47	11.57	13.780000000000001	16.46	28.72	59.12
MA0753.1	ZNF740	ENSG00000139651	3.8999999999999995	4.45	34.73	40.85	27.78	26.59	50.839999999999996	65.19	20.27	19.23	22.729999999999997	20.81	2.79	3.7700000000000005
MA0754.1	CUX1	ENSG00000257923	17.54	22.140000000000004	126.47	96.70999999999998	78.47	79.15999999999998	71.54	67.00999999999999	78.58999999999999	58.74999999999999	93.26	79.96000000000002	27.55	21.840000000000003
MA0755.1	CUX2	ENSG00000111249	0.75	0.43000000000000005	0.01	0.0	0.0	0.01	0.03	0.0	1.92	2.34	0.0	0.01	0.0	0.0
MA0756.1	ONECUT2	ENSG00000119547	0.01	0.01	0.35	1.03	2.04	2.7600000000000002	3.12	4.65	0.16	0.33	0.0	0.01	0.01	0.01
MA0757.1	ONECUT3	ENSG00000205922	0.0	0.0	0.01	0.04	0.0	0.0	0.01	0.07	0.01	0.0	0.0	0.0	0.0	0.0
MA0758.1	E2F7	ENSG00000165891	22.63	19.67	6.71	10.439999999999998	1.9300000000000002	1.7399999999999998	20.97	31.200000000000003	11.969999999999999	17.24	7.370000000000001	14.34	3.4599999999999995	5.19
MA0759.1	ELK3	ENSG00000111145	1.0	0.69	9.780000000000001	9.930000000000001	4.42	5.279999999999999	47.99999999999999	35.5	10.68	10.040000000000001	528.9100000000001	311.48	20.52	25.900000000000002
MA0760.1	ERF	ENSG00000105722	7.09	7.069999999999999	12.440000000000001	15.66	10.719999999999999	14.399999999999999	8.03	5.21	14.690000000000001	14.559999999999999	16.6	14.190000000000001	50.0	30.96
MA0761.1	ETV1	ENSG00000006468	0.09	0.22	17.269999999999996	10.760000000000002	0.0	0.0	0.0	0.0	26.1	35.309999999999995	4.32	6.84	2.51	1.9100000000000001
MA0762.1	ETV2	ENSG00000105672	1.39	0.42	1.24	2.5600000000000005	0.19	0.45	0.52	0.54	0.81	1.35	1.07	0.38	0.8200000000000001	0.26
MA0763.1	ETV3	ENSG00000117036	2.13	2.8399999999999994	2.66	2.7300000000000004	2.34	2.9800000000000004	8.870000000000001	5.8100000000000005	4.05	5.85	4.52	5.6499999999999995	8.479999999999999	11.51
MA0764.1	ETV4	ENSG00000175832	2.1199999999999997	1.48	25.81	30.29	114.12999999999998	127.75999999999999	15.190000000000001	10.22	28.569999999999997	37.129999999999995	4.619999999999999	9.31	24.200000000000003	16.490000000000002
MA0765.1	ETV5	ENSG00000244405	14.489999999999998	11.53	25.18	20.580000000000002	18.77	32.17	14.379999999999999	6.049999999999999	13.979999999999999	20.32	14.04	17.52	22.09	32.08
MA0766.1	GATA5	ENSG00000130700	0.01	0.01	0.14	0.18	0.02	0.0	0.0	0.0	0.0	0.14	0.0	0.0	0.0	0.0
MA0767.1	GCM2	ENSG00000124827	0.0	0.0	0.02	0.0	0.0	0.0	0.0	0.0	0.04	0.04	0.0	0.0	0.0	0.0
MA0768.1	LEF1	ENSG00000138795	16.52	13.169999999999998	9.11	9.89	0.0	0.16	0.0	0.0	0.67	0.9199999999999999	0.0	0.0	1.06	1.49
MA0770.1	HSF2	ENSG00000025156	14.36	12.88	8.21	12.620000000000001	12.34	13.1	8.84	9.340000000000002	10.11	11.71	10.33	9.64	5.8100000000000005	13.379999999999999
MA0771.1	HSF4	ENSG00000102878	0.8299999999999998	0.5800000000000001	24.05	14.52	6.93	8.11	20.650000000000006	94.36000000000001	0.0	0.0	5.08	1.67	0.6100000000000001	0.56
MA0772.1	IRF7	ENSG00000185507	53.28000000000001	67.61	3.8200000000000003	1.2200000000000002	0.2	0.52	0.71	1.14	1.45	3.07	3.39	2.02	5.9799999999999995	1.9100000000000001
MA0773.1	MEF2D	ENSG00000116604	15.949999999999998	35.06	6.06	4.52	6.069999999999999	8.51	21.5	20.58	5.75	7.540000000000001	19.520000000000003	15.94	13.690000000000001	7.67
MA0774.1	MEIS2	ENSG00000134138	11.490000000000002	13.36	27.369999999999997	43.68	15.81	14.440000000000001	24.279999999999998	18.330000000000002	1.1099999999999999	1.29	45.800000000000004	43.81	7.98	7.300000000000001
MA0775.1	MEIS3	ENSG00000105419	0.02	0.18	3.6899999999999995	0.97	0.71	2.3799999999999994	15.209999999999999	33.879999999999995	46.16	43.9	0.13	0.0	5.17	2.9200000000000004
MA0776.1	MYBL1	ENSG00000185697	1.6800000000000002	1.7000000000000002	1.76	1.56	6.72	1.6900000000000002	10.12	10.5	6.41	6.25	4.67	9.85	0.69	1.6600000000000001
MA0777.1	MYBL2	ENSG00000101057	13.67	34.85	134.67000000000002	147.32999999999998	23.21	13.4	78.71000000000001	124.15	154.54999999999998	148.82999999999998	33.4	51.22	1.4100000000000001	1.03
MA0778.1	NFKB2	ENSG00000077150	23.060000000000002	25.28	44.12	22.060000000000002	16.54	21.68	142.58999999999997	228.48000000000002	33.57999999999999	36.7	63.629999999999995	32.76	11.780000000000001	7.890000000000001
MA0779.1	PAX1	ENSG00000125813	0.0	0.0	0.0	0.0	0.0	0.0	0.0	0.0	0.0	0.0	0.0	0.0	0.0	0.0
MA0780.1	PAX3	ENSG00000135903	0.03	0.0	0.0	0.0	0.0	0.0	0.0	0.0	0.22999999999999998	0.03	0.0	0.0	0.01	0.01
MA0781.1	PAX9	ENSG00000198807	0.0	0.09	0.6	0.83	0.02	0.02	0.66	0.51	0.18	0.0	0.23	0.11	1.1199999999999999	0.91
MA0782.1	PKNOX1	ENSG00000160199	18.799999999999997	16.549999999999997	24.64	26.37	14.339999999999998	20.790000000000003	29.68	21.999999999999996	23.790000000000003	36.81	33.38	45.64	14.059999999999999	24.180000000000003
MA0783.1	PKNOX2	ENSG00000165495	0.0	0.0	0.0	0.01	0.0	0.0	0.0	0.0	1.85	0.6799999999999999	0.0	0.0	0.05	0.01
MA0784.1	POU1F1	ENSG00000064835	0.0	0.0	0.0	0.0	0.0	0.0	0.06	0.0	0.0	0.0	0.0	0.0	0.0	0.0
MA0785.1	POU2F1	ENSG00000143190	13.13	17.49	1.27	1.2699999999999998	2.54	2.02	1.6599999999999997	4.489999999999999	10.36	9.43	1.41	0.51	1.1400000000000001	1.3800000000000001
MA0786.1	POU3F1	ENSG00000185668	0.04	0.04	0.0	0.0	0.0	0.03	0.0	0.0	2.84	2.55	0.0	0.0	0.86	0.54
MA0787.1	POU3F2	ENSG00000184486	0.0	0.01	0.05	0.09	0.0	0.0	0.04	0.02	0.04	0.21	0.0	0.0	0.0	0.0
MA0788.1	POU3F3	ENSG00000198914	0.01	0.0	0.0	0.0	0.0	0.0	0.0	0.0	0.01	0.07	0.0	0.0	0.0	0.0
MA0789.1	POU3F4	ENSG00000196767	0.0	0.0	0.0	0.0	0.0	0.0	0.0	0.0	0.67	0.64	0.0	0.0	0.0	0.0
MA0790.1	POU4F1	ENSG00000152192	0.0	0.01	0.56	0.41	1.26	0.7	0.0	0.0	0.08	0.12	0.0	0.28	0.0	0.0
MA0791.1	POU4F3	ENSG00000091010	0.0	0.0	0.0	0.0	0.0	0.0	0.0	0.0	0.0	0.0	0.0	0.0	0.0	0.0
MA0792.1	POU5F1B	ENSG00000212993	0.01	0.01	0.02	0.01	0.02	0.0	0.06	0.07	2.39	0.79	0.0	0.01	0.25	0.18
MA0793.1	POU6F2	ENSG00000106536	0.01	0.0	1.35	0.99	0.04	0.0	0.0	0.0	0.49	0.18	0.0	0.0	0.0	0.0
MA0794.1	PROX1	ENSG00000117707	0.02	0.02	0.0	0.0	31.240000000000002	26.8	0.03	0.0	0.6000000000000001	1.4100000000000001	1.33	0.93	0.11	0.32
MA0795.1	SMAD3	ENSG00000166949	4.84	6.31	9.21	8.52	10.67	13.25	7.58	15.48	3.54	2.57	22.380000000000003	25.000000000000004	20.479999999999997	19.77
MA0796.1	TGIF1	ENSG00000177426	3.08	5.66	63.62	45.25000000000001	49.07	66.58	88.39999999999999	119.72999999999999	212.90000000000003	184.83	53.67	48.74999999999999	88.87000000000002	115.65
MA0797.1	TGIF2	ENSG00000118707	18.93	30.320000000000004	1.37	2.62	5.54	7.390000000000001	2.19	1.9499999999999997	10.24	11.45	3.4800000000000004	2.9799999999999995	5.56	5.65
MA0798.1	RFX3	ENSG00000080298	5.58	6.670000000000001	3.34	1.9100000000000001	3.99	3.56	1.7400000000000002	0.85	6.07	9.219999999999999	2.2300000000000004	3.0300000000000002	0.53	1.09
MA0799.1	RFX4	ENSG00000111783	0.0	0.01	0.0	0.0	0.03	0.0	0.0	0.0	0.03	0.16	0.0	0.0	0.0	0.0
MA0800.1	EOMES	ENSG00000163508	0.89	1.4100000000000001	0.0	0.0	0.0	0.0	0.18	0.0	0.01	0.52	0.0	0.0	0.63	1.7
MA0801.1	MGA	ENSG00000174197	15.14	17.26	22.81	23.289999999999996	25.88	20.73	43.17	38.9	19.91	31.04	16.82	22.979999999999997	1.1400000000000001	2.93
MA0802.1	TBR1	ENSG00000136535	0.0	0.0	0.0	0.0	0.0	0.0	0.0	0.0	0.0	0.0	0.0	0.0	0.0	0.0
MA0803.1	TBX15	ENSG00000092607	0.78	1.03	7.5200000000000005	1.97	4.35	3.4800000000000004	0.23	0.14	0.06	0.13	0.0	0.0	0.0	0.0
MA0804.1	TBX19	ENSG00000143178	0.34	0.94	0.87	0.6000000000000001	0.17	0.1	0.33	0.45	0.15	0.24	0.0	0.16	0.34	0.45
MA0805.1	TBX1	ENSG00000184058	0.0	0.0	4.28	5.960000000000001	0.0	0.0	0.0	0.25	0.0	0.0	1.45	1.23	0.01	0.0
MA0806.1	TBX4	ENSG00000121075	0.0	0.0	0.0	0.0	0.0	0.0	0.0	0.0	0.0	0.0	0.0	0.0	0.01	0.01
MA0807.1	TBX5	ENSG00000089225	0.01	0.03	0.0	0.0	0.0	0.0	0.0	0.0	0.0	0.0	0.0	0.0	0.0	0.0
MA0808.1	TEAD3	ENSG00000007866	0.08	0.14	3.99	2.7800000000000002	6.01	6.58	1.91	2.67	6.74	7.97	0.3	0.32	6.8999999999999995	4.83
MA0809.1	TEAD4	ENSG00000197905	0.13999999999999999	0.02	10.82	18.04	17.57	26.459999999999997	13.340000000000002	13.549999999999999	26.44	35.870000000000005	16.43	20.21	4.859999999999999	4.34
MA0810.1	TFAP2A(var.2)	ENSG00000137203	0.19	0.15	7.62	3.41	0.28	0.15	35.050000000000004	66.89	0.5700000000000001	0.7	0.08	0.0	30.879999999999995	24.390000000000004
MA0811.1	TFAP2B	ENSG00000008196	0.1	0.0	0.0	0.01	0.0	0.0	0.0	0.0	0.15	0.05	0.0	0.0	0.0	0.0
MA0812.1	TFAP2B(var.2)	ENSG00000008196	0.1	0.0	0.0	0.01	0.0	0.0	0.0	0.0	0.15	0.05	0.0	0.0	0.0	0.0
MA0813.1	TFAP2B(var.3)	ENSG00000008196	0.1	0.0	0.0	0.01	0.0	0.0	0.0	0.0	0.15	0.05	0.0	0.0	0.0	0.0
MA0814.1	TFAP2C(var.2)	ENSG00000087510	0.0	0.0	0.0	0.02	0.02	0.0	3.75	4.1	1.93	1.85	0.0	0.0	5.68	6.9799999999999995
MA0815.1	TFAP2C(var.3)	ENSG00000087510	0.0	0.0	0.0	0.02	0.02	0.0	3.75	4.1	1.93	1.85	0.0	0.0	5.68	6.9799999999999995
MA0817.1	BHLHE23	ENSG00000125533	0.0	0.0	0.0	0.0	0.0	0.0	0.0	0.0	0.0	0.0	0.0	0.0	0.0	0.0
MA0818.1	BHLHE22	ENSG00000180828	0.14	0.3	0.0	0.0	0.0	0.0	0.0	0.0	0.03	0.0	0.0	0.0	0.0	0.0
MA0819.1	CLOCK	ENSG00000134852	4.76	9.27	6.449999999999999	8.120000000000001	11.830000000000002	8.969999999999999	6.13	3.93	8.19	14.5	8.58	16.35	9.280000000000001	21.28
MA0820.1	FIGLA	ENSG00000183733	0.0	0.0	0.0	0.0	0.0	0.0	0.0	0.0	0.0	0.0	0.0	0.0	0.0	0.0
MA0821.1	HES5	ENSG00000273529	0.0	0.0	0.0	0.0	0.0	0.0	0.0	0.0	0.0	0.0	0.0	0.0	0.0	0.0
MA0822.1	HES7	ENSG00000179111	0.06	0.06	0.04	0.09	0.0	0.0	6.6	7.880000000000001	0.16999999999999998	0.0	0.0	0.09	0.75	0.01
MA0823.1	HEY1	ENSG00000164683	0.59	0.9199999999999999	15.27	14.65	14.170000000000002	5.79	24.929999999999996	15.01	0.88	2.7399999999999998	17.68	5.2	0.8300000000000001	0.54
MA0824.1	ID4	ENSG00000172201	0.01	0.06	0.0	0.0	0.02	0.1	0.0	0.0	1.42	2.31	0.0	0.0	0.45	0.58
MA0825.1	MNT	ENSG00000070444	2.3899999999999997	3.02	10.120000000000001	7.33	5.660000000000001	7.920000000000001	21.830000000000002	27.5	8.96	9.889999999999999	8.690000000000001	5.779999999999999	1.85	1.04
MA0826.1	OLIG1	ENSG00000184221	0.0	0.1	0.0	0.0	0.0	0.0	0.0	0.0	0.18	0.77	0.0	0.0	0.0	0.0
MA0827.1	OLIG3	ENSG00000177468	0.0	0.03	0.0	0.0	0.0	0.0	0.0	0.0	0.93	0.78	0.0	0.0	0.0	0.0
MA0828.1	SREBF2(var.2)	ENSG00000198911	58.97	65.06	63.55000000000001	39.47999999999999	35.83	55.67000000000001	10.500000000000002	16.6	57.88000000000001	53.82000000000001	22.849999999999998	22.64	40.66	49.79
MA0830.1	TCF4	ENSG00000196628	16.299999999999997	22.869999999999997	19.97	21.150000000000002	0.06	0.08	0.1	0.0	98.58000000000001	97.96	139.28	125.16000000000001	4.04	7.5299999999999985
MA0831.1	TFE3	ENSG00000068323	8.6	9.89	19.52	19.07	16.549999999999997	29.75	67.32000000000001	68.67	37.97	43.85	47.04	36.04	19.97	11.36
MA0831.2	TFE3	ENSG00000068323	8.6	9.89	19.52	19.07	16.549999999999997	29.75	67.32000000000001	68.67	37.97	43.85	47.04	36.04	19.97	11.36
MA0833.1	ATF4	ENSG00000128272	150.05999999999997	140.41000000000003	387.08	115.75	293.60999999999996	413.91999999999996	260.65	285.18	275.15000000000003	244.64000000000001	158.74	155.21	513.14	548.55
MA0834.1	ATF7	ENSG00000170653	21.45	23.860000000000003	14.58	24.509999999999998	16.93	18.689999999999998	57.31	26.009999999999998	10.25	10.079999999999998	41.480000000000004	40.25	9.540000000000001	16.1
MA0835.1	BATF3	ENSG00000123685	9.600000000000001	16.13	4.829999999999999	1.26	0.06	0.17	0.24	0.16	2.06	2.36	0.47000000000000003	0.12	0.08	0.0
MA0836.1	CEBPD	ENSG00000221869	0.14	0.14	1.09	0.43	1.21	4.27	3.42	3.98	0.31	0.53	0.49	0.0	10.71	4.42
MA0837.1	CEBPE	ENSG00000092067	0.13	0.0	0.12	0.03	0.0	0.0	0.0	0.08	0.0	0.0	0.0	0.0	0.0	0.0
MA0838.1	CEBPG	ENSG00000153879	19.32	17.76	52.5	20.34	26.78	44.6	27.75	21.21	21.92	23.57	17.55	17.93	13.33	21.5
MA0839.1	CREB3L1	ENSG00000157613	0.35000000000000003	0.19	33.010000000000005	29.630000000000003	0.0	0.0	1.72	2.27	27.810000000000002	22.470000000000002	1.56	1.0899999999999999	0.14	0.05
MA0841.1	NFE2	ENSG00000123405	0.0	0.0	87.31	144.76999999999998	0.68	0.7	1.15	3.58	2.4499999999999997	1.6300000000000001	0.0	0.0	0.15000000000000002	0.13
MA0842.1	NRL	ENSG00000129535	0.11	1.77	0.51	0.22999999999999998	0.19	0.54	0.05	0.0	0.08	0.24000000000000002	0.0	0.06	0.32	0.35000000000000003
MA0843.1	TEF	ENSG00000167074	0.91	1.87	0.22	0.41000000000000003	5.82	2.43	0.77	1.71	3.0	2.96	1.73	0.98	9.64	5.43
MA0844.1	XBP1	ENSG00000100219	239.82999999999996	247.89000000000001	149.51	84.37999999999998	287.25	446.93000000000006	100.49000000000001	132.92	99.53000000000002	118.15	72.7	67.64	44.83	78.55000000000001
MA0845.1	FOXB1	ENSG00000171956	0.0	0.0	0.17	0.0	0.0	0.0	0.0	0.0	0.44	0.78	0.0	0.0	0.0	0.0
MA0846.1	FOXC2	ENSG00000176692	0.0	0.0	0.02	0.0	0.0	0.03	4.99	4.97	0.0	0.0	21.62	15.3	0.01	0.01
MA0847.1	FOXD2	ENSG00000186564	0.17	0.18	0.79	0.36	0.05	0.1	0.14	0.4	0.02	0.06	0.03	0.01	0.03	0.01
MA0848.1	FOXO4	ENSG00000184481	0.64	0.76	13.370000000000001	12.120000000000001	8.54	14.370000000000001	8.13	22.02	15.629999999999999	13.969999999999999	2.75	2.44	1.88	1.5899999999999999
MA0849.1	FOXO6	ENSG00000204060	0.0	0.0	0.05	0.02	0.0	0.0	0.15	0.28	0.21	0.0	0.0	0.0	0.0	0.0
MA0850.1	FOXP3	ENSG00000049768	0.03	0.03	0.08	0.05	0.0	0.03	0.16	0.0	0.22	0.08	0.0	0.0	0.07	0.02
MA0852.2	FOXK1	ENSG00000164916	2.39	3.4899999999999998	2.69	1.73	1.18	3.44	4.34	6.159999999999999	1.47	1.03	5.46	2.8000000000000003	4.45	3.2
MA0855.1	RXRB	ENSG00000206289	0.0	0.0	0.0	0.0	0.0	0.0	0.0	0.0	0.0	0.0	0.0	0.0	0.0	0.0
MA0856.1	RXRG	ENSG00000143171	0.05	0.08	0.0	0.0	0.0	0.0	0.0	0.0	0.0	0.12	0.0	0.0	0.07	0.1
MA0861.1	TP73	ENSG00000078900	14.820000000000002	23.25	0.71	0.8099999999999999	0.14	0.45	0.04	0.15	1.7399999999999998	1.74	0.0	0.0	0.11	0.04
MA0862.1	GMEB2	ENSG00000101216	1.42	2.7199999999999998	4.04	4.47	3.51	4.08	5.760000000000001	6.67	4.26	3.5	3.3	3.38	5.25	3.44
MA0863.1	MTF1	ENSG00000188786	10.95	11.709999999999999	4.58	5.11	6.26	2.71	8.690000000000001	6.03	8.26	4.89	6.25	8.41	6.3	11.84
MA0864.1	E2F2	ENSG00000007968	11.09	13.83	3.47	3.52	0.51	0.18	2.51	6.4399999999999995	1.76	1.62	0.2	0.97	0.02	0.05
MA0865.1	E2F8	ENSG00000129173	15.569999999999999	18.04	7.84	14.86	3.73	1.21	4.32	7.3999999999999995	8.37	10.91	3.75	6.93	0.27	0.6900000000000001
MA0866.1	SOX21	ENSG00000125285	0.0	0.0	0.02	0.0	0.0	0.0	0.0	0.0	1.37	1.78	0.0	0.06	0.02	0.03
MA0867.1	SOX4	ENSG00000124766	26.71	23.92	0.04	0.03	0.55	1.09	4.96	4.66	18.46	21.55	24.45	20.81	5.79	7.59
MA0868.1	SOX8	ENSG00000005513	0.0	0.0	0.0	0.03	0.28	0.34	0.0	0.0	1.9800000000000002	2.32	0.39	0.30000000000000004	0.02	0.04
MA0871.1	TFEC	ENSG00000105967	1.6400000000000001	0.8	0.02	0.0	0.0	0.0	0.01	0.0	0.04	0.0	8.52	29.259999999999998	0.01	0.06
MA0872.1	TFAP2A(var.3)	ENSG00000137203	0.19	0.15	7.62	3.41	0.28	0.15	35.050000000000004	66.89	0.5700000000000001	0.7	0.08	0.0	30.879999999999995	24.390000000000004
MA0873.1	HOXD12	ENSG00000170178	0.0	0.0	0.0	0.0	0.0	0.0	0.0	0.0	0.0	0.0	0.0	0.0	0.0	0.0
MA0875.1	BARX1	ENSG00000131668	0.0	0.0	0.5	0.0	0.0	0.0	8.28	17.75	0.79	0.62	0.0	0.0	0.0	0.0
MA0876.1	BSX	ENSG00000188909	0.0	0.0	0.0	0.0	0.0	0.0	0.0	0.0	0.0	0.0	0.0	0.0	0.0	0.0
MA0878.1	CDX1	ENSG00000113722	0.0	0.0	0.0	0.0	0.0	0.0	0.0	0.0	0.03	0.0	0.0	0.0	0.0	0.0
MA0882.1	DLX6	ENSG00000006377	0.0	0.0	0.0	0.0	2.87	5.460000000000001	0.0	0.0	0.16	0.0	0.0	0.0	0.14	0.05
MA0884.1	DUXA	ENSG00000258873	0.0	0.0	0.06	0.0	0.0	0.0	0.0	0.0	0.0	0.0	0.0	0.0	0.0	0.0
MA0886.1	EMX2	ENSG00000170370	0.0	0.01	0.0	0.0	0.09	0.13	0.0	0.0	0.2	0.21	0.0	0.0	2.39	2.5999999999999996
MA0887.1	EVX1	ENSG00000106038	0.02	0.0	0.0	0.0	0.0	0.0	0.0	0.0	0.0	0.09	0.0	0.0	0.0	0.0
MA0888.1	EVX2	ENSG00000174279	0.0	0.0	0.0	0.0	0.0	0.0	0.0	0.0	0.0	0.0	0.0	0.0	0.0	0.0
MA0889.1	GBX1	ENSG00000164900	0.0	0.0	0.0	0.0	0.0	0.0	0.0	0.0	0.0	0.08	0.0	0.0	0.0	0.0
MA0890.1	GBX2	ENSG00000168505	0.0	0.0	0.41	0.24	0.0	0.0	4.01	2.74	0.26	0.71	18.209999999999997	10.379999999999999	0.18	0.06
MA0891.1	GSC2	ENSG00000063515	0.0	0.0	0.0	0.0	0.0	0.0	0.0	0.0	0.0	0.0	0.0	0.06	0.02	0.04
MA0892.1	GSX1	ENSG00000169840	0.0	0.0	0.0	0.0	0.0	0.0	0.0	0.0	0.0	0.0	0.0	0.0	0.0	0.0
MA0893.1	GSX2	ENSG00000180613	0.0	0.0	0.0	0.0	0.0	0.2	0.0	0.0	0.0	0.0	0.0	0.0	0.0	0.0
MA0894.1	HESX1	ENSG00000163666	1.75	2.45	0.48	0.28	0.72	1.29	1.61	4.03	4.33	6.73	0.72	0.24	0.02	0.19
MA0895.1	HMBOX1	ENSG00000147421	12.350000000000001	13.600000000000001	13.81	15.489999999999998	12.67	13.69	15.85	16.37	7.0	7.41	11.959999999999997	12.49	4.42	9.180000000000001
MA0899.1	HOXA10	ENSG00000253293	0.0	0.0	0.0	0.0	0.0	0.0	3.76	3.8099999999999996	0.0	0.0	4.2	5.67	1.55	1.7699999999999998
MA0900.1	HOXA2	ENSG00000105996	0.0	0.0	0.0	0.0	0.24000000000000002	0.21000000000000002	0.1	0.26	0.0	0.0	0.73	1.94	0.19	0.39
MA0901.1	HOXB13	ENSG00000159184	0.0	0.0	0.0	0.0	0.0	0.0	0.19	0.41	0.0	0.0	0.0	0.0	0.0	0.0
MA0902.1	HOXB2	ENSG00000173917	3.0300000000000002	2.4699999999999998	10.32	9.14	0.0	0.0	0.06	0.0	0.03	0.16	2.39	1.8499999999999999	3.54	3.46
MA0903.1	HOXB3	ENSG00000120093	0.27	0.14	26.0	15.46	0.0	0.19	6.83	12.450000000000001	0.05	0.14	13.48	18.51	0.36000000000000004	0.38999999999999996
MA0905.1	HOXC10	ENSG00000180818	0.0	0.0	0.53	0.39	0.79	0.43000000000000005	81.30000000000001	103.11	0.0	0.0	2.6799999999999997	3.0100000000000002	18.69	20.75
MA0906.1	HOXC12	ENSG00000123407	0.0	0.0	0.32	0.03	0.0	0.0	0.0	0.0	0.0	0.0	0.0	0.0	0.33	0.36
MA0907.1	HOXC13	ENSG00000123364	0.0	0.0	0.02	0.13	0.02	0.0	1.4	2.63	0.0	0.0	0.0	0.0	4.48	4.49
MA0908.1	HOXD11	ENSG00000128713	0.0	0.0	0.0	0.0	0.0	0.0	0.13	0.0	0.0	0.0	0.0	0.0	0.0	0.0
MA0909.1	HOXD13	ENSG00000128714	0.0	0.0	0.0	0.0	0.0	0.0	0.0	0.0	0.05	0.0	0.0	0.0	0.0	0.0
MA0914.1	ISL2	ENSG00000159556	0.02	0.03	16.12	8.0	2.06	4.82	1.02	0.77	0.11	0.12	0.0	0.0	0.01	0.0
MA1100.1	ASCL1	ENSG00000139352	21.84	24.6	0.1	0.02	0.0	0.0	0.0	0.0	0.02	0.0	0.0	0.0	0.0	0.0
MA1101.1	BACH2	ENSG00000112182	0.0	0.01	0.56	0.59	0.0	0.0	0.0	0.0	1.4200000000000002	1.17	0.33999999999999997	0.39	0.37	0.38
MA1102.1	CTCFL	ENSG00000124092	0.02	0.16	177.01999999999992	134.91	0.39	0.05	0.0	0.0	0.94	0.18	0.0	0.0	0.0	0.0
MA1103.1	FOXK2	ENSG00000141568	3.39	2.1599999999999997	29.33	32.73	33.74999999999999	64.82	12.84	15.849999999999998	22.499999999999996	23.660000000000004	21.08	17.18	28.240000000000002	29.230000000000008
MA1104.1	GATA6	ENSG00000141448	0.0	0.03	0.03	0.01	0.54	0.73	2.43	1.5	0.0	0.33	2.84	4.31	0.27	0.32
MA1105.1	GRHL2	ENSG00000083307	0.0	0.03	0.0	0.0	0.05	0.0	0.0	0.0	15.01	16.29	0.06	0.0	13.2	12.469999999999999
MA1106.1	HIF1A	ENSG00000100644	49.2	52.89	15.88	23.110000000000003	49.92	83.73	224.45999999999998	219.96	126.41	139.16	75.02	108.11999999999999	54.690000000000005	111.89999999999999
MA1107.1	KLF9	ENSG00000119138	0.17	0.08	3.05	2.43	3.0	4.32	1.68	2.54	0.31	0.59	9.05	5.12	1.72	2.81
MA1108.1	MXI1	ENSG00000119950	0.05	0.27	23.13	22.890000000000008	110.58999999999999	101.35000000000002	222.02	257.72999999999996	17.349999999999998	12.360000000000003	8.5	11.850000000000001	9.5	15.299999999999999
MA1109.1	NEUROD1	ENSG00000162992	0.01	0.0	0.0	0.0	0.0	0.0	0.0	0.0	0.0	0.0	0.0	0.0	0.0	0.0
MA1110.1	NR1H4	ENSG00000012504	0.0	0.0	0.12	0.03	38.82	77.38000000000001	0.0	0.0	0.0	0.0	0.0	0.0	0.0	0.0
MA1111.1	NR2F2	ENSG00000185551	2.6399999999999997	1.41	10.37	10.190000000000001	9.069999999999999	6.4	9.91	6.26	0.32	0.08	56.879999999999995	65.84	20.69	21.43
MA1112.1	NR4A1	ENSG00000123358	1.69	1.2	1.22	1.05	1.02	3.0999999999999996	40.599999999999994	38.27	1.8800000000000001	4.550000000000001	1.34	1.56	2.1099999999999994	0.8400000000000001
MA1113.1	PBX2	ENSG00000232005	0.0	0.0	0.0	0.0	0.0	0.0	0.0	0.0	0.0	0.0	0.0	0.0	0.0	0.0
MA1114.1	PBX3	ENSG00000167081	8.120000000000001	7.489999999999999	1.04	1.45	3.1800000000000006	4.68	26.17	39.519999999999996	38.37	57.24	22.35	21.13	11.259999999999998	18.68
MA1115.1	POU5F1	ENSG00000206454	0.0	0.0	0.0	0.0	0.0	0.0	0.0	0.0	0.0	0.0	0.0	0.0	0.0	0.0
MA1116.1	RBPJ	ENSG00000168214	47.029999999999994	48.160000000000004	14.91	19.54	28.089999999999996	28.889999999999997	38.059999999999995	36.59	114.57000000000004	84.80999999999999	13.09	22.710000000000004	12.170000000000002	23.07
MA1117.1	RELB	ENSG00000104856	6.09	8.739999999999998	1.1400000000000001	0.8099999999999999	0.97	1.32	4.77	8.9	4.95	4.8	6.2	3.85	7.240000000000001	3.51
MA1118.1	SIX1	ENSG00000126778	0.01	0.0	0.08	0.04	0.94	0.81	0.32	0.86	0.0	0.0	0.0	0.03	0.01	0.02
MA1119.1	SIX2	ENSG00000170577	0.0	0.0	0.0	0.0	0.03	0.0	3.08	2.74	0.12	0.0	1.52	1.1	0.02	0.02
MA1120.1	SOX13	ENSG00000143842	0.0	0.03	0.08	0.06	9.89	11.04	21.19	31.19	49.43	50.64	7.42	8.13	4.73	4.26
MA1121.1	TEAD2	ENSG00000074219	0.08	0.1	6.780000000000001	6.91	2.2	4.319999999999999	3.88	7.300000000000001	40.660000000000004	42.74999999999999	25.88	23.34	6.5600000000000005	5.67
MA1122.1	TFDP1	ENSG00000198176	34.06	29.830000000000002	99.47	161.88	39.36	39.339999999999996	150.76000000000002	149.0	102.9	104.13999999999999	116.86	139.79999999999998	65.95	77.85000000000001
MA1123.1	TWIST1	ENSG00000122691	0.0	0.0	0.22000000000000003	0.06	0.0	0.0	0.0	0.0	0.03	0.05	0.0	0.0	3.08	1.82
MA1124.1	ZNF24	ENSG00000172466	23.060000000000002	22.120000000000005	40.010000000000005	40.970000000000006	25.5	24.880000000000003	35.46	26.380000000000003	21.41	24.580000000000002	20.14	24.389999999999997	5.32	10.73
MA1125.1	ZNF384	ENSG00000126746	24.99	23.709999999999997	37.690000000000005	29.22	21.659999999999997	23.210000000000004	35.489999999999995	28.59	44.68	43.93	22.88	22.380000000000006	19.130000000000003	22.5
MA1126.1	FOS::JUN(var.2)	ENSG00000170345	0.31	0.52	17.04	20.950000000000003	11.219999999999999	15.279999999999998	618.46	449.52	69.78	138.86	3.88	9.670000000000002	54.01999999999999	48.96999999999999
MA1127.1	FOSB::JUN	ENSG00000125740	0.64	0.35	0.89	0.4	0.48000000000000004	0.51	28.98	3.0200000000000005	0.52	1.96	4.82	3.5700000000000003	1.92	0.9500000000000001
MA1128.1	FOSL1::JUN	ENSG00000175592	4.01	3.94	18.97	23.98	1.3399999999999999	8.69	106.28999999999999	15.880000000000003	7.8999999999999995	10.2	34.17	49.29	27.049999999999997	17.819999999999997
MA1129.1	FOSL1::JUN(var.2)	ENSG00000175592	4.01	3.94	18.97	23.98	1.3399999999999999	8.69	106.28999999999999	15.880000000000003	7.8999999999999995	10.2	34.17	49.29	27.049999999999997	17.819999999999997
MA1130.1	FOSL2::JUN	ENSG00000075426	0.08	0.1	1.53	1.06	14.959999999999999	23.16	46.14	39.94	1.22	1.56	28.19	20.28	15.69	19.279999999999998
MA1131.1	FOSL2::JUN(var.2)	ENSG00000075426	0.08	0.1	1.53	1.06	14.959999999999999	23.16	46.14	39.94	1.22	1.56	28.19	20.28	15.69	19.279999999999998
MA1132.1	JUN::JUNB	ENSG00000177606	2.7	2.89	25.2	18.36	24.55	47.82	107.61	34.95	6.33	7.91	109.89	86.4	28.54	16.37
MA1133.1	JUN::JUNB(var.2)	ENSG00000177606	2.7	2.89	25.2	18.36	24.55	47.82	107.61	34.95	6.33	7.91	109.89	86.4	28.54	16.37
MA1134.1	FOS::JUNB	ENSG00000170345	0.31	0.52	17.04	20.950000000000003	11.219999999999999	15.279999999999998	618.46	449.52	69.78	138.86	3.88	9.670000000000002	54.01999999999999	48.96999999999999
MA1135.1	FOSB::JUNB	ENSG00000125740	0.64	0.35	0.89	0.4	0.48000000000000004	0.51	28.98	3.0200000000000005	0.52	1.96	4.82	3.5700000000000003	1.92	0.9500000000000001
MA1136.1	FOSB::JUNB(var.2)	ENSG00000125740	0.64	0.35	0.89	0.4	0.48000000000000004	0.51	28.98	3.0200000000000005	0.52	1.96	4.82	3.5700000000000003	1.92	0.9500000000000001
MA1137.1	FOSL1::JUNB	ENSG00000175592	4.01	3.94	18.97	23.98	1.3399999999999999	8.69	106.28999999999999	15.880000000000003	7.8999999999999995	10.2	34.17	49.29	27.049999999999997	17.819999999999997
MA1138.1	FOSL2::JUNB	ENSG00000075426	0.08	0.1	1.53	1.06	14.959999999999999	23.16	46.14	39.94	1.22	1.56	28.19	20.28	15.69	19.279999999999998
MA1139.1	FOSL2::JUNB(var.2)	ENSG00000075426	0.08	0.1	1.53	1.06	14.959999999999999	23.16	46.14	39.94	1.22	1.56	28.19	20.28	15.69	19.279999999999998
MA1140.1	JUNB(var.2)	ENSG00000171223	71.05	76.4	17.42	10.76	1.52	5.01	117.11	327.34	1.65	2.07	12.04	7.08	36.46	10.71
MA1141.1	FOS::JUND	ENSG00000170345	0.31	0.52	17.04	20.950000000000003	11.219999999999999	15.279999999999998	618.46	449.52	69.78	138.86	3.88	9.670000000000002	54.01999999999999	48.96999999999999
MA1142.1	FOSL1::JUND	ENSG00000175592	4.01	3.94	18.97	23.98	1.3399999999999999	8.69	106.28999999999999	15.880000000000003	7.8999999999999995	10.2	34.17	49.29	27.049999999999997	17.819999999999997
MA1143.1	FOSL1::JUND(var.2)	ENSG00000175592	4.01	3.94	18.97	23.98	1.3399999999999999	8.69	106.28999999999999	15.880000000000003	7.8999999999999995	10.2	34.17	49.29	27.049999999999997	17.819999999999997
MA1144.1	FOSL2::JUND	ENSG00000075426	0.08	0.1	1.53	1.06	14.959999999999999	23.16	46.14	39.94	1.22	1.56	28.19	20.28	15.69	19.279999999999998
MA1145.1	FOSL2::JUND(var.2)	ENSG00000075426	0.08	0.1	1.53	1.06	14.959999999999999	23.16	46.14	39.94	1.22	1.56	28.19	20.28	15.69	19.279999999999998
MA1146.1	NR1A4::RXRA		0.0	0.0	0.0	0.0	0.0	0.0	0.0	0.0	0.0	0.0	0.0	0.0	0.0	0.0
MA1147.1	NR4A2::RXRA	ENSG00000153234	0.36	0.36000000000000004	1.0799999999999998	1.09	0.0	0.0	16.55	6.720000000000001	0.11	0.22	0.41000000000000003	0.47000000000000003	1.2700000000000002	1.06
MA1148.1	PPARA::RXRA	ENSG00000186951	2.4999999999999996	1.92	4.219999999999999	3.6	15.63	19.3	3.7800000000000002	5.420000000000001	3.4099999999999997	4.76	4.42	1.8699999999999999	3.3	4.26
MA1149.1	RARA::RXRG	ENSG00000131759	10.07	12.17	27.380000000000003	34.35	36.85	44.199999999999996	70.64	46.36	15.28	14.120000000000001	71.97000000000001	58.699999999999996	4.629999999999999	2.87
MA1150.1	RORB	ENSG00000198963	0.0	0.0	0.0	0.0	0.0	0.0	0.03	0.08	1.5699999999999998	3.13	0.0	0.0	0.0	0.0
MA1151.1	RORC	ENSG00000143365	0.0	0.0	0.0	0.0	1.17	1.2200000000000002	3.0	7.1899999999999995	0.2	0.03	0.0	0.0	0.12	0.06
MA1152.1	SOX15	ENSG00000129194	0.33	0.41	0.45	0.24	0.21	0.21000000000000002	0.19	0.12	5.06	5.27	0.0	0.17	101.37	49.53
MA1154.1	ZNF282	ENSG00000170265	1.65	1.71	48.86	55.06	21.07	20.42	33.35	49.07	19.46	21.009999999999998	16.43	22.9	8.549999999999999	5.11
MA1155.1	ZSCAN4	ENSG00000180532	0.0	0.0	0.0	0.0	0.06	0.38	0.0	0.0	0.0	0.0	0.0	0.0	0.07	0.21
MA1418.1	IRF3	ENSG00000126456	46.160000000000004	46.08	37.81999999999999	40.16	13.870000000000001	23.08	20.42	31.94	42.57000000000001	50.73	17.99	24.689999999999998	39.99	28.89
MA1419.1	IRF4	ENSG00000137265	233.85	238.03	0.29000000000000004	0.8799999999999999	0.0	0.29000000000000004	0.0	0.0	3.69	0.33	0.0	0.0	0.0	0.03
MA1420.1	IRF5	ENSG00000128604	74.64000000000001	77.91000000000001	0.07	0.08	0.1	0.27	0.14	0.19	0.7300000000000001	0.29	0.2	0.04	0.56	0.86
MA1421.1	TCF7L1	ENSG00000152284	0.02	0.09	0.06	0.0	0.82	0.7	0.22	0.28	36.34	39.71	8.38	7.91	2.3	1.28
