MA0740.1	KLF14	25.2452718422
MA0732.1	EGR3	22.0144434987
MA0511.2	RUNX2	17.4428982766
MA1102.1	CTCFL	17.3100216656
MA0781.1	PAX9	15.3710209963
MA0812.1	TFAP2B(var.2)	14.4639443587
MA0076.1*TPM	ELK4	13.1734928224
MA1131.1	FOSL2::JUN(var.2)	12.4884657414
MA0099.2	FOS::JUN	11.0263657113
MA0901.1	HOXB13	10.7912636637
MA0711.1	OTX1	10.7021905204
MA0751.1	ZIC4	10.440336961
MA0048.2	NHLH1	10.2702473404
MA0807.1	TBX5	8.56324247742
MA0506.1*TPM	NRF1	8.50125528196
MA0474.2	ERG	7.81386576576
MA0820.1	FIGLA	7.58224386199
MA0024.1*TPM	E2F1	7.57520333174
MA1137.1*TPM	FOSL1::JUNB	7.51361556572
MA0732.1*TPM	EGR3	7.48491078957
MA0767.1	GCM2	7.46112070961
MA0153.2	HNF1B	7.35948920489
MA0648.1	GSC	7.11527887316
MA0760.1*TPM	ERF	6.82391526657
MA0771.1	HSF4	6.75998389736
MA0668.1	NEUROD2	6.74153357196
MA0695.1	ZBTB7C	6.65680822801
MA1115.1	POU5F1	6.54385629118
MA0906.1	HOXC12	6.43154114051
MA1135.1	FOSB::JUNB	6.42788432047
MA0477.1*TPM	FOSL1	6.36376929137
MA0009.2	T	6.35875923878
MA0511.1	RUNX2	5.79258114303
MA0645.1*TPM	ETV6	5.7642699865
MA0139.1*TPM	CTCF	5.76269432146
MA0099.2*TPM	FOS::JUN	5.73371016987
MA0811.1	TFAP2B	5.64319308657
MA0003.3	TFAP2A	5.55611378232
MA1142.1*TPM	FOSL1::JUND	5.52391989095
MA0735.1	GLIS1	5.50368123111
MA0076.2*TPM	ELK4	5.39112637593
MA1101.1	BACH2	5.29833481974
MA0636.1	BHLHE41	5.26844054477
MA0789.1	POU3F4	5.22137955867
MA0779.1	PAX1	5.10258727968
MA0003.1	TFAP2A	5.10174201419
MA0037.3	GATA3	5.09299083516
MA0651.1	HOXC11	5.03057164013
MA0024.3*TPM	E2F1	4.92387934153
MA0158.1	HOXA5	4.91142361153
MA0700.1*TPM	LHX2	4.90832109034
MA0802.1	TBR1	4.86958270741
MA0783.1	PKNOX2	4.79827356962
MA0258.2	ESR2	4.79224769319
MA1113.1	PBX2	4.74877741702
MA0686.1	SPDEF	4.74354334942
MA0093.1*TPM	USF1	4.71175167589
MA1104.1	GATA6	4.68153185018
MA0669.1	NEUROG2	4.60005590617
MA0472.2*TPM	EGR2	4.55817531919
MA0642.1	EN2	4.55014749456
MA0661.1	MEOX1	4.5329052703
MA0141.3	ESRRB	4.48288063367
MA0157.2*TPM	FOXO3	4.31643928126
MA0813.1	TFAP2B(var.3)	4.23483750825
MA1133.1*TPM	JUN::JUNB(var.2)	4.23012932965
MA0032.1	FOXC1	4.16012639079
MA0024.2*TPM	E2F1	4.09556162636
MA0662.1	MIXL1	4.02813318819
MA0771.1*TPM	HSF4	3.92079066047
MA0856.1	RXRG	3.91036844419
MA0831.1*TPM	TFE3	3.90361814027
MA0674.1	NKX6-1	3.8601818616
MA0496.2*TPM	MAFK	3.75775161782
MA0496.2	MAFK	3.72054615625
MA0710.1	NOTO	3.7034471274
MA0902.1*TPM	HOXB2	3.70147234357
MA1421.1	TCF7L1	3.58441561481
MA0080.4*TPM	SPI1	3.58059277799
MA0914.1	ISL2	3.57449412088
MA0527.1*TPM	ZBTB33	3.52367359151
MA1132.1*TPM	JUN::JUNB	3.47742396937
MA0154.3*TPM	EBF1	3.47346585103
MA0105.1*TPM	NFKB1	3.45516356805
MA0734.1	GLI2	3.44152312805
MA1110.1	NR1H4	3.40881426544
MA0862.1*TPM	GMEB2	3.39634402218
MA0792.1	POU5F1B	3.37864052575
MA0039.3	KLF4	3.33287741042
MA0598.1	EHF	3.32032243357
MA0775.1	MEIS3	3.17155601231
MA1143.1*TPM	FOSL1::JUND(var.2)	3.17139718165
MA1127.1	FOSB::JUN	3.16460374724
MA0678.1	OLIG2	3.13930884031
MA0741.1*TPM	KLF16	3.10484810888
MA0656.1*TPM	JDP2(var.2)	3.09631586323
MA0684.1*TPM	RUNX3	3.07335900657
MA0018.1*TPM	CREB1	3.03120673901
MA0711.1*TPM	OTX1	2.99661334571
MA0787.1	POU3F2	2.99028490076
MA1121.1	TEAD2	2.98457947898
MA0060.1*TPM	NFYA	2.98456149355
MA0024.1	E2F1	2.97066797323
MA0823.1	HEY1	2.90579361499
MA0644.1	ESX1	2.90347902687
MA1147.1	NR4A2::RXRA	2.87115537418
MA0065.1	PPARG::RXRA	2.84496692004
MA0160.1	NR4A2	2.83901775354
MA0525.2*TPM	TP63	2.8278046344
MA0743.1	SCRT1	2.79595621007
MA0685.1*TPM	SP4	2.77283601538
MA1102.1*TPM	CTCFL	2.76960346649
MA0805.1	TBX1	2.68842772731
MA0806.1	TBX4	2.68842772731
MA1151.1	RORC	2.68210395692
MA0823.1*TPM	HEY1	2.67333012579
MA0653.1	IRF9	2.67063813347
MA0076.1	ELK4	2.56793232405
MA0852.2*TPM	FOXK1	2.52692165154
MA0892.1	GSX1	2.51043351158
MA0687.1	SPIC	2.50991205943
MA0028.1*TPM	ELK1	2.49792748025
MA0114.2	HNF4A	2.48750496892
MA0002.1*TPM	RUNX1	2.44895251419
MA0490.1*TPM	JUNB	2.44488526685
MA0842.1*TPM	NRL	2.39586089013
MA0669.1*TPM	NEUROG2	2.39202907121
MA0498.2	MEIS1	2.37138366472
MA0700.1	LHX2	2.37116960886
MA0691.1*TPM	TFAP4	2.3648993309
MA1155.1	ZSCAN4	2.36210811472
MA0844.1*TPM	XBP1	2.35543883363
MA1419.1*TPM	IRF4	2.3523341937
MA1117.1*TPM	RELB	2.35209415929
MA0875.1	BARX1	2.31662218651
MA0462.1*TPM	BATF::JUN	2.31536676927
MA0475.1*TPM	FLI1	2.30671076767
MA0508.2*TPM	PRDM1	2.3023021409
MA0698.1	ZBTB18	2.2801434411
MA0105.3*TPM	NFKB1	2.27942304632
MA1135.1*TPM	FOSB::JUNB	2.24975951217
MA0148.3	FOXA1	2.23788506831
MA0156.2	FEV	2.17389974314
MA0149.1*TPM	EWSR1-FLI1	2.1701241621
MA1123.1	TWIST1	2.15548625753
MA0157.2	FOXO3	2.14748222948
MA0080.2*TPM	SPI1	2.11492609726
MA0826.1	OLIG1	2.09062006604
MA0105.2*TPM	NFKB1	2.08195594064
MA1105.1	GRHL2	2.05383758499
MA0620.2	MITF	2.03243788304
MA1122.1*TPM	TFDP1	2.03074772085
MA0137.1*TPM	STAT1	1.99901016988
MA1106.1*TPM	HIF1A	1.9742434306
MA0470.1*TPM	E2F4	1.97144816557
MA0024.3	E2F1	1.93093307511
MA1118.1	SIX1	1.92367732125
MA0090.2	TEAD1	1.9196903024
MA0673.1	NKX2-8	1.91667808843
MA1137.1	FOSL1::JUNB	1.90700902683
MA0510.2*TPM	RFX5	1.90426423771
MA0652.1*TPM	IRF8	1.9017660572
MA0722.1	VAX1	1.9006765999
MA1126.1	FOS::JUN(var.2)	1.89734427905
MA1140.1*TPM	JUNB(var.2)	1.8921586814
MA0107.1*TPM	RELA	1.89184711892
MA0666.1	MSX1	1.89054411303
MA0665.1*TPM	MSC	1.86899086594
MA0101.1*TPM	REL	1.86885999805
MA0517.1*TPM	STAT1::STAT2	1.85453241464
MA0048.2*TPM	NHLH1	1.84864452127
MA0900.1	HOXA2	1.84690067065
MA0671.1	NFIX	1.84059076526
MA0098.3*TPM	ETS1	1.83452009128
MA1420.1*TPM	IRF5	1.82014764248
MA0749.1*TPM	ZBED1	1.81785423898
MA0638.1*TPM	CREB3	1.81143608915
MA0635.1	BARHL2	1.80248489608
MA0765.1*TPM	ETV5	1.78199834406
MA0838.1*TPM	CEBPG	1.76962263711
MA0058.1*TPM	MAX	1.76317694417
MA0831.2*TPM	TFE3	1.74320808965
MA0137.2*TPM	STAT1	1.73647218168
MA0731.1	BCL6B	1.73588667536
MA0660.1*TPM	MEF2B	1.71200923174
MA0060.2*TPM	NFYA	1.68901925561
MA0808.1	TEAD3	1.68524138953
MA0640.1	ELF3	1.67816080271
MA1150.1	RORB	1.66204273972
MA0043.1	HLF	1.64329371654
MA0093.2*TPM	USF1	1.63952450724
MA0258.2*TPM	ESR2	1.62936421569
MA0083.2*TPM	SRF	1.62683071907
MA0106.2*TPM	TP53	1.62041175002
MA0477.1	FOSL1	1.61516987091
MA0675.1	NKX6-2	1.61431785983
MA0024.2	E2F1	1.60610259857
MA0103.3*TPM	ZEB1	1.60261900577
MA0699.1	LBX2	1.59001604224
MA0510.1*TPM	RFX5	1.56117855226
MA0741.1	KLF16	1.53705351925
MA1154.1*TPM	ZNF282	1.52936501821
MA0113.3*TPM	NR3C1	1.52174212101
MA0884.1	DUXA	1.51724896366
MA0777.1*TPM	MYBL2	1.50942764669
MA0819.1*TPM	CLOCK	1.50361455933
MA0473.1*TPM	ELF1	1.50113154946
MA0150.1*TPM	NFE2L2	1.50039651692
MA0902.1	HOXB2	1.49857179902
MA0119.1*TPM	NFIC::TLX1	1.49822960687
MA0036.3	GATA2	1.49213719806
MA0730.1*TPM	RARA(var.2)	1.49005153723
MA0833.1*TPM	ATF4	1.48119882491
MA1133.1	JUN::JUNB(var.2)	1.46371257081
MA0491.1*TPM	JUND	1.46217543876
MA0079.3*TPM	SP1	1.43900866878
MA0051.1*TPM	IRF2	1.43461870249
MA0796.1*TPM	TGIF1	1.43230005336
MA0073.1*TPM	RREB1	1.40850770446
MA1142.1	FOSL1::JUND	1.40201012461
MA0147.3*TPM	MYC	1.39379637568
MA0062.1*TPM	GABPA	1.38830519325
MA0655.1*TPM	JDP2	1.38508307501
MA0781.1*TPM	PAX9	1.38339188967
MA0842.1	NRL	1.35359372324
MA0692.1*TPM	TFEB	1.35264072652
MA0628.1	POU6F1	1.34673480682
MA1418.1*TPM	IRF3	1.33346092244
MA0798.1*TPM	RFX3	1.3245127361
MA0131.1*TPM	HINFP	1.32372201708
MA0145.3*TPM	TFCP2	1.32307301723
MA0774.1*TPM	MEIS2	1.30172602872
MA0871.1	TFEC	1.29727791541
MA0017.1	NR2F1	1.29611963195
MA0014.2*TPM	PAX5	1.29565077797
MA0744.1	SCRT2	1.28312780091
MA0524.2	TFAP2C	1.2795020907
MA1119.1	SIX2	1.27689711421
MA0050.2*TPM	IRF1	1.2692857564
MA0050.1*TPM	IRF1	1.26778087481
MA0506.1	NRF1	1.26695309716
MA0778.1*TPM	NFKB2	1.26495056748
MA1100.1*TPM	ASCL1	1.26119573888
MA0157.1*TPM	FOXO3	1.25662504962
MA1131.1*TPM	FOSL2::JUN(var.2)	1.24884657414
MA0862.1	GMEB2	1.24865589051
MA0059.1*TPM	MAX::MYC	1.24415223027
MA0081.1*TPM	SPIB	1.23046010512
MA0785.1*TPM	POU2F1	1.22739412882
MA0100.3*TPM	MYB	1.21811511792
MA1132.1	JUN::JUNB	1.20326088905
MA0028.2*TPM	ELK1	1.19824210883
MA0600.1*TPM	RFX2	1.1909732351
MA0592.1*TPM	ESRRA	1.16938730198
MA1103.1*TPM	FOXK2	1.15633315174
MA0907.1	HOXC13	1.15392601128
MA0797.1*TPM	TGIF2	1.15132146874
MA0052.2*TPM	MEF2A	1.14500415103
MA0131.2*TPM	HINFP	1.14273815495
MA0106.3*TPM	TP53	1.14116343205
MA0507.1*TPM	POU2F2	1.12616159994
MA1127.1*TPM	FOSB::JUN	1.10761131153
MA0464.2*TPM	BHLHE40	1.10355066486
MA0596.1*TPM	SREBF2	1.10297252702
MA0473.2*TPM	ELF1	1.10206697402
MA0795.1*TPM	SMAD3	1.09833378896
MA0746.1*TPM	SP3	1.09753837641
MA1116.1*TPM	RBPJ	1.0887309705
MA0037.3*TPM	GATA3	1.06952807538
MA0489.1*TPM	JUN(var.2)	1.06037453893
MA0076.2	ELK4	1.05090182767
MA0871.1*TPM	TFEC	1.03782233233
MA1147.1*TPM	NR4A2::RXRA	1.0336159347
MA1114.1*TPM	PBX3	1.03316588872
MA0160.1*TPM	NR4A2	1.02204639128
MA0516.1*TPM	SP2	1.0187469629
MA0074.1*TPM	RXRA::VDR	1.0175073972
MA0058.2*TPM	MAX	1.01167564523
MA1145.1	FOSL2::JUND(var.2)	0.9937467764
MA1126.1*TPM	FOS::JUN(var.2)	0.986619025106
MA0873.1	HOXD12	0.983076494128
MA0060.3*TPM	NFYA	0.975949042707
MA0800.1*TPM	EOMES	0.972489718943
MA0113.1*TPM	NR3C1	0.970035582548
MA0760.1	ERF	0.965193107011
MA0513.1*TPM	SMAD2::SMAD3::SMAD4	0.963229335084
MA0472.2	EGR2	0.949619858165
MA0504.1*TPM	NR2C2	0.947858051648
MA0895.1*TPM	HMBOX1	0.944914418577
MA0018.3*TPM	CREB1	0.944253703543
MA0645.1	ETV6	0.938806186727
MA0479.1	FOXH1	0.93004355449
MA0843.1*TPM	TEF	0.927047004422
MA0815.1	TFAP2C(var.3)	0.926799707364
MA0745.1	SNAI2	0.926766277858
MA0106.1*TPM	TP53	0.922991216846
MA0115.1*TPM	NR1H2::RXRA	0.916235982082
MA0865.1*TPM	E2F8	0.913203686608
MA0661.1*TPM	MEOX1	0.90658105406
MA0834.1*TPM	ATF7	0.905691336416
MA0007.2	AR	0.899786487609
MA1154.1	ZNF282	0.894365507728
MA0057.1*TPM	MZF1(var.2)	0.885591106581
MA0083.2	SRF	0.884147129927
MA0488.1*TPM	JUN	0.882372931169
MA1141.1	FOS::JUND	0.880151245838
MA0083.1*TPM	SRF	0.874482965555
MA0162.3*TPM	EGR1	0.869579871385
MA0052.1*TPM	MEF2A	0.862992430587
MA0657.1*TPM	KLF13	0.861467597947
MA0148.1	FOXA1	0.84707950427
MA0137.3*TPM	STAT1	0.84172529294
MA0003.3*TPM	TFAP2A	0.833417067347
MA0597.1*TPM	THAP1	0.831281684716
MA0867.1*TPM	SOX4	0.830965427428
MA0502.1*TPM	NFYB	0.826767012383
MA0835.1*TPM	BATF3	0.821842931432
MA0718.1	RAX	0.818225709697
MA0662.1*TPM	MIXL1	0.805626637639
MA1143.1	FOSL1::JUND(var.2)	0.804923142551
MA0863.1*TPM	MTF1	0.797921888401
MA0162.2*TPM	EGR1	0.791526657572
MA0144.2*TPM	STAT3	0.778221513389
MA0600.2*TPM	RFX2	0.775039799409
MA0159.1*TPM	RARA::RXRA	0.771974040536
MA0003.1*TPM	TFAP2A	0.765261302128
MA0508.1*TPM	PRDM1	0.740927882532
MA0628.1*TPM	POU6F1	0.727236795685
MA0852.2	FOXK1	0.724046318494
MA0002.1	RUNX1	0.718167892725
MA0671.1*TPM	NFIX	0.71783039845
MA0014.3*TPM	PAX5	0.70656465662
MA0497.1*TPM	MEF2C	0.706173709534
MA0161.2*TPM	NFIC	0.702035828694
MA0027.2	EN1	0.70170824009
MA0639.1*TPM	DBP	0.701161008982
MA0800.1	EOMES	0.689709020526
MA0625.1*TPM	NFATC3	0.685404102018
MA0162.3	EGR1	0.679359274519
MA0522.2*TPM	TCF3	0.675215913094
MA0698.1*TPM	ZBTB18	0.661241597919
MA0088.2*TPM	ZNF143	0.658404020807
MA0691.1	TFAP4	0.63743917275
MA0528.1*TPM	ZNF263	0.632922816501
MA0525.1*TPM	TP63	0.628946725365
MA0157.1	FOXO3	0.62518659185
MA0162.2	EGR1	0.618380201228
MA0138.1*TPM	REST	0.614244740095
MA0153.1	HNF1B	0.604562462999
MA0138.2*TPM	REST	0.60246006378
MA0072.1*TPM	RORA(var.2)	0.585067389595
MA0032.2	FOXC1	0.576316297358
MA1108.1	MXI1	0.574609826775
MA0775.1*TPM	MEIS3	0.570880082216
MA0523.1	TCF7L2	0.559406800719
MA0258.1	ESR2	0.55927934066
MA0612.1*TPM	EMX1	0.557477888457
MA1103.1	FOXK2	0.5353394221
MA1120.1	SOX13	0.531419142089
MA0776.1*TPM	MYBL1	0.521342870589
MA0640.1*TPM	ELF3	0.52022984884
MA0466.1	CEBPB	0.519114901064
MA0093.1	USF1	0.5183445188
MA0492.1*TPM	JUND(var.2)	0.515141343805
MA0105.1	NFKB1	0.500748343195
MA0039.3*TPM	KLF4	0.499931611563
MA0843.1	TEF	0.495747061188
MA0079.3	SP1	0.486151577292
MA0887.1	EVX1	0.478942951159
MA0083.1	SRF	0.47526248128
MA0612.1	EMX1	0.46072552765
MA1141.1*TPM	FOS::JUND	0.457678647836
MA1149.1*TPM	RARA::RXRG	0.449535803475
MA0018.2*TPM	CREB1	0.44202450361
MA0154.3	EBF1	0.428294186317
MA0043.1*TPM	HLF	0.4272563663
MA0687.1*TPM	SPIC	0.426685050103
MA0042.2	FOXI1	0.426619318114
MA0849.1	FOXO6	0.426619318114
MA0850.1	FOXP3	0.426619318114
MA0033.2	FOXL1	0.426619318114
MA0847.1	FOXD2	0.426619318114
MA0848.1	FOXO4	0.426619318114
MA0091.1	TAL1::TCF3	0.422158621715
MA0599.1	KLF5	0.417749448258
MA0647.1	GRHL1	0.407511277808
MA0071.1*TPM	RORA	0.405279989085
MA0750.2*TPM	ZBTB7A	0.403985250679
MA1124.1*TPM	ZNF24	0.398611805531
MA0831.1	TFE3	0.394703553111
MA0799.1	RFX4	0.378343778957
MA0489.1	JUN(var.2)	0.366911605168
MA0656.1	JDP2(var.2)	0.361719142901
MA0495.1	MAFF	0.357820649102
MA0894.1*TPM	HESX1	0.354085965312
MA0641.1*TPM	ELF4	0.33816552571
MA0525.2	TP63	0.33073738414
MA0105.3	NFKB1	0.330351166133
MA0848.1*TPM	FOXO4	0.324230681767
MA1421.1*TPM	TCF7L1	0.322597405333
MA0009.2*TPM	T	0.317937961939
MA0689.1	TBX20	0.316439852912
MA0856.1*TPM	RXRG	0.312829475535
MA0526.1*TPM	USF2	0.310356308278
MA0776.1	MYBL1	0.306672276817
MA0488.1	JUN	0.305319353346
MA0105.2	NFKB1	0.30173274502
MA0080.4	SPI1	0.301396698484
MA1121.1*TPM	TEAD2	0.298457947898
MA0685.1	SP4	0.282654028071
MA0864.1*TPM	E2F2	0.274073192724
MA1117.1	RELB	0.269118324862
MA0750.2	ZBTB7A	0.257315446293
MA0807.1*TPM	TBX5	0.256897274323
MA0699.1*TPM	LBX2	0.254402566758
MA0796.1	TGIF1	0.25305654653
MA0861.1*TPM	TP73	0.252425859828
MA0491.1	JUND	0.250801962052
MA0808.1*TPM	TEAD3	0.235933794535
MA0773.1*TPM	MEF2D	0.210416956036
MA0139.1	CTCF	0.209628749416
MA0527.1	ZBTB33	0.20936860318
MA0826.1*TPM	OLIG1	0.209062006604
MA0600.1	RFX2	0.208212104038
MA0060.1	NFYA	0.19923641479
MA0798.1	RFX3	0.198577621604
MA0058.3*TPM	MAX	0.193678593196
MA0660.1	MEF2B	0.190859446125
MA0258.1*TPM	ESR2	0.190154975824
MA0466.1*TPM	CEBPB	0.186881364383
MA0508.2	PRDM1	0.182867525091
MA0828.1*TPM	SREBF2(var.2)	0.181573219995
MA0093.2	USF1	0.180365732369
MA0080.2	SPI1	0.178024082261
MA0073.1	RREB1	0.177617617208
MA0831.2	TFE3	0.176259665284
MA0745.1*TPM	SNAI2	0.176085592793
MA0795.1	SMAD3	0.174062407126
MA0003.2	TFAP2A	0.171434116536
MA0442.2	SOX10	0.170174197101
MA0667.1	MYF6	0.16798899237
MA0647.1*TPM	GRHL1	0.167079623901
MA0504.1	NR2C2	0.164558689522
MA0819.1	CLOCK	0.162202217835
MA0655.1	JDP2	0.161808770445
MA1108.1*TPM	MXI1	0.155144653229
MA0154.2*TPM	EBF1	0.154657336567
MA0765.1	ETV5	0.154553195495
MA0057.1	MZF1(var.2)	0.146621044136
MA0599.1*TPM	KLF5	0.14621230689
MA0894.1	HESX1	0.144524883801
MA1104.1*TPM	GATA6	0.140445955505
MA1114.1	PBX3	0.13793937099
MA0145.3	TFCP2	0.137820105961
MA0649.1	HEY2	0.13706611598
MA0752.1*TPM	ZNF410	0.135602828245
MA0600.2	RFX2	0.135496468428
MA0768.1*TPM	LEF1	0.125796231981
MA0639.1	DBP	0.124761745371
MA0730.1	RARA(var.2)	0.12243644513
MA0592.1	ESRRA	0.119325234896
MA0684.1	RUNX3	0.114208807379
MA0060.2	NFYA	0.112751619199
MA0101.1	REL	0.109098657213
MA0914.1*TPM	ISL2	0.107234823626
MA0659.1*TPM	MAFG	0.107209124055
MA0119.1	NFIC::TLX1	0.102338087901
MA0098.3	ETS1	0.101974435313
MA0838.1	CEBPG	0.0996409142516
MA1145.1*TPM	FOSL2::JUND(var.2)	0.0993746776401
MA0018.1	CREB1	0.0990590437587
MA0774.1	MEIS2	0.0974345829883
MA0131.1	HINFP	0.0932198603575
MA0495.1*TPM	MAFF	0.0894551622754
MA0492.1	JUND(var.2)	0.0883604363302
MA0103.3	ZEB1	0.0843483687247
MA0032.1*TPM	FOXC1	0.0832025278159
MA0620.2*TPM	MITF	0.0812975153216
MA0670.1	NFIA	0.0805689909274
MA0131.2	HINFP	0.0804745179543
MA0516.1	SP2	0.078546411943
MA0847.1*TPM	FOXD2	0.0767914772605
MA0525.1	TP63	0.0735610205107
MA0785.1	POU2F1	0.070176908452
MA0895.1	HMBOX1	0.069479001366
MA0868.1	SOX8	0.069233442174
MA0062.1	GABPA	0.0686260599727
MA0863.1	MTF1	0.0681402125022
MA1122.1	TFDP1	0.0680773624155
MA0060.3	NFYA	0.0651501363623
MA0475.1	FLI1	0.065032725336
MA0675.1*TPM	NKX6-2	0.0645727143932
MA0100.3	MYB	0.0639095025142
MA0159.1	RARA::RXRA	0.0634325423613
MA1105.1*TPM	GRHL2	0.0616151275497
MA0028.1	ELK1	0.0601041260887
MA0036.3*TPM	GATA2	0.0596854879223
MA0638.1	CREB3	0.0590428972996
MA0508.1	PRDM1	0.0588505069525
MA0090.2*TPM	TEAD1	0.0575907090719
MA0107.1	RELA	0.0558066996733
MA0657.1	KLF13	0.0537745067383
MA1101.1*TPM	BACH2	0.0529833481974
MA0017.1*TPM	NR2F1	0.0518447852781
MA1100.1	ASCL1	0.0512681194666
MA0835.1	BATF3	0.0509512046765
MA0865.1	E2F8	0.0506210469294
MA0778.1	NFKB2	0.0500376015615
MA0014.2	PAX5	0.0496989174518
MA0659.1	MAFG	0.0496338537292
MA0161.2	NFIC	0.0479532669873
MA0052.2	MEF2A	0.0476489451116
MA0498.2*TPM	MEIS1	0.0474276732944
MA0749.1	ZBED1	0.0471802294051
MA0074.1	RXRA::VDR	0.0453839160212
MA0597.1	THAP1	0.0434316449695
MA0150.1	NFE2L2	0.0433640611825
MA0777.1	MYBL2	0.0433121275952
MA0072.1	RORA(var.2)	0.0423654880228
MA0088.2	ZNF143	0.0401956056659
MA0746.1	SP3	0.0387412063681
MA0797.1	TGIF2	0.0379723439558
MA0834.1	ATF7	0.0379585639739
MA0666.1*TPM	MSX1	0.0378108822605
MA1106.1	HIF1A	0.0373273479032
MA1149.1	RARA::RXRG	0.0369380282231
MA0052.1	MEF2A	0.035913126533
MA0867.1	SOX4	0.034739357334
MA0502.1	NFYB	0.0347235200497
MA0734.1*TPM	GLI2	0.0344152312805
MA0473.1	ELF1	0.0339085509253
MA0792.1*TPM	POU5F1B	0.0337864052575
MA0058.1	MAX	0.0334124870982
MA0490.1	JUNB	0.0320011160582
MA0464.2	BHLHE40	0.0313954669947
MA0018.3	CREB1	0.0308579641681
MA0528.1	ZNF263	0.0304289815626
MA0787.1*TPM	POU3F2	0.0299028490076
MA0507.1	POU2F2	0.0295115723255
MA0071.1	RORA	0.0293468493183
MA0510.2	RFX5	0.0291439277274
MA1418.1	IRF3	0.028937954046
MA0526.1	USF2	0.0288972354076
MA0028.2	ELK1	0.0288316195579
MA0692.1	TFEB	0.0287490058772
MA0523.1*TPM	TCF7L2	0.027970340036
MA0051.1	IRF2	0.0272689356109
MA0106.2	TP53	0.0272338109248
MA0014.3	PAX5	0.0271025951907
MA0625.1	NFATC3	0.0268996900321
MA0081.1	SPIB	0.0257795957495
MA0003.2*TPM	TFAP2A	0.0257151174803
MA0473.2	ELF1	0.0248942167161
MA1140.1	JUNB(var.2)	0.0247664748875
MA0050.2	IRF1	0.0245035860308
MA0050.1	IRF1	0.0244745342627
MA0510.1	RFX5	0.0238931520089
MA0059.1	MAX::MYC	0.0235768851672
MA1420.1	IRF5	0.0233621825501
MA0138.1	REST	0.0231615663686
MA0652.1	IRF8	0.0230517097842
MA0138.2	REST	0.0227171969751
MA0470.1	E2F4	0.0226109435207
MA1116.1	RBPJ	0.0226065400851
MA0115.1	NR1H2::RXRA	0.0213525048259
MA0641.1	ELF4	0.0209260845117
MA0471.1*TPM	E2F6	0.0202235932095
MA0864.1	E2F2	0.0198172952078
MA0513.1	SMAD2::SMAD3::SMAD4	0.0192645867017
MA0106.3	TP53	0.0191792173453
MA0058.2	MAX	0.0191714164342
MA0154.2	EBF1	0.0190699551871
MA0462.1	BATF::JUN	0.0190283265062
MA1124.1	ZNF24	0.0180204252048
MA0147.3	MYC	0.0173855104862
MA0596.1	SREBF2	0.0169531590381
MA0113.3	NR3C1	0.01671142237
MA0758.1*TPM	E2F7	0.0164854608421
MA1120.1*TPM	SOX13	0.0159425742627
MA0665.1	MSC	0.0156715652015
MA0106.1	TP53	0.015512457426
MA0649.1*TPM	HEY2	0.0150772727578
MA0522.2	TCF3	0.0146754164985
MA0018.2	CREB1	0.014445245216
MA0850.1*TPM	FOXP3	0.0127985795434
MA0032.2*TPM	FOXC1	0.0115263259472
MA0861.1	TP73	0.0108570262291
MA0144.2	STAT3	0.0107966358683
MA0113.1	NR3C1	0.0106527079129
MA0833.1	ATF4	0.01054909782
MA1419.1	IRF4	0.00988251142168
MA0768.1	LEF1	0.00955172604259
MA0844.1	XBP1	0.00950195180779
MA0479.1*TPM	FOXH1	0.0093004355449
MA0007.2*TPM	AR	0.00899786487609
MA0137.1	STAT1	0.00795214483999
MA0517.1	STAT1::STAT2	0.00737740637539
MA0137.2	STAT1	0.00690775790309
MA0773.1	MEF2D	0.00600162453041
MA0149.1	EWSR1-FLI1	0.00591121203449
MA0497.1	MEF2C	0.0048045564671
MA0799.1*TPM	RFX4	0.00378343778957
MA0058.3	MAX	0.0036702405381
MA0137.3	STAT1	0.00334841790492
MA0752.1	ZNF410	0.00323634434952
MA0828.1	SREBF2(var.2)	0.00279085797717
MA0471.1	E2F6	0.00217224416858
MA0758.1	E2F7	0.000838101720489
MA0841.1*TPM	NFE2	0.0
MA0486.2*TPM	HSF1	0.0
MA0098.1*TPM	ETS1	0.0
MA0140.2*TPM	GATA1::TAL1	0.0
MA0845.1*TPM	FOXB1	0.0
MA0905.1*TPM	HOXC10	0.0
MA0156.2*TPM	FEV	0.0
MA0161.1*TPM	NFIC	0.0
MA0158.1*TPM	HOXA5	0.0
MA0899.1*TPM	HOXA10	0.0
MA0900.1*TPM	HOXA2	0.0
MA0901.1*TPM	HOXB13	0.0
MA0783.1*TPM	PKNOX2	0.0
MA0906.1*TPM	HOXC12	0.0
MA0468.1*TPM	DUX4	0.0
MA0846.1*TPM	FOXC2	0.0
MA0148.1*TPM	FOXA1	0.0
MA0153.2*TPM	HNF1B	0.0
MA0037.1	GATA3	0.0
MA0909.1*TPM	HOXD13	0.0
MA0148.3*TPM	FOXA1	0.0
MA0084.1*TPM	SRY	0.0
MA0855.1*TPM	RXRB	0.0
MA0908.1*TPM	HOXD11	0.0
MA0148.2*TPM	FOXA1	0.0
MA0772.1*TPM	IRF7	0.0
MA0141.3*TPM	ESRRB	0.0
MA0036.1	GATA2	0.0
MA0091.1*TPM	TAL1::TCF3	0.0
MA0095.1*TPM	YY1	0.0
MA0779.1*TPM	PAX1	0.0
MA0907.1*TPM	HOXC13	0.0
MA0780.1*TPM	PAX3	0.0
MA0849.1*TPM	FOXO6	0.0
MA0156.1*TPM	FEV	0.0
MA0893.1*TPM	GSX2	0.0
MA0161.1	NFIC	0.0
MA0784.1*TPM	POU1F1	0.0
MA0486.1*TPM	HSF1	0.0
MA0887.1*TPM	EVX1	0.0
MA0817.1*TPM	BHLHE23	0.0
MA0465.1*TPM	CDX2	0.0
MA0802.1*TPM	TBR1	0.0
MA0884.1*TPM	DUXA	0.0
MA0767.1*TPM	GCM2	0.0
MA0878.1*TPM	CDX1	0.0
MA0815.1*TPM	TFAP2C(var.3)	0.0
MA1146.1*TPM	NR1A4::RXRA	0.0
MA0805.1*TPM	TBX1	0.0
MA0806.1*TPM	TBX4	0.0
MA0114.2*TPM	HNF4A	0.0
MA0876.1*TPM	BSX	0.0
MA0875.1*TPM	BARX1	0.0
MA0814.1*TPM	TFAP2C(var.2)	0.0
MA0474.2*TPM	ERG	0.0
MA0813.1*TPM	TFAP2B(var.3)	0.0
MA0873.1*TPM	HOXD12	0.0
MA0812.1*TPM	TFAP2B(var.2)	0.0
MA1150.1*TPM	RORB	0.0
MA1151.1*TPM	RORC	0.0
MA0122.2*TPM	NKX3-2	0.0
MA0820.1*TPM	FIGLA	0.0
MA0888.1*TPM	EVX2	0.0
MA1155.1*TPM	ZSCAN4	0.0
MA0811.1*TPM	TFAP2B	0.0
MA0102.3*TPM	CEBPA	0.0
MA0892.1*TPM	GSX1	0.0
MA0153.1*TPM	HNF1B	0.0
MA0891.1*TPM	GSC2	0.0
MA0837.1*TPM	CEBPE	0.0
MA0788.1*TPM	POU3F3	0.0
MA0789.1*TPM	POU3F4	0.0
MA0890.1*TPM	GBX2	0.0
MA0136.2*TPM	ELF5	0.0
MA0821.1*TPM	HES5	0.0
MA0889.1*TPM	GBX1	0.0
MA0132.2*TPM	PDX1	0.0
MA0442.1	SOX10	0.0
MA0442.1*TPM	SOX10	0.0
MA0442.2*TPM	SOX10	0.0
MA0866.1*TPM	SOX21	0.0
MA0793.1*TPM	POU6F2	0.0
MA0130.1*TPM	ZNF354C	0.0
MA0868.1*TPM	SOX8	0.0
MA0882.1*TPM	DLX6	0.0
MA0653.1*TPM	IRF9	0.0
MA0511.2*TPM	RUNX2	0.0
MA1110.1*TPM	NR1H4	0.0
MA0726.1*TPM	VSX2	0.0
MA0036.1*TPM	GATA2	0.0
MA0033.2*TPM	FOXL1	0.0
MA0696.1*TPM	ZIC1	0.0
MA0646.1*TPM	GCM1	0.0
MA0695.1*TPM	ZBTB7C	0.0
MA1119.1*TPM	SIX2	0.0
MA0033.1*TPM	FOXL1	0.0
MA0644.1*TPM	ESX1	0.0
MA1109.1*TPM	NEUROD1	0.0
MA0736.1*TPM	GLIS2	0.0
MA0642.1*TPM	EN2	0.0
MA0636.1*TPM	BHLHE41	0.0
MA0731.1*TPM	BCL6B	0.0
MA0733.1*TPM	EGR4	0.0
MA0095.1	YY1	0.0
MA0635.1*TPM	BARHL2	0.0
MA0042.1*TPM	FOXI1	0.0
MA0056.1*TPM	MZF1	0.0
MA0030.1*TPM	FOXF2	0.0
MA0702.1*TPM	LMX1A	0.0
MA0046.2*TPM	HNF1A	0.0
MA0056.1	MZF1	0.0
MA0080.1	SPI1	0.0
MA1118.1*TPM	SIX1	0.0
MA0714.1*TPM	PITX3	0.0
MA0715.1*TPM	PROP1	0.0
MA0710.1*TPM	NOTO	0.0
MA0648.1*TPM	GSC	0.0
MA0717.1*TPM	RAX2	0.0
MA0718.1*TPM	RAX	0.0
MA0042.2*TPM	FOXI1	0.0
MA0719.1*TPM	RHOXF1	0.0
MA1115.1*TPM	POU5F1	0.0
MA0708.1*TPM	MSX2	0.0
MA0721.1*TPM	UNCX	0.0
MA0722.1*TPM	VAX1	0.0
MA0037.1*TPM	GATA3	0.0
MA1113.1*TPM	PBX2	0.0
MA0723.1*TPM	VAX2	0.0
MA0706.1*TPM	MEOX2	0.0
MA0703.1*TPM	LMX1B	0.0
MA0725.1*TPM	VSX1	0.0
MA0735.1*TPM	GLIS1	0.0
MA0713.1*TPM	PHOX2A	0.0
MA0098.1	ETS1	0.0
MA0668.1*TPM	NEUROD2	0.0
MA0634.1*TPM	ALX3	0.0
MA0751.1*TPM	ZIC4	0.0
MA0598.1*TPM	EHF	0.0
MA0674.1*TPM	NKX6-1	0.0
MA0524.2*TPM	TFAP2C	0.0
MA0673.1*TPM	NKX2-8	0.0
MA0130.1	ZNF354C	0.0
MA0672.1*TPM	NKX2-3	0.0
MA0670.1*TPM	NFIA	0.0
MA0651.1*TPM	HOXC11	0.0
MA0679.1*TPM	ONECUT1	0.0
MA1123.1*TPM	TWIST1	0.0
MA0667.1*TPM	MYF6	0.0
MA0757.1*TPM	ONECUT3	0.0
MA0027.2*TPM	EN1	0.0
MA0025.1*TPM	NFIL3	0.0
MA0524.1*TPM	TFAP2C	0.0
MA0080.1*TPM	SPI1	0.0
MA0658.1*TPM	LHX6	0.0
MA0511.1*TPM	RUNX2	0.0
MA0678.1*TPM	OLIG2	0.0
MA0650.1*TPM	HOXA13	0.0
MA0686.1*TPM	SPDEF	0.0
MA0610.1*TPM	DMRT3	0.0
MA0744.1*TPM	SCRT2	0.0
MA0618.1*TPM	LBX1	0.0
MA0743.1*TPM	SCRT1	0.0
MA0740.1*TPM	KLF14	0.0
MA0747.1*TPM	SP8	0.0
MA0683.1*TPM	POU4F2	0.0
MA0689.1*TPM	TBX20	0.0
MA0680.1*TPM	PAX7	0.0
MA0598.2*TPM	EHF	0.0
MA0065.1*TPM	PPARG::RXRA	0.0
MA0066.1*TPM	PPARG	0.0
MA0068.2*TPM	PAX4	0.0
MA0475.2	FLI1	-0.00122379126624
MA0782.1	PKNOX1	-0.00218539754761
MA0630.1*TPM	SHOX	-0.00267367290291
MA0701.1*TPM	LHX9	-0.00267367290291
MA0663.1	MLX	-0.003233358836
MA0761.1*TPM	ETV1	-0.00368441725053
MA1148.1	PPARA::RXRA	-0.00412172538038
MA0690.1	TBX21	-0.00423481904511
MA0259.1	ARNT::HIF1A	-0.00455651722388
MA0690.1*TPM	TBX21	-0.00558996114003
MA0095.2	YY1	-0.00559582937639
MA0031.1*TPM	FOXD1	-0.00601845207863
MA1148.1*TPM	PPARA::RXRA	-0.00791371273035
MA0079.1	SP1	-0.0119155744581
MA0801.1	MGA	-0.0156298611988
MA0761.1	ETV1	-0.0167473511388
MA0794.1*TPM	PROX1	-0.0171646821992
MA0501.1*TPM	MAF::NFE2	-0.0175423284236
MA0036.2*TPM	GATA2	-0.01830940297
MA1125.1	ZNF384	-0.0199663460835
MA0770.1	HSF2	-0.0220330206945
MA0729.1	RARA	-0.0238376611973
MA0104.4*TPM	MYCN	-0.0256779496707
MA0654.1*TPM	ISX	-0.0294104019321
MA0469.2	E2F3	-0.0301908088944
MA0759.1*TPM	ELK3	-0.0309238663086
MA0790.1*TPM	POU4F1	-0.0333919639918
MA0613.1*TPM	FOXG1	-0.033533658852
MA0079.1*TPM	SP1	-0.0352701003958
MA0782.1*TPM	PKNOX1	-0.0361683294129
MA0526.2	USF2	-0.0369238652087
MA0688.1*TPM	TBX2	-0.0378049824831
MA0052.3	MEF2A	-0.0392207961154
MA0475.2*TPM	FLI1	-0.0434078762135
MA0754.1	CUX1	-0.0438944313808
MA0759.1	ELK3	-0.0448171975487
MA0155.1*TPM	INSM1	-0.0452691224895
MA0886.1*TPM	EMX2	-0.0459544642279
MA0830.1	TCF4	-0.0498015072092
MA0103.2	ZEB1	-0.050360803808
MA0839.1*TPM	CREB3L1	-0.0522822930786
MA0756.1*TPM	ONECUT2	-0.0567089106151
MA1128.1	FOSL1::JUN	-0.058621531919
MA0809.1*TPM	TEAD4	-0.058682919692
MA0105.4	NFKB1	-0.0608163988963
MA1152.1*TPM	SOX15	-0.0624359065818
MA0727.1*TPM	NR3C2	-0.0655171317642
MA1112.1	NR4A1	-0.0661755859973
MA0716.1*TPM	PRRX1	-0.0695154954758
MA0090.1*TPM	TEAD1	-0.0695825431923
MA1112.1*TPM	NR4A1	-0.0794107031967
MA0893.1	GSX2	-0.080223657807
MA0766.1*TPM	GATA5	-0.08185816118
MA0069.1*TPM	Pax6	-0.0869988986351
MA0836.1*TPM	CEBPD	-0.0907780897243
MA0593.1	FOXP2	-0.0998770014617
MA0712.1*TPM	OTX2	-0.10246267709
MA0664.1*TPM	MLXIPL	-0.108543576614
MA1107.1*TPM	KLF9	-0.109625340054
MA0824.1*TPM	ID4	-0.110057840958
MA0663.1*TPM	MLX	-0.12125095635
MA0259.1*TPM	ARNT::HIF1A	-0.122980399872
MA0755.1*TPM	CUX2	-0.126148390529
MA0630.1	SHOX	-0.133683645146
MA0654.1	ISX	-0.133683645146
MA0716.1	PRRX1	-0.133683645146
MA0717.1	RAX2	-0.133683645146
MA0701.1	LHX9	-0.133683645146
MA0721.1	UNCX	-0.133683645146
MA0697.1*TPM	ZIC3	-0.134816923266
MA0724.1*TPM	VENTX	-0.135348858744
MA0827.1*TPM	OLIG3	-0.140251616531
MA0079.2	SP1	-0.148781783529
MA1152.1	SOX15	-0.15228269898
MA0095.2*TPM	YY1	-0.155172348607
MA1136.1*TPM	FOSB::JUNB(var.2)	-0.165150837375
MA1111.1	NR2F2	-0.181479716803
MA0595.1	SREBF1	-0.189780229903
const	const	-0.194271270757
MA0593.1*TPM	FOXP2	-0.19476015285
MA1139.1*TPM	FOSL2::JUNB(var.2)	-0.196874525763
MA0112.1*TPM	ESR1	-0.198179041818
MA0903.1*TPM	HOXB3	-0.200289298028
MA1128.1*TPM	FOSL1::JUN	-0.230968835761
MA0714.1	PITX3	-0.233692145443
MA0469.2*TPM	E2F3	-0.254810427069
MA1111.1*TPM	NR2F2	-0.255886400693
MA0801.1*TPM	MGA	-0.269771404291
MA0839.1	CREB3L1	-0.275169963571
MA0762.1*TPM	ETV2	-0.283298625276
MA0770.1*TPM	HSF2	-0.283785306545
MA0729.1*TPM	RARA	-0.290104336771
MA0786.1*TPM	POU3F1	-0.293035808747
MA0755.1	CUX2	-0.293368350068
MA0481.1*TPM	FOXP1	-0.296803887128
MA0017.2*TPM	NR2F1	-0.30708648799
MA1130.1*TPM	FOSL2::JUN	-0.314967264834
MA1134.1*TPM	FOS::JUNB	-0.318475215885
MA0468.1	DUX4	-0.323568218034
MA1144.1*TPM	FOSL2::JUND	-0.366389277866
MA0048.1*TPM	NHLH1	-0.375753204741
MA0466.2*TPM	CEBPB	-0.378708941415
MA0526.2*TPM	USF2	-0.396562312342
MA0484.1	HNF4G	-0.402162181565
MA0693.2	VDR	-0.417771190749
MA0105.4*TPM	NFKB1	-0.419633152384
MA1138.1*TPM	FOSL2::JUNB	-0.424464603868
MA0079.2*TPM	SP1	-0.440394079245
MA0481.2*TPM	FOXP1	-0.441843355218
MA0484.1*TPM	HNF4G	-0.446400021537
MA0753.1	ZNF740	-0.449348060015
MA0036.2	GATA2	-0.457735074251
MA1136.1	FOSB::JUNB(var.2)	-0.471859535357
MA1125.1*TPM	ZNF384	-0.47340206564
MA0763.1	ETV3	-0.481788965203
MA0737.1*TPM	GLIS3	-0.505561905454
MA0046.2	HNF1A	-0.512883805098
MA1109.1	NEUROD1	-0.515815804454
MA0872.1*TPM	TFAP2A(var.3)	-0.521544264968
MA0818.1*TPM	BHLHE22	-0.534896441491
MA0822.1*TPM	HES7	-0.537362629452
MA0031.1	FOXD1	-0.601845207863
MA1134.1	FOS::JUNB	-0.612452338241
MA0083.3	SRF	-0.612765834729
MA0836.1	CEBPD	-0.648414926602
MA0112.1	ESR1	-0.660596806059
MA0762.1	ETV2	-0.674520536371
MA0070.1*TPM	PBX1	-0.704575481818
MA0803.1	TBX15	-0.734018092313
MA0803.1*TPM	TBX15	-0.756038635082
MA0069.1	Pax6	-0.7908990785
MA0043.2*TPM	HLF	-0.835856366443
MA0112.2*TPM	ESR1	-0.853662104058
MA0794.1	PROX1	-0.858234109959
MA0152.1	NFATC2	-0.875322827337
MA0672.1	NKX2-3	-0.889725561706
MA0791.1*TPM	POU4F3	-0.896948179986
MA0693.2*TPM	VDR	-0.902385772018
MA0899.1	HOXA10	-0.926576124559
MA0052.3*TPM	MEF2A	-0.942475730654
MA0103.2*TPM	ZEB1	-0.956855272352
MA0855.1	RXRB	-0.957151241772
MA0810.1*TPM	TFAP2A(var.2)	-0.963480567057
MA0754.1*TPM	CUX1	-0.971822710771
MA0148.2	FOXA1	-0.984406571208
MA0618.1	LBX1	-1.01377208646
MA0466.2	CEBPB	-1.05196928171
MA0891.1	GSC2	-1.11136827124
MA0613.1	FOXG1	-1.1177886284
MA0083.3*TPM	SRF	-1.1274891359
MA0830.1*TPM	TCF4	-1.13896046988
MA0723.1	VAX2	-1.17499999383
MA0037.2*TPM	GATA3	-1.258803438
MA0104.4	MYCN	-1.28389748353
MA0780.1	PAX3	-1.29952212254
MA0496.1	MAFK	-1.30892733116
MA0496.1*TPM	MAFK	-1.32201660447
MA0763.1*TPM	ETV3	-1.36828066118
MA1107.1	KLF9	-1.37031675068
MA0764.1	ETV4	-1.37863698594
MA0140.2	GATA1::TAL1	-1.41183120075
MA0738.1*TPM	HIC2	-1.4192321322
MA0903.1	HOXB3	-1.43063784305
MA0136.2	ELF5	-1.4324524421
MA0882.1	DLX6	-1.44458271379
MA0163.1	PLAG1	-1.46370627719
MA0495.2*TPM	MAFF	-1.49848266451
MA0748.1*TPM	YY2	-1.5087310577
MA0595.1*TPM	SREBF1	-1.51634403693
MA0889.1	GBX1	-1.61475394534
MA0750.1	ZBTB7A	-1.62525471683
MA0727.1	NR3C2	-1.63792829411
MA0501.1	MAF::NFE2	-1.75423284236
MA0694.1	ZBTB7B	-1.76965255793
MA0905.1	HOXC10	-1.77651483905
MA0818.1	BHLHE22	-1.7829881383
MA0706.1	MEOX2	-1.82441882103
MA0486.1	HSF1	-1.83114782945
MA0824.1	ID4	-1.8342973493
MA0102.3	CEBPA	-1.89654406874
MA1139.1	FOSL2::JUNB(var.2)	-1.96874525763
MA0753.1*TPM	ZNF740	-1.99959886706
MA0764.1*TPM	ETV4	-2.04038273919
MA0733.1	EGR4	-2.04514887636
MA1129.1	FOSL1::JUN(var.2)	-2.06970337242
MA0804.1*TPM	TBX19	-2.07471733364
MA0048.1	NHLH1	-2.08751780412
MA0524.1	TFAP2C	-2.1079354025
MA0465.1	CDX2	-2.11048761523
MA0890.1	GBX2	-2.1449239394
MA0664.1	MLXIPL	-2.17087153228
MA0804.1	TBX19	-2.20714609962
MA0124.1*TPM	NKX3-1	-2.25167390631
MA0748.1	YY2	-2.28595614804
MA0888.1	EVX2	-2.28887010681
MA0866.1	SOX21	-2.2940480403
MA0476.1*TPM	FOS	-2.3058125562
MA0090.1	TEAD1	-2.31941810641
MA0841.1	NFE2	-2.33808262632
MA0068.2	PAX4	-2.39827126796
MA0708.1	MSX2	-2.43571789594
MA0703.1	LMX1B	-2.44996573575
MA0702.1	LMX1A	-2.44996573575
MA0837.1	CEBPE	-2.49553164473
MA0122.2	NKX3-2	-2.5095491868
MA0750.1*TPM	ZBTB7A	-2.55164990542
MA0726.1	VSX2	-2.56138525017
MA0725.1	VSX1	-2.56138525017
MA0478.1*TPM	FOSL2	-2.71178876403
MA0112.2	ESR1	-2.84554034686
MA0736.1	GLIS2	-2.92366695511
MA0809.1	TEAD4	-2.9341459846
MA0124.1	NKX3-1	-3.08448480316
MA1130.1	FOSL2::JUN	-3.14967264834
MA0043.2	HLF	-3.21483217863
MA0790.1	POU4F1	-3.33919639918
MA0724.1	VENTX	-3.38372146861
MA0658.1	LHX6	-3.38626660781
MA0066.1	PPARG	-3.42126907876
MA0872.1	TFAP2A(var.3)	-3.47696176645
MA0163.1*TPM	PLAG1	-3.4836209397
MA0084.1	SRY	-3.52623208377
MA0694.1*TPM	ZBTB7B	-3.57469816701
MA0637.1	CENPB	-3.5846897245
MA0784.1	POU1F1	-3.64485120481
MA1144.1	FOSL2::JUND	-3.66389277866
MA0747.1	SP8	-3.67237077011
MA0099.3*TPM	FOS::JUN	-3.71024263132
MA0112.3*TPM	ESR1	-3.7677760082
MA0688.1	TBX2	-3.78049824831
MA0707.1*TPM	MNX1	-4.0411108109
MA0132.2	PDX1	-4.11998322416
MA0486.2	HSF1	-4.13150706151
MA0696.1	ZIC1	-4.19452626384
MA0481.1	FOXP1	-4.2400555304
MA1138.1	FOSL2::JUNB	-4.24464603868
MA0637.1*TPM	CENPB	-4.40916836113
MA0476.1	FOS	-4.43425491577
MA0155.1	INSM1	-4.52691224895
MA0886.1	EMX2	-4.59544642279
MA0713.1	PHOX2A	-4.59585643966
MA0827.1	OLIG3	-4.67505388437
MA0772.1	IRF7	-4.70227658755
MA0077.1*TPM	SOX9	-4.83481891524
MA0793.1	POU6F2	-4.93713240354
MA0156.1	FEV	-4.98312352172
MA0070.1	PBX1	-5.03268201298
MA0737.1	GLIS3	-5.05561905454
MA0825.1	MNT	-5.12090573952
MA0712.1	OTX2	-5.12313385449
MA0030.1	FOXF2	-5.17284715173
MA0876.1	BSX	-5.22664276539
MA0077.1	SOX9	-5.25523795134
MA0152.1*TPM	NFATC2	-5.32196279021
MA0679.1	ONECUT1	-5.41331290794
MA0738.1	HIC2	-5.45858512386
MA0756.1	ONECUT2	-5.67089106152
MA0495.2	MAFF	-5.99393065803
MA0037.2	GATA3	-5.9943020857
MA0817.1	BHLHE23	-6.16410962267
MA0715.1	PROP1	-6.24486230532
MA1146.1	NR1A4::RXRA	-6.24496217059
MA0634.1	ALX3	-6.26070204194
MA0878.1	CDX1	-6.2699819193
MA0481.2	FOXP1	-6.31204793169
MA0810.1	TFAP2A(var.2)	-6.42320378038
MA0697.1	ZIC3	-6.74084616332
MA0025.1	NFIL3	-6.97268232399
MA0788.1	POU3F3	-7.03447378411
MA0099.3	FOS::JUN	-7.1350819833
MA0786.1	POU3F1	-7.32589521867
MA0017.2	NR2F1	-7.67716219975
MA0680.1	PAX7	-8.13100020208
MA0791.1	POU4F3	-8.15407436351
MA1129.1*TPM	FOSL1::JUN(var.2)	-8.15463128733
MA0766.1	GATA5	-8.185816118
MA0908.1	HOXD11	-8.29059562629
MA0683.1	POU4F2	-8.66908415646
MA0598.2	EHF	-8.69879077055
MA0646.1	GCM1	-8.75187229114
MA0822.1	HES7	-8.95604382421
MA0042.1	FOXI1	-8.96205409213
MA0909.1	HOXD13	-9.03179787897
MA0610.1	DMRT3	-9.43092568191
MA0719.1	RHOXF1	-9.68220791487
MA0650.1	HOXA13	-9.85838374907
MA0845.1	FOXB1	-11.3266215469
MA0757.1	ONECUT3	-12.2326479179
MA0846.1	FOXC2	-12.5565293553
MA0112.3	ESR1	-12.5592533607
MA0825.1*TPM	MNT	-15.4651353333
MA0707.1	MNX1	-16.1644432436
MA0821.1	HES5	-17.5384364757
MA0814.1	TFAP2C(var.2)	-17.7169211083
MA0033.1	FOXL1	-18.5239606608
MA0478.1	FOSL2	-27.1178876403
