MA1102.1	CTCFL	26.1249164315
MA0779.1	PAX1	25.310359763
MA0511.2	RUNX2	19.4860999963
MA0153.2	HNF1B	17.3861204211
MA0812.1	TFAP2B(var.2)	16.673502109
MA0740.1	KLF14	16.6141127149
MA0732.1	EGR3	15.4733037537
MA0104.4	MYCN	14.8677106664
MA0003.1	TFAP2A	14.8383929778
MA0636.1	BHLHE41	14.3727916501
MA0139.1*TPM	CTCF	14.3271561623
MA0024.1*TPM	E2F1	13.5856120658
MA0506.1*TPM	NRF1	12.6714080449
MA0711.1	OTX1	12.4205654575
MA0767.1	GCM2	11.9201707392
MA0820.1	FIGLA	11.5215648934
MA0751.1	ZIC4	11.2009896432
MA0048.1	NHLH1	10.9238096726
MA0781.1	PAX9	10.4664137859
MA0658.1	LHX6	10.115151286
MA0024.2*TPM	E2F1	10.0936179573
MA0783.1	PKNOX2	9.67105062439
MA0727.1	NR3C2	9.00885865822
MA0524.2	TFAP2C	8.89292648089
MA1138.1	FOSL2::JUNB	8.83520806614
MA0511.1	RUNX2	8.711240358
MA0748.1	YY2	8.65250435126
MA0808.1	TEAD3	8.532015501
MA0620.2	MITF	8.48059714623
MA0009.2	T	8.47388852804
MA0648.1	GSC	8.33572371588
MA0645.1*TPM	ETV6	8.09531723086
MA0043.2	HLF	8.07405938024
MA0675.1	NKX6-2	8.05675705114
MA0826.1	OLIG1	7.8024771806
MA0735.1	GLIS1	7.34543640316
MA0862.1*TPM	GMEB2	7.21142637084
MA0076.2*TPM	ELK4	7.179644159
MA1146.1	NR1A4::RXRA	6.95159247942
MA0807.1	TBX5	6.88799541004
MA0024.1	E2F1	6.69241973684
MA0914.1	ISL2	6.43519380484
MA0099.2	FOS::JUN	6.43267115183
MA0708.1	MSX2	6.39730309337
MA0477.1*TPM	FOSL1	6.36867982228
MA1126.1	FOS::JUN(var.2)	6.23442494177
MA0036.3	GATA2	6.19435386397
MA0909.1	HOXD13	6.14964434567
MA1145.1	FOSL2::JUND(var.2)	6.10852279758
MA0598.1	EHF	6.092643794
MA0474.2	ERG	5.94930226919
MA0481.2	FOXP1	5.83943184628
MA1133.1*TPM	JUN::JUNB(var.2)	5.83523463753
MA1137.1*TPM	FOSL1::JUNB	5.82601611358
MA1144.1	FOSL2::JUND	5.80212791421
MA0653.1	IRF9	5.73213435174
MA0076.1*TPM	ELK4	5.71870068445
MA0472.2*TPM	EGR2	5.6192819434
MA0902.1*TPM	HOXB2	5.53774747462
MA0750.1*TPM	ZBTB7A	5.48734468339
MA0733.1	EGR4	5.4201902958
MA0732.1*TPM	EGR3	5.4156563138
MA1134.1	FOS::JUNB	5.331769082
MA0003.3	TFAP2A	5.32291893822
MA1121.1	TEAD2	5.27961664275
MA0893.1	GSX2	5.17783051564
MA0811.1	TFAP2B	5.16278853412
MA0699.1	LBX2	5.09872137997
MA0862.1	GMEB2	5.07846927523
MA0024.2	E2F1	4.97222559471
MA0799.1	RFX4	4.91139041951
MA0776.1*TPM	MYBL1	4.89236582652
MA0813.1	TFAP2B(var.3)	4.79143790638
MA0148.2	FOXA1	4.76079167934
MA0527.1*TPM	ZBTB33	4.73936761782
MA0671.1	NFIX	4.6796054415
MA0789.1	POU3F4	4.66391901192
MA0132.2	PDX1	4.64450729956
MA0823.1	HEY1	4.536924384
MA0802.1	TBR1	4.48705538374
MA0468.1	DUX4	4.47649389327
MA0043.1	HLF	4.47339784261
MA0873.1	HOXD12	4.47293239766
MA0651.1	HOXC11	4.42234150685
MA0024.3*TPM	E2F1	4.37042237847
MA0644.1	ESX1	4.29393131314
MA0511.2*TPM	RUNX2	4.2869419992
MA0695.1	ZBTB7C	4.26967363899
MA0476.1	FOS	4.13533273587
MA0162.2*TPM	EGR1	4.11306561962
MA0743.1	SCRT1	4.04595266508
MA0745.1	SNAI2	4.0428056609
MA0048.1*TPM	NHLH1	4.04180957885
MA0750.2*TPM	ZBTB7A	3.91196521599
MA0098.3*TPM	ETS1	3.87275554845
MA0495.1	MAFF	3.84740403498
MA1141.1	FOS::JUND	3.74568510232
MA0105.1*TPM	NFKB1	3.72372155334
MA0496.2	MAFK	3.69244292562
MA0017.1	NR2F1	3.69101172483
MA0060.1*TPM	NFYA	3.66639862375
MA0162.2	EGR1	3.60795229791
MA0831.2*TPM	TFE3	3.53710699301
MA0748.1*TPM	YY2	3.4610017405
MA0685.1*TPM	SP4	3.41152737474
MA0069.1	Pax6	3.37146842706
MA0154.3*TPM	EBF1	3.36740359471
MA1135.1	FOSB::JUNB	3.29076232812
MA0765.1*TPM	ETV5	3.28754029572
MA0068.2	PAX4	3.26405287976
MA0002.1*TPM	RUNX1	3.20838963756
MA0818.1	BHLHE22	3.07968003441
MA0080.2*TPM	SPI1	3.04620568018
MA0750.1	ZBTB7A	2.99854900732
MA0684.1*TPM	RUNX3	2.96956768535
MA0080.4*TPM	SPI1	2.92827075776
MA0776.1	MYBL1	2.91212251579
MA0675.1*TPM	NKX6-2	2.90043253841
MA0018.1*TPM	CREB1	2.8841819098
MA0600.2*TPM	RFX2	2.8799114712
MA1103.1*TPM	FOXK2	2.85169679653
MA0091.1	TAL1::TCF3	2.83791687818
MA0003.1*TPM	TFAP2A	2.81929466578
MA1115.1	POU5F1	2.76817655175
MA0105.2*TPM	NFKB1	2.73505819559
MA1108.1	MXI1	2.72568752122
MA0831.1*TPM	TFE3	2.72395848079
MA0162.3*TPM	EGR1	2.6778782694
MA0058.1*TPM	MAX	2.67760356727
MA0823.1*TPM	HEY1	2.67678538656
MA0470.1*TPM	E2F4	2.64762593718
MA1154.1*TPM	ZNF282	2.6390382485
MA0600.1*TPM	RFX2	2.63614856662
MA0490.1*TPM	JUNB	2.60615219637
MA0686.1	SPDEF	2.60440309407
MA0852.2*TPM	FOXK1	2.56326782634
MA1122.1*TPM	TFDP1	2.52832237754
MA0856.1	RXRG	2.50220063328
MA0886.1	EMX2	2.49138558481
MA0079.2*TPM	SP1	2.43274949861
MA0844.1*TPM	XBP1	2.42856521819
MA1101.1	BACH2	2.38054966139
MA0028.2*TPM	ELK1	2.37225307296
MA0028.1*TPM	ELK1	2.36644203947
MA0711.1*TPM	OTX1	2.35990743692
MA0638.1*TPM	CREB3	2.35579033792
MA0162.3	EGR1	2.34901602579
MA0079.3*TPM	SP1	2.33619380196
MA0149.1*TPM	EWSR1-FLI1	2.3224131359
MA0131.2*TPM	HINFP	2.30651526052
MA0510.2*TPM	RFX5	2.26792935071
MA0060.2*TPM	NFYA	2.25819306703
MA0506.1	NRF1	2.22696099208
MA0774.1*TPM	MEIS2	2.20307908622
MA0462.1*TPM	BATF::JUN	2.20296530025
MA0496.2*TPM	MAFK	2.17854132612
MA0157.2*TPM	FOXO3	2.16165800359
MA1133.1	JUN::JUNB(var.2)	2.1611980139
MA0024.3	E2F1	2.15291742782
MA0843.1	TEF	2.13834413091
MA0750.2	ZBTB7A	2.13768591037
MA0665.1*TPM	MSC	2.13768381093
MA0620.2*TPM	MITF	2.12014928656
MA0007.2	AR	2.11091367327
MA1135.1*TPM	FOSB::JUNB	2.10608789
MA0131.1*TPM	HINFP	2.092717754
MA0148.3	FOXA1	2.08715056001
MA0906.1	HOXC12	2.07864176459
MA1140.1*TPM	JUNB(var.2)	2.06757885196
MA1117.1*TPM	RELB	2.06482079092
MA0145.3*TPM	TFCP2	2.05696950663
MA0760.1*TPM	ERF	2.04854052425
MA0666.1	MSX1	2.04268559025
MA0083.1*TPM	SRF	2.00972439759
MA1100.1*TPM	ASCL1	1.99850308748
MA0834.1*TPM	ATF7	1.99431682842
MA0099.2*TPM	FOS::JUN	1.99412805707
MA0671.1*TPM	NFIX	1.96543428543
MA0137.2*TPM	STAT1	1.96429079973
MA0871.1*TPM	TFEC	1.95444625902
MA0843.1*TPM	TEF	1.94589315913
MA1420.1*TPM	IRF5	1.93958004963
MA1126.1*TPM	FOS::JUN(var.2)	1.93267173195
MA0525.2*TPM	TP63	1.9197206038
MA0083.2*TPM	SRF	1.91679955183
MA0511.1*TPM	RUNX2	1.91647287876
MA0900.1	HOXA2	1.91042843936
MA1419.1*TPM	IRF4	1.88096100621
MA0076.2	ELK4	1.86969899974
MA0641.1*TPM	ELF4	1.83766399744
MA0902.1	HOXB2	1.82763943057
MA0137.1*TPM	STAT1	1.82709791137
MA0147.3*TPM	MYC	1.81495403887
MA0655.1*TPM	JDP2	1.80788465299
MA0599.1	KLF5	1.79566960311
MA0510.1*TPM	RFX5	1.78392981007
MA0746.1*TPM	SP3	1.77578821446
MA0090.2	TEAD1	1.76556884773
MA1123.1	TWIST1	1.74951987112
MA0488.1*TPM	JUN	1.74346331973
MA0101.1*TPM	REL	1.72010129489
MA0819.1*TPM	CLOCK	1.70642644693
MA0812.1*TPM	TFAP2B(var.2)	1.6673502109
MA0525.1*TPM	TP63	1.66261866103
MA1134.1*TPM	FOS::JUNB	1.65284841542
MA0475.1*TPM	FLI1	1.64915095018
MA0657.1*TPM	KLF13	1.62549184866
MA0139.1	CTCF	1.61888770196
MA1148.1*TPM	PPARA::RXRA	1.61182129791
MA0669.1	NEUROG2	1.60931546301
MA0652.1*TPM	IRF8	1.60662253115
MA0656.1*TPM	JDP2(var.2)	1.60637245298
MA1132.1*TPM	JUN::JUNB	1.60469692398
MA0645.1	ETV6	1.59986506539
MA1154.1	ZNF282	1.5994171203
MA0477.1	FOSL1	1.58819945693
MA0692.1*TPM	TFEB	1.58801542232
MA0479.1	FOXH1	1.58155254989
MA0833.1*TPM	ATF4	1.57354411891
MA0071.1*TPM	RORA	1.56930271362
MA0903.1	HOXB3	1.56880812894
MA0517.1*TPM	STAT1::STAT2	1.54352648641
MA0062.1*TPM	GABPA	1.54314992539
MA1155.1	ZSCAN4	1.53977072076
MA0797.1*TPM	TGIF2	1.52644060519
MA0498.2	MEIS1	1.52194525205
MA0107.1*TPM	RELA	1.5172258875
MA0093.2*TPM	USF1	1.51070801896
MA0612.1	EMX1	1.50828009685
MA1106.1*TPM	HIF1A	1.49844715163
MA0076.1	ELK4	1.48924496991
MA0472.2	EGR2	1.4748771505
MA0106.2*TPM	TP53	1.47347933633
MA0014.3*TPM	PAX5	1.46680373062
MA0522.2*TPM	TCF3	1.45317830211
MA1137.1	FOSL1::JUNB	1.45287184877
MA0640.1	ELF3	1.43469938458
MA0508.2*TPM	PRDM1	1.40924002837
MA0113.3*TPM	NR3C1	1.4076174615
MA0258.2	ESR2	1.40231844853
MA0592.1*TPM	ESRRA	1.39235899813
MA0785.1*TPM	POU2F1	1.38428899671
MA0791.1	POU4F3	1.37615279852
MA1143.1*TPM	FOSL1::JUND(var.2)	1.37611316098
MA0660.1*TPM	MEF2B	1.34524874968
MA0074.1*TPM	RXRA::VDR	1.33808860734
MA0863.1*TPM	MTF1	1.32710873996
MA0018.3*TPM	CREB1	1.32481913033
MA0473.1*TPM	ELF1	1.31056922142
MA0150.1*TPM	NFE2L2	1.30994105841
MA0805.1	TBX1	1.30232429276
MA0806.1	TBX4	1.30232429276
MA0778.1*TPM	NFKB2	1.29188092876
MA0043.2*TPM	HLF	1.29184950084
MA1421.1	TCF7L1	1.28920321272
MA0476.1*TPM	FOS	1.28195314812
MA0083.1	SRF	1.27197746683
MA1116.1*TPM	RBPJ	1.25786452426
MA0157.2	FOXO3	1.25677790906
MA0014.2*TPM	PAX5	1.23873066738
MA0105.3*TPM	NFKB1	1.23444866967
MA0673.1	NKX2-8	1.22770115231
MA0059.1*TPM	MAX::MYC	1.21712504538
MA0486.2	HSF1	1.21416415756
MA0083.2	SRF	1.21316427331
MA0156.2	FEV	1.20288021086
MA0119.1*TPM	NFIC::TLX1	1.19790183879
MA0871.1	TFEC	1.19173552379
MA0486.1	HSF1	1.17879675037
MA1149.1*TPM	RARA::RXRG	1.16768738593
MA1141.1*TPM	FOS::JUND	1.16116238172
MA0596.1*TPM	SREBF2	1.15879000621
MA0138.2*TPM	REST	1.15768500269
MA0516.1*TPM	SP2	1.15428821837
MA0513.1*TPM	SMAD2::SMAD3::SMAD4	1.15080766751
MA0667.1	MYF6	1.14405983795
MA0060.3*TPM	NFYA	1.13923152673
MA0674.1	NKX6-1	1.1324057974
MA0051.1*TPM	IRF2	1.12586635404
MA0002.1	RUNX1	1.12575075002
MA0659.1*TPM	MAFG	1.08762443231
MA0852.2	FOXK1	1.07249699847
MA0100.3*TPM	MYB	1.07171795361
MA0777.1*TPM	MYBL2	1.06050124275
MA0088.2*TPM	ZNF143	1.04701385549
MA0612.1*TPM	EMX1	1.04071326682
MA0865.1*TPM	E2F8	1.03978815021
MA0106.1*TPM	TP53	1.02904756161
MA0081.1*TPM	SPIB	1.02538164939
MA0003.3*TPM	TFAP2A	1.01135459826
MA0687.1	SPIC	1.00705479656
MA0597.1*TPM	THAP1	1.00314459095
MA0492.1*TPM	JUND(var.2)	0.989513060287
MA0524.1	TFAP2C	0.978725857495
MA0466.2	CEBPB	0.978002680199
MA0112.3	ESR1	0.953631515162
MA0050.2*TPM	IRF1	0.952707108625
MA0884.1	DUXA	0.94113405723
MA0473.2*TPM	ELF1	0.940557846244
MA0113.1*TPM	NR3C1	0.94008728868
MA0481.2*TPM	FOXP1	0.934309095404
MA1119.1	SIX2	0.926702545288
MA0842.1	NRL	0.914397939694
MA0259.1*TPM	ARNT::HIF1A	0.913317254866
MA1111.1*TPM	NR2F2	0.910969770894
MA0640.1*TPM	ELF3	0.889513618439
MA0895.1*TPM	HMBOX1	0.88364337343
MA0079.2	SP1	0.881430977758
MA0050.1*TPM	IRF1	0.880780397933
MA0668.1	NEUROD2	0.868494535302
MA1139.1	FOSL2::JUNB(var.2)	0.864925744387
MA0073.1*TPM	RREB1	0.857682128149
MA1128.1*TPM	FOSL1::JUN	0.857209323471
MA0112.1	ESR1	0.849796860337
MA0138.1*TPM	REST	0.84964659321
MA0079.3	SP1	0.846447029696
MA1103.1	FOXK2	0.841208494551
MA0669.1*TPM	NEUROG2	0.836844040767
MA0137.3*TPM	STAT1	0.83573492256
MA0836.1	CEBPD	0.813539013762
MA0102.3	CEBPA	0.808582078511
MA0115.1*TPM	NR1H2::RXRA	0.804237160238
MA1129.1*TPM	FOSL1::JUN(var.2)	0.794650094937
MA0103.3*TPM	ZEB1	0.792829373775
MA0058.2*TPM	MAX	0.792536762087
MA1150.1	RORB	0.790855623274
MA0839.1	CREB3L1	0.782624891674
MA0032.1	FOXC1	0.764990733828
MA0502.1*TPM	NFYB	0.752574492472
MA0469.2*TPM	E2F3	0.748410863202
MA0507.1*TPM	POU2F2	0.744408166166
MA0161.2*TPM	NFIC	0.744070647714
MA1418.1*TPM	IRF3	0.743733154856
MA0106.3*TPM	TP53	0.742493623405
MA0043.1*TPM	HLF	0.715743654817
MA1138.1*TPM	FOSL2::JUNB	0.706816645291
MA0838.1*TPM	CEBPG	0.698184545169
MA1113.1	PBX2	0.69447099185
MA0464.2*TPM	BHLHE40	0.691961987484
MA0800.1	EOMES	0.685060420437
MA0508.1*TPM	PRDM1	0.684432976664
MA0808.1*TPM	TEAD3	0.682561240079
MA0867.1*TPM	SOX4	0.67235294085
MA0625.1*TPM	NFATC3	0.662222039711
MA0018.2*TPM	CREB1	0.65632420293
MA0749.1*TPM	ZBED1	0.655672612023
MA0683.1	POU4F2	0.655471342096
MA0488.1	JUN	0.645727155457
MA1148.1	PPARA::RXRA	0.644728519166
MA0795.1*TPM	SMAD3	0.642175496506
MA0628.1*TPM	POU6F1	0.636488789755
MA0828.1*TPM	SREBF2(var.2)	0.62459227339
MA0663.1*TPM	MLX	0.624121366707
MA0504.1*TPM	NR2C2	0.620813774159
MA0800.1*TPM	EOMES	0.609703774189
MA0144.2*TPM	STAT3	0.601312961909
MA1132.1	JUN::JUNB	0.594332194068
MA0526.2*TPM	USF2	0.581914325614
MA0659.1	MAFG	0.575462662599
MA0736.1	GLIS2	0.573423288257
MA0105.1	NFKB1	0.53888879209
MA0159.1*TPM	RARA::RXRA	0.538797933852
MA0495.1*TPM	MAFF	0.538636564898
MA0794.1	PROX1	0.534940687219
MA1102.1*TPM	CTCFL	0.522498328629
MA0811.1*TPM	TFAP2B	0.516278853412
MA0069.1*TPM	Pax6	0.50572026406
MA0768.1*TPM	LEF1	0.505708150647
MA0628.1	POU6F1	0.493402162601
MA1145.1*TPM	FOSL2::JUND(var.2)	0.488681823806
MA0813.1*TPM	TFAP2B(var.3)	0.479143790638
MA0600.2	RFX2	0.466005092426
MA1144.1*TPM	FOSL2::JUND	0.464170233137
MA0052.1*TPM	MEF2A	0.463030709303
MA0666.1*TPM	MSX1	0.449390829854
MA0104.4*TPM	MYCN	0.446031319992
MA0818.1*TPM	BHLHE22	0.431155204817
MA0716.1*TPM	PRRX1	0.429228903474
MA0600.1	RFX2	0.426561256734
MA0903.1*TPM	HOXB3	0.423578194814
MA1121.1*TPM	TEAD2	0.422369331421
MA0093.1*TPM	USF1	0.411668276781
MA0831.2	TFE3	0.411291510815
MA0523.1	TCF7L2	0.407103702796
MA0258.2*TPM	ESR2	0.406672350074
MA0080.2	SPI1	0.397158498067
MA0105.2	NFKB1	0.39581160573
MA0599.1*TPM	KLF5	0.395047312683
MA0154.3	EBF1	0.388845680683
MA0685.1	SP4	0.386356441081
MA0112.2	ESR1	0.384307196932
MA0080.4	SPI1	0.381782367375
MA0471.1*TPM	E2F6	0.38156036155
MA0157.1*TPM	FOXO3	0.3682291553
MA0819.1	CLOCK	0.358492951035
MA0642.1	EN2	0.347635900411
MA1111.1	NR2F2	0.345064307157
MA1143.1	FOSL1::JUND(var.2)	0.343170364334
MA1117.1	RELB	0.339051032992
MA1131.1	FOSL2::JUN(var.2)	0.328660226023
MA0831.1	TFE3	0.316739358231
MA0497.1*TPM	MEF2C	0.305664712818
MA0592.1	ESRRA	0.301376406521
MA0527.1	ZBTB33	0.292915180335
MA0760.1	ERF	0.288933783392
MA0864.1*TPM	E2F2	0.288176223633
MA0105.4*TPM	NFKB1	0.284793198188
MA0839.1*TPM	CREB3L1	0.273918712086
MA0727.1*TPM	NR3C2	0.270265759747
MA1114.1*TPM	PBX3	0.266523540027
MA0525.2	TP63	0.262975425178
MA0060.1	NFYA	0.254787951615
MA0691.1*TPM	TFAP4	0.247118944464
MA0716.1	PRRX1	0.23846050193
MA0654.1	ISX	0.23846050193
MA0721.1	UNCX	0.23846050193
MA0717.1	RAX2	0.23846050193
MA0701.1	LHX9	0.23846050193
MA0630.1	SHOX	0.23846050193
MA0112.3*TPM	ESR1	0.23840787879
MA0525.1	TP63	0.227755980963
MA0765.1	ETV5	0.226883388248
MA0157.1	FOXO3	0.214086718197
MA1128.1	FOSL1::JUN	0.21376791109
MA0112.1*TPM	ESR1	0.212449215084
MA0655.1	JDP2	0.209004006126
MA0052.2*TPM	MEF2A	0.204261920894
MA0492.1	JUND(var.2)	0.198697401664
MA1129.1	FOSL1::JUN(var.2)	0.198167105969
MA0098.3	ETS1	0.193928670428
MA0774.1	MEIS2	0.191738823866
MA0528.1*TPM	ZNF263	0.191235900412
MA0145.3	TFCP2	0.188367170936
MA0782.1*TPM	PKNOX1	0.186461274968
MA0656.1	JDP2(var.2)	0.185707798032
MA0154.2*TPM	EBF1	0.185243831687
MA0105.3	NFKB1	0.178646696046
MA0131.2	HINFP	0.174471653594
MA0835.1*TPM	BATF3	0.172285186392
MA0498.2*TPM	MEIS1	0.167413977725
MA0660.1	MEF2B	0.167111645923
MA0730.1*TPM	RARA(var.2)	0.162322368573
MA0071.1	RORA	0.158997235422
MA0131.1	HINFP	0.158299376248
MA0700.1*TPM	LHX2	0.157670073934
MA0060.2	NFYA	0.156927940725
MA0699.1*TPM	LBX2	0.152961641399
MA0158.1	HOXA5	0.149772916
MA0058.3*TPM	MAX	0.148439989319
MA0073.1	RREB1	0.147876228991
MA0504.1	NR2C2	0.14538964266
MA0700.1	LHX2	0.142045111652
MA0132.2*TPM	PDX1	0.139335218987
MA1108.1*TPM	MXI1	0.136284376061
MA0095.2*TPM	YY1	0.135320614088
MA0484.1	HNF4G	0.13407172579
MA0795.1	SMAD3	0.132680887708
MA0508.2	PRDM1	0.131581701995
MA0654.1*TPM	ISX	0.131153276061
MA0914.1*TPM	ISL2	0.128703876097
MA0856.1*TPM	RXRG	0.125110031664
MA0641.1	ELF4	0.123915306638
MA0036.3*TPM	GATA2	0.12388707728
MA0752.1*TPM	ZNF410	0.12277795327
MA0863.1	MTF1	0.121197145202
MA0684.1	RUNX3	0.118973064317
MA0466.2*TPM	CEBPB	0.117360321624
MA0093.2	USF1	0.116747142114
MA1149.1	RARA::RXRG	0.115957039318
MA0836.1*TPM	CEBPD	0.113895461927
MA1124.1*TPM	ZNF24	0.112063402736
MA0101.1	REL	0.111622407196
MA0100.3	MYB	0.105692105879
MA0516.1	SP2	0.105607339283
MA0785.1	POU2F1	0.105429474235
MA0072.1*TPM	RORA(var.2)	0.104250182736
MA0484.1*TPM	HNF4G	0.103235228858
MA0842.1*TPM	NRL	0.100583773366
MA0112.2*TPM	ESR1	0.096076799233
MA0834.1	ATF7	0.0929751435162
MA1100.1	ASCL1	0.0915065516247
MA0469.2	E2F3	0.0874311756077
MA0119.1	NFIC::TLX1	0.0872470385138
MA0062.1	GABPA	0.0850689043767
MA0691.1	TFAP4	0.0849205994723
MA0797.1	TGIF2	0.0806360594395
MA0060.3	NFYA	0.0791682784383
MA0088.2	ZNF143	0.0777293136962
MA0777.1	MYBL2	0.077578730267
MA0657.1	KLF13	0.0771106190068
MA0018.1	CREB1	0.0750307468731
MA1122.1	TFDP1	0.0742314262341
MA0895.1	HMBOX1	0.071550070723
MA0039.3	KLF4	0.070888460319
MA0638.1	CREB3	0.0706807782154
MA1139.1*TPM	FOSL2::JUNB(var.2)	0.069194059551
MA0807.1*TPM	TBX5	0.0688799541004
MA0865.1	E2F8	0.0667815125375
MA0508.1	PRDM1	0.0639059735447
MA0746.1	SP3	0.0633079577347
MA0014.3	PAX5	0.0631970586222
MA0074.1	RXRA::VDR	0.0606018391004
MA0028.2	ELK1	0.0602094688568
MA0028.1	ELK1	0.0600619806971
MA0107.1	RELA	0.0594757305956
MA0837.1	CEBPE	0.0575227955686
MA0778.1	NFKB2	0.0560225901456
MA0161.2	NFIC	0.0541930551867
MA1142.1*TPM	FOSL1::JUND	0.0540666582068
MA0032.1*TPM	FOXC1	0.0535493513681
MA0159.1	RARA::RXRA	0.0535052565891
MA0014.2	PAX5	0.0533705586978
MA0597.1	THAP1	0.0511286743604
MA0058.1	MAX	0.0499087337794
MA0526.2	USF2	0.0496937938184
MA0479.1*TPM	FOXH1	0.0474465764967
MA0475.1	FLI1	0.0466917030062
MA0138.2	REST	0.0444408830209
MA0491.1*TPM	JUND	0.0443531742533
MA0471.1	E2F6	0.0423015921896
MA0105.4	NFKB1	0.0412146451791
MA0259.1	ARNT::HIF1A	0.039401089511
MA0103.3	ZEB1	0.0378981536222
MA0692.1	TFEB	0.0377649327544
MA0017.1*TPM	NR2F1	0.0369101172483
MA0490.1	JUNB	0.0366805375983
MA0838.1	CEBPG	0.0361379164166
MA0018.3	CREB1	0.0344645975632
MA0526.1*TPM	USF2	0.0343061356774
MA0031.1	FOXD1	0.0335065626586
MA0510.2	RFX5	0.0334749719662
MA0150.1	NFE2L2	0.0331882710517
MA1114.1	PBX3	0.0328230960624
MA0138.1	REST	0.0326159920618
MA0522.2	TCF3	0.0325023104922
MA0093.1	USF1	0.031813622626
MA0470.1	E2F4	0.0314669115424
MA0502.1	NFYB	0.0307424220781
MA0768.1	LEF1	0.0306118735259
MA1106.1	HIF1A	0.0304562429193
MA0625.1	NFATC3	0.0291727770797
MA1140.1	JUNB(var.2)	0.0291003357068
MA0081.1	SPIB	0.0285621629357
MA0106.2	TP53	0.0283252467575
MA0473.1	ELF1	0.0273434012397
MA1116.1	RBPJ	0.0267460030674
MA0510.1	RFX5	0.0263310673073
MA1131.1*TPM	FOSL2::JUN(var.2)	0.0262928180818
MA1420.1	IRF5	0.0259857991644
MA0864.1	E2F2	0.025985232068
MA1421.1*TPM	TCF7L1	0.0257840642544
MA0867.1	SOX4	0.0251723302452
MA0523.1*TPM	TCF7L2	0.0244262221678
MA0051.1	IRF2	0.023363070223
MA0513.1	SMAD2::SMAD3::SMAD4	0.0233098575554
MA0059.1	MAX::MYC	0.0226863941356
MA0147.3	MYC	0.0217777062499
MA0154.2	EBF1	0.021390742689
MA0052.1	MEF2A	0.0208197261378
MA0462.1	BATF::JUN	0.0198465342365
MA0115.1	NR1H2::RXRA	0.0198185598876
MA0106.1	TP53	0.0197817678126
MA0596.1	SREBF2	0.0196505003597
MA0473.2	ELF1	0.0196235728405
MA0464.2	BHLHE40	0.0196134350194
MA0158.1*TPM	HOXA5	0.0194704790799
MA0749.1	ZBED1	0.0187442141802
MA0507.1	POU2F2	0.018694328633
MA0835.1	BATF3	0.0179463735825
MA0090.2*TPM	TEAD1	0.0176556884774
MA0018.2	CREB1	0.017073990711
MA0050.2	IRF1	0.0169430394562
MA0665.1	MSC	0.0167556341976
MA0652.1	IRF8	0.0164444476064
MA0730.1	RARA(var.2)	0.0161194010499
MA1418.1	IRF3	0.0161120700792
MA0050.1	IRF1	0.0156638875677
MA0663.1	MLX	0.0156225623707
MA0113.3	NR3C1	0.0154293265538
MA0058.2	MAX	0.0147723534406
MA0106.3	TP53	0.0142732338217
MA0528.1	ZNF263	0.0140305136033
MA1130.1	FOSL2::JUN	0.0135266614169
MA1142.1	FOSL1::JUND	0.013482957159
MA0039.3*TPM	KLF4	0.011342153651
MA0674.1*TPM	NKX6-1	0.011324057974
MA0794.1*TPM	PROX1	0.0106988137444
MA0828.1	SREBF2(var.2)	0.0105916953263
MA0072.1	RORA(var.2)	0.0105623285447
MA0593.1*TPM	FOXP2	0.0105429079714
MA0833.1	ATF4	0.0104860996862
MA0113.1	NR3C1	0.0103045849905
MA0844.1	XBP1	0.0101261944635
MA0027.2	EN1	0.0101173889139
MA0782.1	PKNOX1	0.00991815292385
MA0052.2	MEF2A	0.00918443888912
MA0491.1	JUND	0.00890625989009
MA0144.2	STAT3	0.00843711185505
MA1419.1	IRF4	0.00804345095661
MA0837.1*TPM	CEBPE	0.00747796342398
MA0137.2	STAT1	0.00734973733344
MA0149.1	EWSR1-FLI1	0.00693319740843
MA0137.1	STAT1	0.00683640616391
MA0517.1	STAT1::STAT2	0.00577537411663
MA0095.2	YY1	0.0055210368865
MA1124.1	ZNF24	0.00485964452457
MA0701.1*TPM	LHX9	0.00476921003859
MA0593.1	FOXP2	0.00425117256836
MA0137.3	STAT1	0.00312704827718
MA0526.1	USF2	0.00292964437894
MA0752.1	ZNF410	0.00284010995303
MA0058.3	MAX	0.00276682179531
MA0497.1	MEF2C	0.00197394067045
MA1130.1*TPM	FOSL2::JUN	0.00108213291331
MA0719.1*TPM	RHOXF1	0.0
MA0802.1*TPM	TBR1	0.0
MA0721.1*TPM	UNCX	0.0
MA0799.1*TPM	RFX4	0.0
MA0598.2*TPM	EHF	0.0
MA0161.1	NFIC	0.0
MA0791.1*TPM	POU4F3	0.0
MA0610.1*TPM	DMRT3	0.0
MA0805.1*TPM	TBX1	0.0
MA0442.1	SOX10	0.0
MA0722.1*TPM	VAX1	0.0
MA0723.1*TPM	VAX2	0.0
MA0618.1*TPM	LBX1	0.0
MA0630.1*TPM	SHOX	0.0
MA0598.1*TPM	EHF	0.0
MA0668.1*TPM	NEUROD2	0.0
MA0806.1*TPM	TBX4	0.0
MA0718.1*TPM	RAX	0.0
MA0712.1*TPM	OTX2	0.0
MA0713.1*TPM	PHOX2A	0.0
MA0820.1*TPM	FIGLA	0.0
MA0706.1*TPM	MEOX2	0.0
MA0817.1*TPM	BHLHE23	0.0
MA0815.1*TPM	TFAP2C(var.3)	0.0
MA0703.1*TPM	LMX1B	0.0
MA0702.1*TPM	LMX1A	0.0
MA0814.1*TPM	TFAP2C(var.2)	0.0
MA0501.1*TPM	MAF::NFE2	0.0
MA0714.1*TPM	PITX3	0.0
MA0524.1*TPM	TFAP2C	0.0
MA0524.2*TPM	TFAP2C	0.0
MA0697.1*TPM	ZIC3	0.0
MA0715.1*TPM	PROP1	0.0
MA0689.1*TPM	TBX20	0.0
MA0717.1*TPM	RAX2	0.0
MA0724.1*TPM	VENTX	0.0
MA0687.1*TPM	SPIC	0.0
MA0725.1*TPM	VSX1	0.0
MA0673.1*TPM	NKX2-8	0.0
MA0653.1*TPM	IRF9	0.0
MA0757.1*TPM	ONECUT3	0.0
MA0486.2*TPM	HSF1	0.0
MA0733.1*TPM	EGR4	0.0
MA0679.1*TPM	ONECUT1	0.0
MA0751.1*TPM	ZIC4	0.0
MA0747.1*TPM	SP8	0.0
MA0745.1*TPM	SNAI2	0.0
MA0672.1*TPM	NKX2-3	0.0
MA0634.1*TPM	ALX3	0.0
MA0744.1*TPM	SCRT2	0.0
MA0664.1*TPM	MLXIPL	0.0
MA0734.1*TPM	GLI2	0.0
MA0743.1*TPM	SCRT1	0.0
MA0735.1*TPM	GLIS1	0.0
MA0740.1*TPM	KLF14	0.0
MA0667.1*TPM	MYF6	0.0
MA0736.1*TPM	GLIS2	0.0
MA0651.1*TPM	HOXC11	0.0
MA0650.1*TPM	HOXA13	0.0
MA0680.1*TPM	PAX7	0.0
MA0767.1*TPM	GCM2	0.0
MA0635.1*TPM	BARHL2	0.0
MA0636.1*TPM	BHLHE41	0.0
MA0790.1*TPM	POU4F1	0.0
MA0789.1*TPM	POU3F4	0.0
MA0787.1*TPM	POU3F2	0.0
MA0726.1*TPM	VSX2	0.0
MA0784.1*TPM	POU1F1	0.0
MA0783.1*TPM	PKNOX2	0.0
MA0642.1*TPM	EN2	0.0
MA0644.1*TPM	ESX1	0.0
MA0646.1*TPM	GCM1	0.0
MA0686.1*TPM	SPDEF	0.0
MA0781.1*TPM	PAX9	0.0
MA0683.1*TPM	POU4F2	0.0
MA0648.1*TPM	GSC	0.0
MA0779.1*TPM	PAX1	0.0
MA0772.1*TPM	IRF7	0.0
MA0658.1*TPM	LHX6	0.0
MA0695.1*TPM	ZBTB7C	0.0
MA0821.1*TPM	HES5	0.0
MA0901.1*TPM	HOXB13	0.0
MA0068.2*TPM	PAX4	0.0
MA0080.1*TPM	SPI1	0.0
MA0056.1	MZF1	0.0
MA1101.1*TPM	BACH2	0.0
MA0084.1*TPM	SRY	0.0
MA0909.1*TPM	HOXD13	0.0
MA0908.1*TPM	HOXD11	0.0
MA0907.1*TPM	HOXC13	0.0
MA0906.1*TPM	HOXC12	0.0
MA0091.1*TPM	TAL1::TCF3	0.0
MA0905.1*TPM	HOXC10	0.0
MA0900.1*TPM	HOXA2	0.0
MA0065.1*TPM	PPARG::RXRA	0.0
MA0095.1*TPM	YY1	0.0
MA0899.1*TPM	HOXA10	0.0
MA0098.1*TPM	ETS1	0.0
MA0893.1*TPM	GSX2	0.0
MA0892.1*TPM	GSX1	0.0
MA0891.1*TPM	GSC2	0.0
MA0102.3*TPM	CEBPA	0.0
MA0486.1*TPM	HSF1	0.0
MA0114.2*TPM	HNF4A	0.0
MA0122.2*TPM	NKX3-2	0.0
MA0080.1	SPI1	0.0
MA0066.1*TPM	PPARG	0.0
MA0056.1*TPM	MZF1	0.0
MA0888.1*TPM	EVX2	0.0
MA0036.1*TPM	GATA2	0.0
MA1155.1*TPM	ZSCAN4	0.0
MA1151.1*TPM	RORC	0.0
MA0007.2*TPM	AR	0.0
MA1150.1*TPM	RORB	0.0
MA0009.2*TPM	T	0.0
MA1146.1*TPM	NR1A4::RXRA	0.0
MA0027.2*TPM	EN1	0.0
MA0031.1*TPM	FOXD1	0.0
MA1123.1*TPM	TWIST1	0.0
MA0033.1*TPM	FOXL1	0.0
MA0033.2*TPM	FOXL1	0.0
MA1120.1*TPM	SOX13	0.0
MA1104.1*TPM	GATA6	0.0
MA0037.1*TPM	GATA3	0.0
MA1119.1*TPM	SIX2	0.0
MA0042.1*TPM	FOXI1	0.0
MA0042.2*TPM	FOXI1	0.0
MA1115.1*TPM	POU5F1	0.0
MA0046.2*TPM	HNF1A	0.0
MA1113.1*TPM	PBX2	0.0
MA0036.1	GATA2	0.0
MA1110.1*TPM	NR1H4	0.0
MA0037.1	GATA3	0.0
MA1105.1*TPM	GRHL2	0.0
MA0889.1*TPM	GBX1	0.0
MA0890.1*TPM	GBX2	0.0
MA0153.1*TPM	HNF1B	0.0
MA0140.2*TPM	GATA1::TAL1	0.0
MA0148.1*TPM	FOXA1	0.0
MA0148.2*TPM	FOXA1	0.0
MA0148.3*TPM	FOXA1	0.0
MA0875.1*TPM	BARX1	0.0
MA0161.1*TPM	NFIC	0.0
MA0841.1*TPM	NFE2	0.0
MA0873.1*TPM	HOXD12	0.0
MA0095.1	YY1	0.0
MA0465.1*TPM	CDX2	0.0
MA0849.1*TPM	FOXO6	0.0
MA0153.2*TPM	HNF1B	0.0
MA0155.1*TPM	INSM1	0.0
MA0098.1	ETS1	0.0
MA0846.1*TPM	FOXC2	0.0
MA0442.2*TPM	SOX10	0.0
MA0468.1*TPM	DUX4	0.0
MA0876.1*TPM	BSX	0.0
MA0845.1*TPM	FOXB1	0.0
MA0868.1*TPM	SOX8	0.0
MA0130.1	ZNF354C	0.0
MA0886.1*TPM	EMX2	0.0
MA0708.1*TPM	MSX2	0.0
MA0855.1*TPM	RXRB	0.0
MA0866.1*TPM	SOX21	0.0
MA0826.1*TPM	OLIG1	0.0
MA0884.1*TPM	DUXA	0.0
MA0882.1*TPM	DLX6	0.0
MA0156.2*TPM	FEV	0.0
MA0878.1*TPM	CDX1	0.0
MA0130.1*TPM	ZNF354C	0.0
MA0827.1*TPM	OLIG3	0.0
MA0156.1*TPM	FEV	0.0
MA0136.2*TPM	ELF5	0.0
MA0474.2*TPM	ERG	0.0
MA0442.1*TPM	SOX10	0.0
MA0758.1	E2F7	-0.00111070884841
MA0792.1*TPM	POU5F1B	-0.00596888382869
MA1125.1	ZNF384	-0.00943153633493
MA0766.1*TPM	GATA5	-0.0112420300424
MA1118.1*TPM	SIX1	-0.0122113914862
MA0057.1	MZF1(var.2)	-0.0128654021308
MA0688.1*TPM	TBX2	-0.0133749247917
MA0861.1	TP73	-0.014230117478
MA0475.2	FLI1	-0.0173853074424
MA0761.1*TPM	ETV1	-0.0199078402627
MA0103.2	ZEB1	-0.0206224627315
MA1109.1*TPM	NEUROD1	-0.0220903570677
MA0758.1*TPM	E2F7	-0.0251353412394
MA0710.1*TPM	NOTO	-0.0255257860044
MA0887.1*TPM	EVX1	-0.0260634364722
MA0850.1*TPM	FOXP3	-0.0275128705776
MA0036.2*TPM	GATA2	-0.0329497969659
MA0501.1	MAF::NFE2	-0.0353008426139
MA0801.1	MGA	-0.0398187495912
MA0670.1*TPM	NFIA	-0.0487084907692
MA0734.1	GLI2	-0.0540776092957
MA0773.1	MEF2D	-0.0550072864564
MA0052.3	MEF2A	-0.05733864749
MA0057.1*TPM	MZF1(var.2)	-0.0582802716526
MA0613.1*TPM	FOXG1	-0.0708583872276
MA0793.1*TPM	POU6F2	-0.0725454417844
MA0678.1*TPM	OLIG2	-0.0757156240476
MA0872.1*TPM	TFAP2A(var.3)	-0.0775414194839
MA0775.1*TPM	MEIS3	-0.0777318498559
MA0090.1*TPM	TEAD1	-0.0777356656926
MA0824.1*TPM	ID4	-0.0856058652204
MA0770.1	HSF2	-0.0859705789522
MA0754.1	CUX1	-0.0916782690672
MA0729.1	RARA	-0.102900187548
MA0788.1*TPM	POU3F3	-0.103445449547
MA0030.1*TPM	FOXF2	-0.123661625411
MA0780.1*TPM	PAX3	-0.124487573932
MA0141.3*TPM	ESRRB	-0.126383786362
const	const	-0.128162056419
MA0737.1*TPM	GLIS3	-0.131813237283
MA0698.1*TPM	ZBTB18	-0.13345205886
MA0756.1*TPM	ONECUT2	-0.136147884049
MA0847.1*TPM	FOXD2	-0.155906266606
MA0688.1	TBX2	-0.167186559896
MA0025.1*TPM	NFIL3	-0.167819205279
MA0786.1*TPM	POU3F1	-0.171150348104
MA0815.1	TFAP2C(var.3)	-0.174258356382
MA0830.1	TCF4	-0.181225286306
MA0070.1*TPM	PBX1	-0.185573961081
MA0017.2*TPM	NR2F1	-0.199299446562
MA0899.1	HOXA10	-0.201379038609
MA0861.1*TPM	TP73	-0.210890341023
MA0761.1	ETV1	-0.221198225141
MA1120.1	SOX13	-0.231962171523
MA1125.1*TPM	ZNF384	-0.23569409301
MA0822.1*TPM	HES7	-0.249514185141
MA0163.1	PLAG1	-0.252033308788
MA0160.1*TPM	NR4A2	-0.277544087426
MA0696.1*TPM	ZIC1	-0.286101500478
MA0032.2*TPM	FOXC1	-0.30471676304
MA1107.1*TPM	KLF9	-0.306574698289
MA0753.1	ZNF740	-0.310819588782
MA0662.1*TPM	MIXL1	-0.311068489719
MA0595.1	SREBF1	-0.346006203957
MA0489.1	JUN(var.2)	-0.349443013077
MA0693.2	VDR	-0.353974843187
MA0495.2*TPM	MAFF	-0.377328557964
MA1112.1	NR4A1	-0.382446929779
MA0639.1	DBP	-0.383255906063
MA0872.1	TFAP2A(var.3)	-0.408112734125
MA0103.2*TPM	ZEB1	-0.431421920343
MA0661.1*TPM	MEOX1	-0.461735863942
MA0798.1	RFX3	-0.50588095283
MA0079.1	SP1	-0.523465547713
MA1152.1*TPM	SOX15	-0.546676933795
MA0848.1*TPM	FOXO4	-0.586941238988
MA0792.1	POU5F1B	-0.59688838287
MA0801.1*TPM	MGA	-0.602855868812
MA0693.2*TPM	VDR	-0.605296981848
MA0698.1	ZBTB18	-0.606600267544
MA0475.2*TPM	FLI1	-0.614049058866
MA0672.1	NKX2-3	-0.634978899262
MA0661.1	MEOX1	-0.64129981103
MA1112.1*TPM	NR4A1	-0.646335311327
MA0908.1	HOXD11	-0.688995415887
MA0163.1*TPM	PLAG1	-0.695611932255
MA0160.1	NR4A2	-0.770955798406
MA0763.1	ETV3	-0.837419850437
MA0258.1*TPM	ESR2	-0.844927900572
MA0764.1	ETV4	-0.873442775927
MA0773.1*TPM	MEF2D	-0.877366218981
MA0033.2	FOXL1	-0.91709568592
MA0042.2	FOXI1	-0.91709568592
MA0847.1	FOXD2	-0.91709568592
MA0848.1	FOXO4	-0.91709568592
MA0849.1	FOXO6	-0.91709568592
MA0850.1	FOXP3	-0.91709568592
MA0489.1*TPM	JUN(var.2)	-0.943496135308
MA0731.1*TPM	BCL6B	-0.972320463412
MA0729.1*TPM	RARA	-1.0362048886
MA0003.2*TPM	TFAP2A	-1.0825257523
MA0690.1*TPM	TBX21	-1.11773419916
MA0048.2*TPM	NHLH1	-1.11962086258
MA0766.1	GATA5	-1.12420300424
MA0894.1	HESX1	-1.13168503962
MA0152.1	NFATC2	-1.14614553181
MA0065.1	PPARG::RXRA	-1.16714730575
MA0694.1	ZBTB7B	-1.18278360563
MA0796.1	TGIF1	-1.1844940529
MA0753.1*TPM	ZNF740	-1.21219639625
MA1118.1	SIX1	-1.22113914862
MA0770.1*TPM	HSF2	-1.23453751375
MA0741.1	KLF16	-1.26024869034
MA0052.3*TPM	MEF2A	-1.27521152018
MA0037.3*TPM	GATA3	-1.27929421289
MA0887.1	EVX1	-1.30317182361
MA0855.1	RXRB	-1.34127026142
MA0466.1*TPM	CEBPB	-1.37785044985
MA0809.1*TPM	TEAD4	-1.40646515644
MA0079.1*TPM	SP1	-1.44476491169
MA0649.1*TPM	HEY2	-1.47779946482
MA0099.3*TPM	FOS::JUN	-1.4973377182
MA0888.1	EVX2	-1.50143843595
MA0754.1*TPM	CUX1	-1.60803683944
MA0036.2	GATA2	-1.64748984829
MA1152.1	SOX15	-1.65659676908
MA0803.1*TPM	TBX15	-1.65688892384
MA0639.1*TPM	DBP	-1.72465157729
MA0662.1	MIXL1	-1.72815827622
MA0613.1	FOXG1	-1.77145968069
MA0763.1*TPM	ETV3	-1.78370428143
MA1107.1	KLF9	-1.80338057817
MA0141.3	ESRRB	-1.80548266231
MA0764.1*TPM	ETV4	-1.85169868496
MA1127.1*TPM	FOSB::JUN	-1.86749376985
MA0737.1	GLIS3	-1.88304624691
MA0481.1*TPM	FOXP1	-1.89473593893
MA0647.1*TPM	GRHL1	-1.93361327858
MA0810.1*TPM	TFAP2A(var.2)	-1.97206473455
MA0894.1*TPM	HESX1	-1.98044881933
MA0759.1	ELK3	-1.98542350734
MA0759.1*TPM	ELK3	-1.98542350734
MA0122.2	NKX3-2	-1.99749296563
MA0718.1	RAX	-2.02249421851
MA0595.1*TPM	SREBF1	-2.03451647926
MA0741.1*TPM	KLF16	-2.09201282597
MA0037.3	GATA3	-2.09720362768
MA0803.1	TBX15	-2.12421656902
MA0664.1	MLXIPL	-2.16546454969
MA1109.1	NEUROD1	-2.20903570677
MA0724.1	VENTX	-2.21052440752
MA0694.1*TPM	ZBTB7B	-2.21180534253
MA0771.1*TPM	HSF4	-2.30663182688
MA0714.1	PITX3	-2.32017596863
MA0478.1*TPM	FOSL2	-2.34181457809
MA0755.1*TPM	CUX2	-2.38245064355
MA0841.1	NFE2	-2.40344781362
MA0066.1	PPARG	-2.47255595319
MA0707.1*TPM	MNX1	-2.48947688885
MA0762.1	ETV2	-2.50788112314
MA0710.1	NOTO	-2.55257860044
MA0889.1	GBX1	-2.55635772294
MA0083.3	SRF	-2.60154960353
MA0706.1	MEOX2	-2.6744350255
MA0495.2	MAFF	-2.69520398546
MA0875.1	BARX1	-2.695715037
MA0744.1	SCRT2	-2.70672358808
MA0804.1*TPM	TBX19	-2.72479414444
MA0690.1	TBX21	-2.72618097357
MA0771.1	HSF4	-2.77907449021
MA0798.1*TPM	RFX3	-2.82281571679
MA0496.1*TPM	MAFK	-2.82316117413
MA0696.1	ZIC1	-2.86101500478
MA0598.2	EHF	-2.87340731897
MA0258.1	ESR2	-2.91354448473
MA1127.1	FOSB::JUN	-2.91795901539
MA0830.1*TPM	TCF4	-2.95397216679
MA1147.1*TPM	NR4A2::RXRA	-2.96612632058
MA0048.2	NHLH1	-3.02600233129
MA1104.1	GATA6	-3.12069690977
MA0755.1	CUX2	-3.17660085807
MA0077.1*TPM	SOX9	-3.25613136063
MA0680.1	PAX7	-3.28818703239
MA0025.1	NFIL3	-3.35638410558
MA0077.1	SOX9	-3.46396953259
MA1105.1	GRHL2	-3.48564675052
MA0762.1*TPM	ETV2	-3.48595476116
MA1136.1*TPM	FOSB::JUNB(var.2)	-3.64585222637
MA0796.1*TPM	TGIF1	-3.64824168294
MA0618.1	LBX1	-3.69431235205
MA0037.2*TPM	GATA3	-3.71392275537
MA0649.1	HEY2	-3.78922939696
MA0892.1	GSX1	-3.85015365114
MA0775.1	MEIS3	-3.88659249279
MA0124.1*TPM	NKX3-1	-3.9092260395
MA0635.1	BARHL2	-3.92714993651
MA0637.1	CENPB	-4.05802176462
MA0083.3*TPM	SRF	-4.11044837358
MA0780.1	PAX3	-4.14958579774
MA0822.1	HES7	-4.15856975235
MA0634.1	ALX3	-4.19449788639
MA0786.1	POU3F1	-4.27875870259
MA0032.2	FOXC1	-4.35309661485
MA0647.1	GRHL1	-4.39457563313
MA0907.1	HOXC13	-4.42457661325
MA0905.1	HOXC10	-4.46954837203
MA0496.1	MAFK	-4.78501893921
MA0099.3	FOS::JUN	-4.83012167161
MA0670.1	NFIA	-4.87084907691
MA0725.1	VSX1	-4.90456681507
MA0726.1	VSX2	-4.90456681507
MA0817.1	BHLHE23	-4.91513607
MA0738.1*TPM	HIC2	-4.95405964436
MA0442.2	SOX10	-4.96696996727
MA0882.1	DLX6	-5.06723826906
MA1151.1	RORC	-5.08892898016
MA0722.1	VAX1	-5.13636616944
MA0148.1	FOXA1	-5.26383196634
MA0731.1	BCL6B	-5.40178035229
MA0723.1	VAX2	-5.44153310968
MA0891.1	GSC2	-5.60902569589
MA0084.1	SRY	-5.61170844475
MA0890.1	GBX2	-5.61672698595
MA1136.1	FOSB::JUNB(var.2)	-5.6966441037
MA0003.2	TFAP2A	-5.69750395947
MA0878.1	CDX1	-5.8635618758
MA0153.1	HNF1B	-6.01916171909
MA0037.2	GATA3	-6.08839795961
MA0030.1	FOXF2	-6.18308127058
MA0689.1	TBX20	-6.28560308241
MA0152.1*TPM	NFATC2	-6.39549206752
MA0465.1	CDX2	-6.45816811415
MA0784.1	POU1F1	-6.59198737345
MA0637.1*TPM	CENPB	-6.61457547633
MA0114.2	HNF4A	-7.22501216202
MA1110.1	NR1H4	-7.25039441038
MA0793.1	POU6F2	-7.25454417844
MA0678.1	OLIG2	-7.57156240477
MA0825.1	MNT	-7.583099974
MA0827.1	OLIG3	-7.64764492756
MA0747.1	SP8	-7.66832413296
MA0090.1	TEAD1	-7.77356656926
MA0646.1	GCM1	-7.8201844676
MA0804.1	TBX19	-8.01410042483
MA0821.1	HES5	-8.02674954616
MA0124.1	NKX3-1	-8.14422091561
MA1147.1	NR4A2::RXRA	-8.23923977938
MA0787.1	POU3F2	-8.34220406488
MA0136.2	ELF5	-8.34521800055
MA0712.1	OTX2	-8.39200763078
MA0046.2	HNF1A	-8.47742421041
MA0824.1	ID4	-8.56058652204
MA0155.1	INSM1	-8.63880898472
MA0713.1	PHOX2A	-8.69189539363
MA0707.1	MNX1	-9.22028477351
MA0070.1	PBX1	-9.27869805406
MA0703.1	LMX1B	-9.86145712253
MA0702.1	LMX1A	-9.86145712253
MA0790.1	POU4F1	-10.0419803553
MA0809.1	TEAD4	-10.0461796888
MA0140.2	GATA1::TAL1	-10.2136978278
MA0788.1	POU3F3	-10.3445449547
MA0810.1	TFAP2A(var.2)	-10.3792880766
MA0679.1	ONECUT1	-10.566046328
MA0697.1	ZIC3	-11.3498248677
MA0466.1	CEBPB	-11.4820870821
MA0846.1	FOXC2	-11.578025773
MA0481.1	FOXP1	-11.8420996183
MA0868.1	SOX8	-12.5739377053
MA0772.1	IRF7	-13.1488165287
MA0756.1	ONECUT2	-13.6147884049
MA0866.1	SOX21	-13.7024203808
MA0156.1	FEV	-13.808186069
MA0876.1	BSX	-14.4838983227
MA0719.1	RHOXF1	-15.6439981921
MA0738.1	HIC2	-15.9808375625
MA0845.1	FOXB1	-16.0111323288
MA0650.1	HOXA13	-16.1978353783
MA0715.1	PROP1	-17.8931410015
MA0825.1*TPM	MNT	-18.1236089379
MA0017.2	NR2F1	-19.9299446562
MA0610.1	DMRT3	-20.1396362412
MA0042.1	FOXI1	-20.1452154446
MA0033.1	FOXL1	-22.6187263034
MA0901.1	HOXB13	-23.2069079018
MA0814.1	TFAP2C(var.2)	-24.0491353742
MA0478.1	FOSL2	-29.2726822262
MA0757.1	ONECUT3	-29.5023761477
