MA1102.1	CTCFL	26.3453803748
MA0779.1	PAX1	24.566575067
MA0751.1	ZIC4	22.1006531572
MA0104.4	MYCN	19.4333150268
MA0812.1	TFAP2B(var.2)	19.2145313552
MA0740.1	KLF14	17.4384065796
MA0511.2	RUNX2	16.6250652284
MA0153.2	HNF1B	16.0439200201
MA0003.1	TFAP2A	15.3143524576
MA0732.1	EGR3	14.484865812
MA0781.1	PAX9	14.3072801402
MA0024.1*TPM	E2F1	14.1308555241
MA0727.1	NR3C2	13.9623671277
MA0711.1	OTX1	13.9162712739
MA0003.3	TFAP2A	13.061145185
MA0612.1*TPM	EMX1	12.5345211816
MA0636.1	BHLHE41	12.2421300443
MA0043.1	HLF	11.5737682152
MA0099.2	FOS::JUN	11.2939762573
MA0826.1	OLIG1	11.2770977602
MA0486.1	HSF1	11.187419058
MA0820.1	FIGLA	11.177328961
MA1145.1	FOSL2::JUND(var.2)	10.6080940247
MA0043.2	HLF	10.4675822997
MA0612.1	EMX1	10.3591084146
MA0620.2	MITF	10.1954677464
MA0048.1	NHLH1	10.1638839862
MA0506.1*TPM	NRF1	9.99373134399
MA0767.1	GCM2	9.97749668453
MA1101.1	BACH2	9.58425489443
MA0644.1	ESX1	9.35577136153
MA0024.2*TPM	E2F1	9.2429968649
MA0808.1	TEAD3	9.14733296369
MA0708.1	MSX2	8.89311607219
MA0733.1	EGR4	8.46242020583
MA0511.1	RUNX2	8.37093408685
MA0132.2	PDX1	8.33529061326
MA1133.1*TPM	JUN::JUNB(var.2)	8.16352243124
MA0750.1*TPM	ZBTB7A	8.06204652077
MA1141.1	FOS::JUND	7.74995216945
MA0862.1*TPM	GMEB2	7.38262935081
MA0645.1*TPM	ETV6	7.10881125446
MA0139.1*TPM	CTCF	6.8528923373
MA0750.2*TPM	ZBTB7A	6.81923501702
MA0524.2	TFAP2C	6.75413134792
MA1126.1	FOS::JUN(var.2)	6.47112393036
MA0476.1	FOS	6.28940314345
MA0675.1	NKX6-2	6.2045962313
MA1138.1	FOSL2::JUNB	6.08908463483
MA0669.1	NEUROG2	6.08392597397
MA0648.1	GSC	5.9538008176
MA0823.1	HEY1	5.95315195362
MA0477.1*TPM	FOSL1	5.91311045901
MA0099.2*TPM	FOS::JUN	5.87286765381
MA1134.1	FOS::JUNB	5.69384519038
MA0495.1	MAFF	5.54610496365
MA0024.1	E2F1	5.54151197026
MA0823.1*TPM	HEY1	5.47689979733
MA0468.1	DUX4	5.46084440091
MA0909.1	HOXD13	5.405183606
MA0736.1	GLIS2	5.35053087731
MA0076.2*TPM	ELK4	5.32630964092
MA0776.1*TPM	MYBL1	5.24602731036
MA0906.1	HOXC12	5.24303356364
MA0472.2*TPM	EGR2	5.19988146624
MA0068.2	PAX4	5.1368801702
MA0902.1*TPM	HOXB2	5.13584394502
MA0750.1	ZBTB7A	5.13506147819
MA0873.1	HOXD12	5.10977614417
MA0668.1	NEUROD2	5.09810204932
MA0162.3*TPM	EGR1	5.07914169394
MA0527.1*TPM	ZBTB33	5.03524544994
MA0148.3	FOXA1	5.02486106811
MA1143.1*TPM	FOSL1::JUND(var.2)	4.98400186835
MA1108.1	MXI1	4.97926348304
MA0914.1	ISL2	4.93472820848
MA0732.1*TPM	EGR3	4.92485437608
MA0651.1	HOXC11	4.91987839194
MA0498.2	MEIS1	4.74632947398
MA0813.1	TFAP2B(var.3)	4.6886253862
MA1135.1	FOSB::JUNB	4.59670729601
MA0802.1	TBR1	4.54749039788
MA1113.1	PBX2	4.52110073128
MA0792.1	POU5F1B	4.5147273143
MA0076.1*TPM	ELK4	4.41475370405
MA0105.1*TPM	NFKB1	4.40065679882
MA1137.1*TPM	FOSL1::JUNB	4.37849718641
MA0496.2*TPM	MAFK	4.35299762039
MA0750.2	ZBTB7A	4.34346179426
MA1144.1	FOSL2::JUND	4.33509695165
MA0496.2	MAFK	4.30989863404
MA1146.1	NR1A4::RXRA	4.30713588814
MA0789.1	POU3F4	4.24049344719
MA0765.1*TPM	ETV5	4.21650753498
MA1102.1*TPM	CTCFL	4.21526085998
MA0735.1	GLIS1	4.19098467407
MA0893.1	GSX2	4.15211848596
MA1141.1*TPM	FOS::JUND	4.02997512812
MA0069.1	Pax6	4.02571132389
MA0908.1	HOXD11	4.00111175712
MA0154.3*TPM	EBF1	3.99981564839
MA0162.3	EGR1	3.96807944838
MA0501.1	MAF::NFE2	3.96671015928
MA0783.1	PKNOX2	3.95107235945
MA0743.1	SCRT1	3.94963269018
MA0162.2*TPM	EGR1	3.90208347738
MA0711.1*TPM	OTX1	3.89655595668
MA0871.1	TFEC	3.86436338467
MA0258.2	ESR2	3.71186872051
MA0806.1	TBX4	3.65261621177
MA0805.1	TBX1	3.65261621177
MA0024.2	E2F1	3.62470465291
MA0060.1*TPM	NFYA	3.59395759727
MA0685.1*TPM	SP4	3.58719438997
MA0852.2*TPM	FOXK1	3.57241009986
MA0098.3*TPM	ETS1	3.56232021269
MA0762.1	ETV2	3.52681100485
MA0672.1	NKX2-3	3.37688381866
MA1126.1*TPM	FOS::JUN(var.2)	3.3649844438
MA0684.1*TPM	RUNX3	3.36168070173
MA1103.1*TPM	FOXK2	3.35530842065
MA0017.1	NR2F1	3.30738475232
MA0002.1*TPM	RUNX1	3.28749259496
MA0476.1*TPM	FOS	3.27048963459
MA0628.1	POU6F1	3.25034013355
MA0481.2	FOXP1	3.23729589424
MA0669.1*TPM	NEUROG2	3.16364150646
MA0474.2	ERG	3.15595460075
MA0018.1*TPM	CREB1	3.12080752693
MA0871.1*TPM	TFEC	3.09149070773
MA0776.1	MYBL1	3.08589841786
MA0666.1	MSX1	3.07856887012
MA0831.1*TPM	TFE3	3.07560723306
MA0162.2	EGR1	3.0485027167
MA0080.4*TPM	SPI1	3.02882584228
MA0469.2*TPM	E2F3	3.02264932382
MA0043.1*TPM	HLF	3.00917973596
MA1130.1	FOSL2::JUN	3.00383859183
MA0080.2*TPM	SPI1	2.99002584686
MA1104.1	GATA6	2.98475331065
MA1134.1*TPM	FOS::JUNB	2.960799499
MA1121.1	TEAD2	2.9119856516
MA0653.1	IRF9	2.82982592578
MA0811.1	TFAP2B	2.82711067837
MA1133.1	JUN::JUNB(var.2)	2.8247482461
MA0028.1*TPM	ELK1	2.80518448021
MA0600.1*TPM	RFX2	2.80159865666
MA1122.1*TPM	TFDP1	2.7898277526
MA0844.1*TPM	XBP1	2.77411152199
MA0760.1*TPM	ERF	2.76519953707
MA0093.1*TPM	USF1	2.76442250121
MA0699.1	LBX2	2.74910553921
MA0157.2*TPM	FOXO3	2.74597162507
MA0671.1	NFIX	2.73922992034
MA0490.1*TPM	JUNB	2.72844329855
MA0043.2*TPM	HLF	2.72157139791
MA0862.1	GMEB2	2.71420196721
MA0523.1	TCF7L2	2.66025249496
MA0831.2*TPM	TFE3	2.58210107761
MA0470.1*TPM	E2F4	2.57738702124
MA1154.1*TPM	ZNF282	2.55860673335
MA1115.1	POU5F1	2.54720324559
MA0525.2*TPM	TP63	2.54440458776
MA0695.1	ZBTB7C	2.53408399125
MA0131.2*TPM	HINFP	2.49505244749
MA0060.2*TPM	NFYA	2.48978062743
MA0131.1*TPM	HINFP	2.4827071067
MA0149.1*TPM	EWSR1-FLI1	2.48177933098
MA0600.2*TPM	RFX2	2.45627278062
MA0058.1*TPM	MAX	2.45183620187
MA0102.3	CEBPA	2.40994696138
MA0656.1*TPM	JDP2(var.2)	2.40969924886
MA0003.1*TPM	TFAP2A	2.29715286864
MA0114.2	HNF4A	2.28257778913
MA0486.2	HSF1	2.28201443215
MA0462.1*TPM	BATF::JUN	2.26552052863
MA1140.1*TPM	JUNB(var.2)	2.24057711865
MA0091.1	TAL1::TCF3	2.20480949386
MA1118.1	SIX1	2.20373481461
MA0093.2*TPM	USF1	2.18528134064
MA0599.1	KLF5	2.18043389554
MA0510.2*TPM	RFX5	2.16511603883
MA0083.1*TPM	SRF	2.16172238462
MA1117.1*TPM	RELB	2.15702477448
MA0638.1*TPM	CREB3	2.12149774889
MA0902.1	HOXB2	2.07928904657
MA0665.1*TPM	MSC	2.06346851175
MA0774.1*TPM	MEIS2	2.06238549492
MA0872.1	TFAP2A(var.3)	2.0280859026
MA0105.2*TPM	NFKB1	2.01717398065
MA0137.2*TPM	STAT1	2.00611722879
MA0710.1	NOTO	1.99701924952
MA0079.3*TPM	SP1	1.98863499624
MA0079.2*TPM	SP1	1.98477702563
MA1419.1*TPM	IRF4	1.97099431147
MA0003.3*TPM	TFAP2A	1.95917177775
MA0655.1*TPM	JDP2	1.94593258435
MA0475.1*TPM	FLI1	1.9180726135
MA0028.2*TPM	ELK1	1.90999030378
MA0032.1	FOXC1	1.9086193964
MA0137.1*TPM	STAT1	1.88229400628
MA1100.1*TPM	ASCL1	1.8744172051
MA0691.1*TPM	TFAP4	1.86925884641
MA1420.1*TPM	IRF5	1.85130451659
MA0090.2	TEAD1	1.84793442163
MA0745.1	SNAI2	1.84354976435
MA0048.1*TPM	NHLH1	1.82949911752
MA0510.1*TPM	RFX5	1.79665864076
MA0688.1	TBX2	1.78987584629
MA0660.1*TPM	MEF2B	1.76900781713
MA0062.1*TPM	GABPA	1.7684043807
MA0024.3*TPM	E2F1	1.76663810649
MA0837.1	CEBPE	1.75662333578
MA0628.1*TPM	POU6F1	1.75518367212
MA0014.3*TPM	PAX5	1.72212621871
MA0107.1*TPM	RELA	1.7081029721
MA0112.2	ESR1	1.67210669997
MA0833.1*TPM	ATF4	1.6694791455
MA1106.1*TPM	HIF1A	1.66411338154
MA0746.1*TPM	SP3	1.65569471115
MA1132.1*TPM	JUN::JUNB	1.64659253056
MA0160.1	NR4A2	1.62886258054
MA0148.2	FOXA1	1.62672242718
MA0147.3*TPM	MYC	1.6192405074
MA1135.1*TPM	FOSB::JUNB	1.6088475536
MA0652.1*TPM	IRF8	1.59734673685
MA0145.3*TPM	TFCP2	1.59644077076
MA0508.2*TPM	PRDM1	1.58243388109
MA0517.1*TPM	STAT1::STAT2	1.56793732245
MA0642.1	EN2	1.55408250714
MA1103.1	FOXK2	1.55338352808
MA0706.1	MEOX2	1.54946335396
MA0657.1*TPM	KLF13	1.53593638776
MA0119.1*TPM	NFIC::TLX1	1.52307703706
MA0799.1	RFX4	1.51174485649
MA0641.1*TPM	ELF4	1.51152702521
MA0477.1	FOSL1	1.50078945661
MA1154.1	ZNF282	1.49626124758
MA0101.1*TPM	REL	1.49101729644
MA0506.1	NRF1	1.48937873979
MA0762.1*TPM	ETV2	1.48126062204
MA0778.1*TPM	NFKB2	1.47303977927
MA0014.2*TPM	PAX5	1.46142050273
MA0839.1	CREB3L1	1.45803340247
MA0525.1*TPM	TP63	1.44820006519
MA0466.2	CEBPB	1.43115178281
MA0492.1*TPM	JUND(var.2)	1.42277250555
MA0834.1*TPM	ATF7	1.41724625147
MA0516.1*TPM	SP2	1.41326954004
MA0106.2*TPM	TP53	1.39354486433
MA0495.1*TPM	MAFF	1.38652624091
MA0060.3*TPM	NFYA	1.38138496067
MA0692.1*TPM	TFEB	1.37857473694
MA0647.1	GRHL1	1.37036181019
MA0157.2	FOXO3	1.36615503735
MA1108.1*TPM	MXI1	1.34440114042
MA0100.3*TPM	MYB	1.33587264893
MA0797.1*TPM	TGIF2	1.32799810947
MA0777.1*TPM	MYBL2	1.32563186119
MA0522.2*TPM	TCF3	1.32269126451
MA0037.3	GATA3	1.3188444298
MA0059.1*TPM	MAX::MYC	1.31350639373
MA0781.1*TPM	PAX9	1.28765521262
MA0808.1*TPM	TEAD3	1.28062661492
MA1143.1	FOSL1::JUND(var.2)	1.26497509349
MA0113.3*TPM	NR3C1	1.26469968775
MA0105.3*TPM	NFKB1	1.2638569154
MA0258.2*TPM	ESR2	1.26203536498
MA1131.1	FOSL2::JUN(var.2)	1.25444847113
MA0074.1*TPM	RXRA::VDR	1.24813843001
MA0836.1	CEBPD	1.24731224913
MA0007.2	AR	1.22778035803
MA0138.2*TPM	REST	1.21733329283
MA0598.1	EHF	1.21718377802
MA0073.1*TPM	RREB1	1.21526824509
MA0083.2*TPM	SRF	1.21196706223
MA0081.1*TPM	SPIB	1.17658737469
MA0083.1	SRF	1.17484912208
MA1149.1*TPM	RARA::RXRG	1.16264443778
MA0645.1	ETV6	1.15778684926
MA0592.1*TPM	ESRRA	1.1458515236
MA0596.1*TPM	SREBF2	1.14317423664
MA0504.1*TPM	NR2C2	1.1425096185
MA1116.1*TPM	RBPJ	1.1364280493
MA0826.1*TPM	OLIG1	1.12770977602
MA0150.1*TPM	NFE2L2	1.11846431581
MA1137.1	FOSL1::JUNB	1.11129370213
MA0686.1	SPDEF	1.10240480217
MA0050.2*TPM	IRF1	1.1012164734
MA0473.1*TPM	ELF1	1.09639401039
MA0526.2*TPM	USF2	1.09295716549
MA0018.3*TPM	CREB1	1.09113257837
MA0513.1*TPM	SMAD2::SMAD3::SMAD4	1.08877514648
MA0473.2*TPM	ELF1	1.08858745843
MA0749.1*TPM	ZBED1	1.08375382012
MA0472.2	EGR2	1.0833086388
MA0051.1*TPM	IRF2	1.07463966462
MA0671.1*TPM	NFIX	1.06829966893
MA1145.1*TPM	FOSL2::JUND(var.2)	1.06080940247
MA1421.1	TCF7L1	1.06076055321
MA0106.1*TPM	TP53	1.05216896683
MA0076.2	ELK4	1.03826698653
MA0852.2	FOXK1	1.02361320913
MA0508.1*TPM	PRDM1	1.00903338006
MA0161.2*TPM	NFIC	0.988956107593
MA0057.1*TPM	MZF1(var.2)	0.987161887552
MA0597.1*TPM	THAP1	0.9823932227
MA0115.1*TPM	NR1H2::RXRA	0.974889425113
MA0002.1	RUNX1	0.96407407477
MA0488.1*TPM	JUN	0.9537163149
MA0491.1*TPM	JUND	0.953286515387
MA0018.2*TPM	CREB1	0.941274467202
MA0687.1	SPIC	0.935569307844
MA0855.1	RXRB	0.931823586132
MA0106.3*TPM	TP53	0.930042530046
MA0113.1*TPM	NR3C1	0.927371418374
MA0865.1*TPM	E2F8	0.911497527061
MA0625.1*TPM	NFATC3	0.902716287405
MA0863.1*TPM	MTF1	0.889124956305
MA0785.1*TPM	POU2F1	0.888903953037
MA0502.1*TPM	NFYB	0.887530489508
MA1107.1	KLF9	0.884877584212
MA0159.1*TPM	RARA::RXRA	0.880435703729
MA0867.1*TPM	SOX4	0.875864593435
MA0071.1*TPM	RORA	0.871129433877
MA0050.1*TPM	IRF1	0.864280174726
MA0076.1	ELK4	0.860575770771
MA0794.1	PROX1	0.853111383024
MA0730.1*TPM	RARA(var.2)	0.842662115181
MA0138.1*TPM	REST	0.841303077686
MA0137.3*TPM	STAT1	0.840200969545
MA0479.1	FOXH1	0.8176295567
MA0775.1	MEIS3	0.816843589904
MA0088.2*TPM	ZNF143	0.814504943972
MA0058.2*TPM	MAX	0.813156980718
MA0052.1*TPM	MEF2A	0.781840624063
MA0599.1*TPM	KLF5	0.763151863441
MA1418.1*TPM	IRF3	0.761758760698
MA0156.2	FEV	0.745580403586
MA0804.1	TBX19	0.701492642776
MA0024.3	E2F1	0.692799257445
MA0079.3	SP1	0.671836147379
MA0507.1*TPM	POU2F2	0.671283223402
MA0079.2	SP1	0.670532778929
MA0884.1	DUXA	0.668183431485
MA0807.1	TBX5	0.663753703628
MA0144.2*TPM	STAT3	0.663623321507
MA0259.1*TPM	ARNT::HIF1A	0.659700928396
MA0804.1*TPM	TBX19	0.65940308421
MA0083.2	SRF	0.658677751211
MA0895.1*TPM	HMBOX1	0.657764897747
MA0105.1	NFKB1	0.637776347657
MA0464.2*TPM	BHLHE40	0.636936103834
MA0471.1*TPM	E2F6	0.62201912217
MA0838.1*TPM	CEBPG	0.618336698622
MA1138.1*TPM	FOSL2::JUNB	0.608908463483
MA1109.1	NEUROD1	0.608497927521
MA0160.1*TPM	NR4A2	0.586390528993
MA0835.1*TPM	BATF3	0.585928499548
MA0828.1*TPM	SREBF2(var.2)	0.580365740624
MA0842.1*TPM	NRL	0.578067627525
MA1132.1	JUN::JUNB	0.569755200886
MA0647.1*TPM	GRHL1	0.561848342178
MA0727.1*TPM	NR3C2	0.558494685108
MA0105.4*TPM	NFKB1	0.53604268904
MA0630.1	SHOX	0.51819847444
MA0717.1	RAX2	0.51819847444
MA0701.1	LHX9	0.51819847444
MA0721.1	UNCX	0.51819847444
MA0716.1	PRRX1	0.51819847444
MA0654.1	ISX	0.51819847444
MA0466.2*TPM	CEBPB	0.51521464181
MA0691.1	TFAP4	0.503843354829
MA0528.1*TPM	ZNF263	0.50302607269
MA0112.2*TPM	ESR1	0.501632009989
MA0154.3	EBF1	0.493195517678
MA0027.2	EN1	0.492101701739
MA0600.1	RFX2	0.48978997494
MA0058.3*TPM	MAX	0.487274336052
MA0796.1*TPM	TGIF1	0.477947103629
MA0158.1	HOXA5	0.475809041375
MA0768.1*TPM	LEF1	0.474962777168
MA0900.1	HOXA2	0.468935964221
MA1120.1	SOX13	0.454876524511
MA0069.1*TPM	Pax6	0.442828245629
MA0699.1*TPM	LBX2	0.439856886273
MA1144.1*TPM	FOSL2::JUND	0.433509695164
MA0600.2	RFX2	0.429418318291
MA0795.1*TPM	SMAD3	0.424005870019
MA0052.2*TPM	MEF2A	0.415546878429
MA0103.3*TPM	ZEB1	0.413231254246
MA0620.2*TPM	MITF	0.407818709856
MA1128.1*TPM	FOSL1::JUN	0.393290786166
MA0760.1	ERF	0.391117331977
MA0104.4*TPM	MYCN	0.388666300537
MA0663.1*TPM	MLX	0.372318098839
MA0765.1	ETV5	0.365698832174
MA0685.1	SP4	0.365667114166
MA0469.2	E2F3	0.358133806139
MA0153.1	HNF1B	0.354610303288
MA0745.1*TPM	SNAI2	0.350274455226
MA0497.1*TPM	MEF2C	0.338370502754
MA0488.1	JUN	0.330005645293
MA0842.1	NRL	0.326591879957
MA0036.3	GATA2	0.322310204068
MA0831.1	TFE3	0.310981520026
MA0872.1*TPM	TFAP2A(var.3)	0.30421288539
MA0093.1	USF1	0.304116886822
MA1130.1*TPM	FOSL2::JUN	0.300383859183
MA0527.1	ZBTB33	0.299182736183
MA0525.2	TP63	0.297591179855
MA0095.2*TPM	YY1	0.292503345745
MA0105.2	NFKB1	0.292344055167
MA1121.1*TPM	TEAD2	0.29119856516
MA0656.1	JDP2(var.2)	0.281506921597
MA0839.1*TPM	CREB3L1	0.27702634647
MA0037.3*TPM	GATA3	0.276957330259
MA0716.1*TPM	PRRX1	0.269463206709
MA0831.2	TFE3	0.26108200987
MA0080.4	SPI1	0.254951670226
MA0080.2	SPI1	0.251685677346
MA0139.1	CTCF	0.249286734715
MA0675.1*TPM	NKX6-2	0.248183849252
MA1117.1	RELB	0.246799173282
MA0492.1	JUND(var.2)	0.244043311415
MA0093.2	USF1	0.240404987969
MA0060.1	NFYA	0.239917062568
MA0673.1	NKX2-8	0.238112211266
MA0655.1	JDP2	0.227328572939
MA0481.2*TPM	FOXP1	0.226610712597
MA0819.1*TPM	CLOCK	0.22086773287
MA0072.1*TPM	RORA(var.2)	0.209422659015
MA0667.1	MYF6	0.203715998399
MA0504.1	NR2C2	0.198352364324
MA0098.3	ETS1	0.198016687754
MA0660.1	MEF2B	0.19721380347
MA0105.3	NFKB1	0.183167668899
MA0752.1*TPM	ZNF410	0.176774130909
MA0131.2	HINFP	0.175707918838
MA0131.1	HINFP	0.174838528642
MA0836.1*TPM	CEBPD	0.174623714878
MA0525.1	TP63	0.169380124584
MA0145.3	TFCP2	0.16629591362
MA0060.2	NFYA	0.166206984475
MA0491.1	JUND	0.163513982056
MA0057.1	MZF1(var.2)	0.163437398602
MA0687.1*TPM	SPIC	0.159046782334
MA0774.1	MEIS2	0.154370171776
MA0073.1	RREB1	0.153249463441
MA0914.1*TPM	ISL2	0.148041846255
MA0775.1*TPM	MEIS3	0.147031846183
MA0523.1*TPM	TCF7L2	0.133012624748
MA0017.1*TPM	NR2F1	0.132295390093
MA0508.2	PRDM1	0.125689744328
MA1131.1*TPM	FOSL2::JUN(var.2)	0.125444847114
MA0684.1	RUNX3	0.124923103001
MA0031.1	FOXD1	0.117896360476
MA0592.1	ESRRA	0.116923624857
MA0654.1*TPM	ISX	0.114003664377
MA0516.1	SP2	0.108964498076
MA1124.1*TPM	ZNF24	0.105985881026
MA0119.1	NFIC::TLX1	0.104035316739
MA0018.1	CREB1	0.101987174083
MA0526.2	USF2	0.101765099208
MA1128.1	FOSL1::JUN	0.0998199964886
MA1111.1*TPM	NR2F2	0.0988517537167
MA0657.1	KLF13	0.0958761790115
MA1101.1*TPM	BACH2	0.0958425489441
MA1149.1	RARA::RXRG	0.0955336432028
MA1421.1*TPM	TCF7L1	0.0954684497885
MA0498.2*TPM	MEIS1	0.0949265894795
MA0641.1	ELF4	0.0935350881935
MA1122.1	TFDP1	0.0935242290508
MA0662.1	MIXL1	0.0932490116796
MA1142.1*TPM	FOSL1::JUND	0.0923960713541
MA0060.3	NFYA	0.0922152844238
MA1104.1*TPM	GATA6	0.0895425993194
MA0062.1	GABPA	0.087414947143
MA0101.1	REL	0.0870412899265
MA0796.1	TGIF1	0.0844429511712
MA0800.1*TPM	EOMES	0.0844091375823
MA0508.1	PRDM1	0.0801456219262
MA0105.4	NFKB1	0.0776873462379
MA1100.1	ASCL1	0.0761958213456
MA0863.1	MTF1	0.0759286896931
MA0159.1	RARA::RXRA	0.0723447579071
MA1107.1*TPM	KLF9	0.0707902067366
MA1111.1	NR2F2	0.0701076267515
MA0100.3	MYB	0.0700877570267
MA0730.1	RARA(var.2)	0.0692409297602
MA0638.1	CREB3	0.0691492095468
MA0157.1*TPM	FOXO3	0.0680143915486
MA0161.2	NFIC	0.0675516466933
MA0028.1	ELK1	0.0674972204095
MA0795.1	SMAD3	0.067195858957
MA0471.1	E2F6	0.0668119357866
MA0014.3	PAX5	0.0660577759383
MA0071.1	RORA	0.0630796114321
MA0666.1*TPM	MSX1	0.0615713774024
MA0800.1	EOMES	0.0598646365834
MA0834.1	ATF7	0.0593984179157
MA0746.1	SP3	0.0584431595886
MA0778.1	NFKB2	0.0582689786103
MA0014.2	PAX5	0.056057556683
MA0074.1	RXRA::VDR	0.0556707595905
MA0090.2*TPM	TEAD1	0.0554380326489
MA0475.1	FLI1	0.054075912419
MA0597.1	THAP1	0.0513267096499
MA0785.1	POU2F1	0.0508235536328
MA0865.1	E2F8	0.0505264704579
MA0107.1	RELA	0.0503865183509
MA0088.2	ZNF143	0.0497255765549
MA0895.1	HMBOX1	0.048365066011
MA0058.1	MAX	0.0464626909583
MA0028.2	ELK1	0.0459574182817
MA0138.2	REST	0.0459024620222
MA0792.1*TPM	POU5F1B	0.045147273143
MA0797.1	TGIF2	0.0437994099431
MA0501.1*TPM	MAF::NFE2	0.0396671015928
MA0032.1*TPM	FOXC1	0.0381723879283
MA0777.1	MYBL2	0.0380382169638
MA0502.1	NFYB	0.0372755350486
MA0867.1	SOX4	0.0366164127691
MA0835.1	BATF3	0.0363253874488
MA0768.1	LEF1	0.0360639921921
MA0490.1	JUNB	0.0357126086197
MA0018.3	CREB1	0.0356579273977
MA0625.1	NFATC3	0.0354284257223
MA0838.1	CEBPG	0.0348162555532
MA0157.1	FOXO3	0.0338380057463
MA0510.2	RFX5	0.0331361499669
MA0052.1	MEF2A	0.032536022641
MA0150.1	NFE2L2	0.0323255582605
MA0138.1	REST	0.031723343804
MA1106.1	HIF1A	0.0314636676413
MA0018.2	CREB1	0.0307606035033
MA0470.1	E2F4	0.0295605805855
MA1140.1	JUNB(var.2)	0.0293269256367
MA0692.1	TFEB	0.0293002069488
MA0522.2	TCF3	0.0287479083789
MA0749.1	ZBED1	0.0281275323156
MA0510.1	RFX5	0.027497071331
MA0059.1	MAX::MYC	0.0248911577361
MA0473.1	ELF1	0.0247660720668
MA0081.1	SPIB	0.0246508982755
MA0473.2	ELF1	0.0245897325148
MA0259.1	ARNT::HIF1A	0.0244424204668
MA0528.1	ZNF263	0.0241839458024
MA0819.1	CLOCK	0.0238260769007
MA1420.1	IRF5	0.023762091087
MA1116.1	RBPJ	0.0235969279339
MA1142.1	FOSL1::JUND	0.0234507795316
MA0106.2	TP53	0.0234209220897
MA0115.1	NR1H2::RXRA	0.0227193993268
MA0513.1	SMAD2::SMAD3::SMAD4	0.0217755029294
MA0103.3	ZEB1	0.0217490133813
MA0050.2	IRF1	0.021259005278
MA0051.1	IRF2	0.0204265285045
MA0147.3	MYC	0.0201975864713
MA0807.1*TPM	TBX5	0.0199126111089
MA0652.1	IRF8	0.0193617786285
MA0662.1*TPM	MIXL1	0.0186498023356
MA0462.1	BATF::JUN	0.0186186762707
MA0464.2	BHLHE40	0.0181205150451
MA0688.1*TPM	TBX2	0.0178987584629
MA0106.1	TP53	0.0176835120475
MA0507.1	POU2F2	0.0175912794392
MA0596.1	SREBF2	0.0175710764931
MA0665.1	MSC	0.0173022682522
MA0052.2	MEF2A	0.0172928372213
MA0794.1*TPM	PROX1	0.0170622276605
MA0050.1	IRF1	0.016684945458
MA1418.1	IRF3	0.0165312231055
MA0106.3	TP53	0.0156309668915
MA0058.2	MAX	0.015409455765
MA0072.1	RORA(var.2)	0.015164566185
MA0799.1*TPM	RFX4	0.0151174485649
MA0113.3	NR3C1	0.0138886414205
MA1120.1*TPM	SOX13	0.0136462957353
MA0036.3*TPM	GATA2	0.0128924081628
MA0007.2*TPM	AR	0.0122778035803
MA0833.1	ATF4	0.0118900302364
MA0844.1	XBP1	0.0111908972609
MA0095.2	YY1	0.01054826346
MA0701.1*TPM	LHX9	0.0103639694888
MA0630.1*TPM	SHOX	0.0103639694888
MA0113.1	NR3C1	0.0101841798636
MA0663.1	MLX	0.0099284826357
MA0058.3	MAX	0.00923392715657
MA0144.2	STAT3	0.00920676084225
MA0828.1	SREBF2(var.2)	0.00892046942241
MA1419.1	IRF4	0.00828044495009
MA0479.1*TPM	FOXH1	0.008176295567
MA0137.2	STAT1	0.00798041701325
MA0137.1	STAT1	0.00748784313106
MA0149.1	EWSR1-FLI1	0.00676013110421
MA0517.1	STAT1::STAT2	0.00623731928733
MA1124.1	ZNF24	0.00479140510965
MA0752.1	ZNF410	0.004218953005
MA0137.3	STAT1	0.00334235408364
MA0497.1	MEF2C	0.00230215337294
MA0031.1*TPM	FOXD1	0.00117896360476
MA0693.2*TPM	VDR	0.000704866485981
MA0693.2	VDR	0.000326327076826
MA0820.1*TPM	FIGLA	0.0
MA0042.1*TPM	FOXI1	0.0
MA0821.1*TPM	HES5	0.0
MA0817.1*TPM	BHLHE23	0.0
MA0042.2*TPM	FOXI1	0.0
MA0714.1*TPM	PITX3	0.0
MA0715.1*TPM	PROP1	0.0
MA0717.1*TPM	RAX2	0.0
MA0148.1*TPM	FOXA1	0.0
MA0815.1*TPM	TFAP2C(var.3)	0.0
MA0718.1*TPM	RAX	0.0
MA0719.1*TPM	RHOXF1	0.0
MA0721.1*TPM	UNCX	0.0
MA0722.1*TPM	VAX1	0.0
MA0713.1*TPM	PHOX2A	0.0
MA0148.2*TPM	FOXA1	0.0
MA0710.1*TPM	NOTO	0.0
MA0703.1*TPM	LMX1B	0.0
MA0696.1*TPM	ZIC1	0.0
MA0025.1*TPM	NFIL3	0.0
MA0161.1	NFIC	0.0
MA0027.2*TPM	EN1	0.0
MA1123.1*TPM	TWIST1	0.0
MA0148.3*TPM	FOXA1	0.0
MA0030.1*TPM	FOXF2	0.0
MA0702.1*TPM	LMX1A	0.0
MA0846.1*TPM	FOXC2	0.0
MA0845.1*TPM	FOXB1	0.0
MA0442.1	SOX10	0.0
MA0141.3*TPM	ESRRB	0.0
MA0706.1*TPM	MEOX2	0.0
MA0033.1*TPM	FOXL1	0.0
MA0033.2*TPM	FOXL1	0.0
MA0841.1*TPM	NFE2	0.0
MA0837.1*TPM	CEBPE	0.0
MA0708.1*TPM	MSX2	0.0
MA0036.1*TPM	GATA2	0.0
MA0037.1	GATA3	0.0
MA0037.1*TPM	GATA3	0.0
MA0036.1	GATA2	0.0
MA0814.1*TPM	TFAP2C(var.2)	0.0
MA0598.2*TPM	EHF	0.0
MA0813.1*TPM	TFAP2B(var.3)	0.0
MA0784.1*TPM	POU1F1	0.0
MA0065.1*TPM	PPARG::RXRA	0.0
MA0066.1*TPM	PPARG	0.0
MA0068.2*TPM	PAX4	0.0
MA0789.1*TPM	POU3F4	0.0
MA0788.1*TPM	POU3F3	0.0
MA0740.1*TPM	KLF14	0.0
MA0743.1*TPM	SCRT1	0.0
MA0744.1*TPM	SCRT2	0.0
MA0747.1*TPM	SP8	0.0
MA1150.1*TPM	RORB	0.0
MA0783.1*TPM	PKNOX2	0.0
MA0095.1*TPM	YY1	0.0
MA1151.1*TPM	RORC	0.0
MA0084.1*TPM	SRY	0.0
MA0751.1*TPM	ZIC4	0.0
MA0780.1*TPM	PAX3	0.0
MA0779.1*TPM	PAX1	0.0
MA0772.1*TPM	IRF7	0.0
MA1155.1*TPM	ZSCAN4	0.0
MA0767.1*TPM	GCM2	0.0
MA0757.1*TPM	ONECUT3	0.0
MA0080.1*TPM	SPI1	0.0
MA0091.1*TPM	TAL1::TCF3	0.0
MA0793.1*TPM	POU6F2	0.0
MA0723.1*TPM	VAX2	0.0
MA0130.1*TPM	ZNF354C	0.0
MA0610.1*TPM	DMRT3	0.0
MA0812.1*TPM	TFAP2B(var.2)	0.0
MA0811.1*TPM	TFAP2B	0.0
MA0046.2*TPM	HNF1A	0.0
MA0140.2*TPM	GATA1::TAL1	0.0
MA0136.2*TPM	ELF5	0.0
MA0132.2*TPM	PDX1	0.0
MA0806.1*TPM	TBX4	0.0
MA0725.1*TPM	VSX1	0.0
MA0726.1*TPM	VSX2	0.0
MA0122.2*TPM	NKX3-2	0.0
MA0098.1*TPM	ETS1	0.0
MA0805.1*TPM	TBX1	0.0
MA1146.1*TPM	NR1A4::RXRA	0.0
MA0802.1*TPM	TBR1	0.0
MA0731.1*TPM	BCL6B	0.0
MA0733.1*TPM	EGR4	0.0
MA0056.1*TPM	MZF1	0.0
MA0114.2*TPM	HNF4A	0.0
MA0102.3*TPM	CEBPA	0.0
MA0735.1*TPM	GLIS1	0.0
MA0736.1*TPM	GLIS2	0.0
MA0849.1*TPM	FOXO6	0.0
MA0153.1*TPM	HNF1B	0.0
MA0474.2*TPM	ERG	0.0
MA0524.2*TPM	TFAP2C	0.0
MA0098.1	ETS1	0.0
MA0153.2*TPM	HNF1B	0.0
MA0884.1*TPM	DUXA	0.0
MA0130.1	ZNF354C	0.0
MA0644.1*TPM	ESX1	0.0
MA0468.1*TPM	DUX4	0.0
MA1115.1*TPM	POU5F1	0.0
MA0909.1*TPM	HOXD13	0.0
MA0511.2*TPM	RUNX2	0.0
MA0056.1	MZF1	0.0
MA0095.1	YY1	0.0
MA0465.1*TPM	CDX2	0.0
MA0667.1*TPM	MYF6	0.0
MA0642.1*TPM	EN2	0.0
MA0882.1*TPM	DLX6	0.0
MA0899.1*TPM	HOXA10	0.0
MA0887.1*TPM	EVX1	0.0
MA1113.1*TPM	PBX2	0.0
MA0486.1*TPM	HSF1	0.0
MA0658.1*TPM	LHX6	0.0
MA0891.1*TPM	GSC2	0.0
MA0890.1*TPM	GBX2	0.0
MA0889.1*TPM	GBX1	0.0
MA0888.1*TPM	EVX2	0.0
MA0648.1*TPM	GSC	0.0
MA0892.1*TPM	GSX1	0.0
MA0650.1*TPM	HOXA13	0.0
MA0524.1*TPM	TFAP2C	0.0
MA0511.1*TPM	RUNX2	0.0
MA1109.1*TPM	NEUROD1	0.0
MA0893.1*TPM	GSX2	0.0
MA1110.1*TPM	NR1H4	0.0
MA0651.1*TPM	HOXC11	0.0
MA0486.2*TPM	HSF1	0.0
MA0653.1*TPM	IRF9	0.0
MA0668.1*TPM	NEUROD2	0.0
MA0878.1*TPM	CDX1	0.0
MA0876.1*TPM	BSX	0.0
MA0156.1*TPM	FEV	0.0
MA0906.1*TPM	HOXC12	0.0
MA0080.1	SPI1	0.0
MA0158.1*TPM	HOXA5	0.0
MA0868.1*TPM	SOX8	0.0
MA0866.1*TPM	SOX21	0.0
MA0636.1*TPM	BHLHE41	0.0
MA0156.2*TPM	FEV	0.0
MA0635.1*TPM	BARHL2	0.0
MA0670.1*TPM	NFIA	0.0
MA0634.1*TPM	ALX3	0.0
MA0908.1*TPM	HOXD11	0.0
MA0618.1*TPM	LBX1	0.0
MA0695.1*TPM	ZBTB7C	0.0
MA0907.1*TPM	HOXC13	0.0
MA0598.1*TPM	EHF	0.0
MA0855.1*TPM	RXRB	0.0
MA0689.1*TPM	TBX20	0.0
MA0161.1*TPM	NFIC	0.0
MA1119.1*TPM	SIX2	0.0
MA0673.1*TPM	NKX2-8	0.0
MA0672.1*TPM	NKX2-3	0.0
MA0442.2*TPM	SOX10	0.0
MA0900.1*TPM	HOXA2	0.0
MA0442.1*TPM	SOX10	0.0
MA1118.1*TPM	SIX1	0.0
MA0875.1*TPM	BARX1	0.0
MA0901.1*TPM	HOXB13	0.0
MA0674.1*TPM	NKX6-1	0.0
MA0686.1*TPM	SPDEF	0.0
MA0678.1*TPM	OLIG2	0.0
MA0905.1*TPM	HOXC10	0.0
MA0873.1*TPM	HOXD12	0.0
MA0679.1*TPM	ONECUT1	0.0
MA0680.1*TPM	PAX7	0.0
MA0683.1*TPM	POU4F2	0.0
MA0646.1*TPM	GCM1	0.0
MA0861.1	TP73	-0.000650337173068
MA0734.1*TPM	GLI2	-0.000951587432995
MA0154.2	EBF1	-0.00463795726483
MA0475.2	FLI1	-0.00889338724178
MA0155.1*TPM	INSM1	-0.0101109741559
MA0773.1	MEF2D	-0.0121421108756
MA0758.1	E2F7	-0.013031847935
MA1125.1	ZNF384	-0.0132900710517
MA0886.1*TPM	EMX2	-0.014243060798
MA0861.1*TPM	TP73	-0.0151203392737
MA0801.1	MGA	-0.0191550230654
MA0526.1	USF2	-0.0196046901007
MA0103.2	ZEB1	-0.0207619731376
MA0649.1*TPM	HEY2	-0.0209475759372
MA0766.1*TPM	GATA5	-0.0262770621662
MA0850.1*TPM	FOXP3	-0.0279985546201
MA0613.1*TPM	FOXG1	-0.0294740487584
MA0661.1*TPM	MEOX1	-0.032595883833
MA0782.1	PKNOX1	-0.0355644961245
MA0786.1*TPM	POU3F1	-0.0364453476219
MA0154.2*TPM	EBF1	-0.0376138334176
MA0864.1	E2F2	-0.0382140920405
MA0787.1*TPM	POU3F2	-0.0415603473298
MA0664.1*TPM	MLXIPL	-0.0438679879192
MA1105.1*TPM	GRHL2	-0.0486282750417
MA0818.1*TPM	BHLHE22	-0.0512617127535
MA1114.1	PBX3	-0.0531951927211
MA0052.3	MEF2A	-0.0541643854679
MA0697.1*TPM	ZIC3	-0.0646600376051
MA0754.1	CUX1	-0.0692108044146
MA0830.1	TCF4	-0.0738839588732
MA0032.2*TPM	FOXC1	-0.0908502105202
MA0734.1	GLI2	-0.0951587432975
MA1112.1	NR4A1	-0.0991905922286
const	const	-0.101125999013
MA0090.1*TPM	TEAD1	-0.104133910127
MA0729.1	RARA	-0.10751780561
MA0770.1	HSF2	-0.114577460943
MA1112.1*TPM	NR4A1	-0.119028710675
MA1148.1	PPARA::RXRA	-0.119171632868
MA0798.1	RFX3	-0.120530488931
MA0756.1*TPM	ONECUT2	-0.127344683465
MA0712.1*TPM	OTX2	-0.129323571387
MA0790.1*TPM	POU4F1	-0.143503551544
MA0856.1*TPM	RXRG	-0.147100549414
MA0822.1*TPM	HES7	-0.151170320032
MA0809.1*TPM	TEAD4	-0.160834741571
MA0661.1	MEOX1	-0.162979419164
MA0036.2*TPM	GATA2	-0.163975658547
MA0847.1*TPM	FOXD2	-0.167991327721
MA0818.1	BHLHE22	-0.170872375847
MA0659.1	MAFG	-0.17576937759
MA1152.1*TPM	SOX15	-0.187354358301
MA0649.1	HEY2	-0.190432508521
MA0700.1	LHX2	-0.194121364108
MA0009.2*TPM	T	-0.196917991269
MA0724.1*TPM	VENTX	-0.199933546621
MA0526.1*TPM	USF2	-0.21055437168
MA0698.1*TPM	ZBTB18	-0.212502380551
MA1139.1*TPM	FOSL2::JUNB(var.2)	-0.214105179891
MA0039.3*TPM	KLF4	-0.220320510892
MA1148.1*TPM	PPARA::RXRA	-0.228809535108
MA0827.1*TPM	OLIG3	-0.240672593218
MA0758.1*TPM	E2F7	-0.256336448882
MA0791.1*TPM	POU4F3	-0.266304197802
MA0824.1*TPM	ID4	-0.271360408494
MA0903.1*TPM	HOXB3	-0.274933552458
MA0595.1	SREBF1	-0.292310088858
MA0843.1	TEF	-0.306966695005
MA1125.1*TPM	ZNF384	-0.315107584635
MA0475.2*TPM	FLI1	-0.315448445466
MA0748.1*TPM	YY2	-0.320332533428
MA0801.1*TPM	MGA	-0.330615698109
MA0718.1	RAX	-0.3525359394
MA0659.1*TPM	MAFG	-0.379661855595
MA0753.1	ZNF740	-0.391266393399
MA0103.2*TPM	ZEB1	-0.394477489614
MA1114.1*TPM	PBX3	-0.398431993481
MA0700.1*TPM	LHX2	-0.401831223704
MA1155.1	ZSCAN4	-0.417241213629
MA0079.1	SP1	-0.424495392024
MA0773.1*TPM	MEF2D	-0.425702407298
MA1119.1	SIX2	-0.439638917549
MA0815.1	TFAP2C(var.3)	-0.456176594785
MA1152.1	SOX15	-0.456961849507
MA0639.1	DBP	-0.478595357722
MA0761.1*TPM	ETV1	-0.483599828792
MA0748.1	YY2	-0.485352323379
MA0048.2*TPM	NHLH1	-0.49309063823
MA0864.1*TPM	E2F2	-0.528500892921
MA0763.1	ETV3	-0.565678958529
MA0843.1*TPM	TEF	-0.57402771966
MA0083.3	SRF	-0.585967823328
MA0782.1*TPM	PKNOX1	-0.588592410859
MA0741.1	KLF16	-0.617768543338
MA0894.1	HESX1	-0.644399380298
MA0878.1	CDX1	-0.652550105116
MA1129.1	FOSL1::JUN(var.2)	-0.667414654124
MA0258.1*TPM	ESR2	-0.695971613148
MA0848.1*TPM	FOXO4	-0.709296717043
MA0698.1	ZBTB18	-0.732766829489
MA0163.1	PLAG1	-0.759807734577
MA0489.1	JUN(var.2)	-0.778108906707
MA0017.2*TPM	NR2F1	-0.785629939436
MA0481.1*TPM	FOXP1	-0.803720057558
MA0798.1*TPM	RFX3	-0.803938361169
MA0003.2*TPM	TFAP2A	-0.81737266581
MA0892.1	GSX1	-0.841636443114
MA0737.1*TPM	GLIS3	-0.872640079395
MA0664.1	MLXIPL	-0.877359758384
MA0640.1*TPM	ELF3	-0.887567363095
MA0112.1*TPM	ESR1	-0.898916581254
MA0786.1	POU3F1	-0.911133690552
MA1136.1*TPM	FOSB::JUNB(var.2)	-0.933005736743
MA0042.2	FOXI1	-0.933285154003
MA0847.1	FOXD2	-0.933285154003
MA0848.1	FOXO4	-0.933285154003
MA0849.1	FOXO6	-0.933285154003
MA0850.1	FOXP3	-0.933285154003
MA0033.2	FOXL1	-0.933285154003
MA0112.3*TPM	ESR1	-0.956910295614
MA0613.1	FOXG1	-0.98246829195
MA0155.1	INSM1	-1.01109741559
MA0495.2*TPM	MAFF	-1.03345191282
MA0083.3*TPM	SRF	-1.07818079491
MA1127.1*TPM	FOSB::JUN	-1.16445388273
MA0755.1*TPM	CUX2	-1.16702532659
MA0690.1	TBX21	-1.24409394671
MA0646.1	GCM1	-1.24562985096
MA0741.1*TPM	KLF16	-1.24789245754
MA0079.1*TPM	SP1	-1.25650636039
MA0052.3*TPM	MEF2A	-1.30157018279
MA0729.1*TPM	RARA	-1.30849169428
MA0810.1*TPM	TFAP2A(var.2)	-1.32501574786
MA0152.1	NFATC2	-1.37466254465
MA0764.1	ETV4	-1.37503325934
MA0886.1	EMX2	-1.4243060798
MA0039.3	KLF4	-1.46880340594
MA0770.1*TPM	HSF2	-1.47575769695
MA0759.1*TPM	ELK3	-1.49190563954
MA0754.1*TPM	CUX1	-1.53232720974
MA0894.1*TPM	HESX1	-1.57877848173
MA0136.2	ELF5	-1.58601280934
MA0763.1*TPM	ETV3	-1.60652824223
MA1105.1	GRHL2	-1.62094250139
MA0690.1*TPM	TBX21	-1.64220400966
MA0830.1*TPM	TCF4	-1.68972613943
MA0753.1*TPM	ZNF740	-1.74113545062
MA0707.1*TPM	MNX1	-1.7464678211
MA0694.1	ZBTB7B	-1.79920221717
MA0163.1*TPM	PLAG1	-1.80834240829
MA0598.2	EHF	-1.81252435941
MA0803.1	TBX15	-1.81353761514
MA0856.1	RXRG	-1.83875686767
MA0723.1	VAX2	-1.84444723831
MA0803.1*TPM	TBX15	-1.86794374359
MA0070.1*TPM	PBX1	-1.89674810987
MA0903.1	HOXB3	-1.96381108899
MA0764.1*TPM	ETV4	-2.03504922382
MA0258.1	ESR2	-2.04697533279
MA0593.1	FOXP2	-2.06567706501
MA0099.3*TPM	FOS::JUN	-2.06598582689
MA1139.1	FOSL2::JUNB(var.2)	-2.14105179891
MA0759.1	ELK3	-2.16218208629
MA0887.1	EVX1	-2.18226680745
MA0761.1	ETV1	-2.19818103996
MA0489.1*TPM	JUN(var.2)	-2.24873474038
MA0595.1*TPM	SREBF1	-2.33555760997
MA0791.1	POU4F3	-2.42094725275
MA0822.1	HES7	-2.51950533386
MA0766.1	GATA5	-2.62770621662
MA1129.1*TPM	FOSL1::JUN(var.2)	-2.62961373725
MA1136.1	FOSB::JUNB(var.2)	-2.66573067641
MA0030.1	FOXF2	-2.67005756273
MA0639.1*TPM	DBP	-2.6897059104
MA0124.1*TPM	NKX3-1	-2.69821683561
MA0755.1	CUX2	-2.71401238743
MA0048.2	NHLH1	-2.73939243462
MA0640.1	ELF3	-2.86312052611
MA1147.1*TPM	NR4A2::RXRA	-2.91475356802
MA0524.1	TFAP2C	-2.95114967392
MA0744.1	SCRT2	-2.98372993379
MA0112.1	ESR1	-2.99638860418
MA0484.1	HNF4G	-3.00617744511
MA0658.1	LHX6	-3.0066121477
MA0674.1	NKX6-1	-3.06719657525
MA1123.1	TWIST1	-3.14406244965
MA0148.1	FOXA1	-3.179086527
MA0637.1	CENPB	-3.18432591983
MA0037.2*TPM	GATA3	-3.18739048035
MA0112.3	ESR1	-3.18970098537
MA0697.1	ZIC3	-3.23300188026
MA0907.1	HOXC13	-3.26564239815
MA1127.1	FOSB::JUN	-3.32701109352
MA0484.1*TPM	HNF4G	-3.33685696407
MA0714.1	PITX3	-3.3940761161
MA0090.1	TEAD1	-3.47113033757
MA0670.1	NFIA	-3.55861475985
MA0680.1	PAX7	-3.61424470147
MA0780.1	PAX3	-3.62338927071
MA0694.1*TPM	ZBTB7B	-3.63438847868
MA0066.1	PPARG	-3.65836289062
MA0124.1	NKX3-1	-3.69618744604
MA1110.1	NR1H4	-3.88502667902
MA0637.1*TPM	CENPB	-3.91672088138
MA0793.1	POU6F2	-3.91803374058
MA0009.2	T	-3.93835982537
MA0817.1	BHLHE23	-3.94294862426
MA0099.3	FOS::JUN	-3.97304966709
MA0478.1*TPM	FOSL2	-4.01604539647
MA0891.1	GSC2	-4.02439886516
MA0593.1*TPM	FOXP2	-4.02807027676
MA0036.2	GATA2	-4.09939146367
MA0495.2	MAFF	-4.1338076513
MA0618.1	LBX1	-4.14633801445
MA0787.1	POU3F2	-4.15603473297
MA1150.1	RORB	-4.2122946386
MA0496.1	MAFK	-4.28978419162
MA0496.1*TPM	MAFK	-4.33268203354
MA0889.1	GBX1	-4.3732549642
MA0771.1*TPM	HSF4	-4.45221147511
MA0824.1	ID4	-4.5226734749
MA0032.2	FOXC1	-4.54251052603
MA0899.1	HOXA10	-4.66171382191
MA0875.1	BARX1	-4.82326399851
MA0724.1	VENTX	-4.9983386655
MA0888.1	EVX2	-5.09461672173
MA0868.1	SOX8	-5.16220959498
MA0725.1	VSX1	-5.41706182475
MA0726.1	VSX2	-5.41706182475
MA0003.2	TFAP2A	-5.4491511054
MA0122.2	NKX3-2	-5.46951815021
MA0738.1*TPM	HIC2	-5.62553850124
MA0466.1*TPM	CEBPB	-6.18502020336
MA0825.1	MNT	-6.23815609403
MA0025.1	NFIL3	-6.38100768077
MA0442.2	SOX10	-6.41450264259
MA0712.1	OTX2	-6.46617856938
MA0065.1	PPARG::RXRA	-6.63768778026
MA0077.1*TPM	SOX9	-6.83632362605
MA0905.1	HOXC10	-6.85809080961
MA0841.1	NFE2	-6.97709456312
MA0707.1	MNX1	-6.98587128441
MA0084.1	SRY	-7.15916478718
MA0689.1	TBX20	-7.38898730098
MA0077.1	SOX9	-7.43078655006
MA0890.1	GBX2	-7.45866685748
MA0722.1	VAX1	-7.53401345103
MA0771.1	HSF4	-7.67622668123
MA0827.1	OLIG3	-8.02241977394
MA0809.1	TEAD4	-8.04173707856
MA0882.1	DLX6	-8.05956357649
MA0747.1	SP8	-8.08060102201
MA1147.1	NR4A2::RXRA	-8.09653768896
MA0703.1	LMX1B	-8.16543561674
MA0702.1	LMX1A	-8.16543561674
MA0152.1*TPM	NFATC2	-8.35794827142
MA0465.1	CDX2	-8.45796647937
MA0046.2	HNF1A	-8.58724983277
MA1151.1	RORC	-8.59720980673
MA0737.1	GLIS3	-8.72640079396
MA0810.1	TFAP2A(var.2)	-8.83343831906
MA0634.1	ALX3	-9.14256231955
MA0696.1	ZIC1	-9.17944257424
MA0141.3	ESRRB	-9.23434357572
MA0731.1	BCL6B	-10.0194818334
MA0140.2	GATA1::TAL1	-10.797811289
MA0713.1	PHOX2A	-11.3858783133
MA0481.1	FOXP1	-11.481715108
MA0821.1	HES5	-11.5752055453
MA0610.1	DMRT3	-11.7376636578
MA0678.1	OLIG2	-12.352381817
MA0715.1	PROP1	-12.5030944928
MA0756.1	ONECUT2	-12.7344683465
MA0784.1	POU1F1	-12.7601824229
MA0070.1	PBX1	-13.5482007848
MA0846.1	FOXC2	-13.6561820867
MA0790.1	POU4F1	-14.3503551544
MA0719.1	RHOXF1	-14.8853379658
MA0683.1	POU4F2	-15.1459226107
MA0037.2	GATA3	-15.1780499064
MA0788.1	POU3F3	-15.7581189778
MA0772.1	IRF7	-16.603015967
MA0635.1	BARHL2	-16.8629216567
MA0466.1	CEBPB	-17.180611676
MA0845.1	FOXB1	-17.5665829065
MA0866.1	SOX21	-17.8375358539
MA0650.1	HOXA13	-18.0508745952
MA0757.1	ONECUT3	-18.0568520282
MA0876.1	BSX	-18.125173076
MA0042.1	FOXI1	-18.7249738649
MA0825.1*TPM	MNT	-18.8392314039
MA0017.2	NR2F1	-19.6407484859
MA0679.1	ONECUT1	-20.3126929577
MA0738.1	HIC2	-21.6366865433
MA0901.1	HOXB13	-23.0990079141
MA0156.1	FEV	-28.1965470867
MA0033.1	FOXL1	-28.5749456156
MA0814.1	TFAP2C(var.2)	-32.9242710803
MA0478.1	FOSL2	-40.1604539647
