MA0014.3	PAX5	12.4798234142
MA0751.1	ZIC4	11.6664369603
MA1100.1	ASCL1	11.1750564585
MA0636.1	BHLHE41	9.99913144847
MA0748.1	YY2	9.19463865901
MA0735.1	GLIS1	8.82756157685
MA0472.2	EGR2	8.66324228466
MA0104.4	MYCN	8.52571774523
MA0003.1	TFAP2A	8.01976179621
MA0685.1	SP4	7.80942540977
MA0599.1	KLF5	7.52631165205
MA0648.1	GSC	7.48381134085
MA0112.2	ESR1	7.33167432663
MA0511.2	RUNX2	6.96508530396
MA0740.1	KLF14	6.83063006346
MA0524.1	TFAP2C	6.74678455569
MA0076.1*TPM	ELK4	6.53960838849
MA1101.1	BACH2	6.07954486314
MA0651.1	HOXC11	6.01636824167
MA0525.1	TP63	5.82322299365
MA0474.2	ERG	5.47864248073
MA0112.1	ESR1	5.39892802059
MA0598.1	EHF	5.36764678795
MA0734.1	GLI2	5.27260980957
MA0668.1	NEUROD2	5.25688702078
MA0781.1	PAX9	4.99265700037
MA1114.1	PBX3	4.98762166723
MA0511.2*TPM	RUNX2	4.7362580067
MA0037.3	GATA3	4.60406359977
MA0890.1	GBX2	4.4771642106
MA0799.1	RFX4	4.4249282278
MA0685.1*TPM	SP4	4.37327822947
MA0506.1*TPM	NRF1	4.35903600851
MA0258.2	ESR2	4.19605810696
MA0163.1	PLAG1	4.04278579387
MA0818.1	BHLHE22	4.03902023142
MA0695.1	ZBTB7C	3.96810531758
MA0900.1	HOXA2	3.91840825085
MA0748.1*TPM	YY2	3.86174823679
MA0813.1	TFAP2B(var.3)	3.85045849181
MA0661.1	MEOX1	3.68557544353
MA1133.1*TPM	JUN::JUNB(var.2)	3.65961730898
MA1101.1*TPM	BACH2	3.64772691788
MA0024.2*TPM	E2F1	3.63784835748
MA0475.1	FLI1	3.62996526555
MA0644.1	ESX1	3.62894375267
MA0779.1	PAX1	3.62479363661
MA0810.1	TFAP2A(var.2)	3.59236688913
MA0103.3*TPM	ZEB1	3.52716691142
MA0065.1	PPARG::RXRA	3.46327003964
MA0014.2	PAX5	3.42312641417
MA0099.3*TPM	FOS::JUN	3.382735384
MA0139.1*TPM	CTCF	3.37676426459
MA1109.1	NEUROD1	3.36640534154
MA0767.1	GCM2	3.34764824043
MA1134.1*TPM	FOS::JUNB	3.29614618287
MA0114.2	HNF4A	3.27847693434
MA0872.1	TFAP2A(var.3)	3.25693338647
MA0736.1	GLIS2	3.0972560088
MA1144.1	FOSL2::JUND	3.08423760706
MA0068.2	PAX4	3.07008787844
MA1141.1*TPM	FOS::JUND	2.96219550393
MA0750.2*TPM	ZBTB7A	2.95999506219
MA0138.1*TPM	REST	2.95828082131
MA0101.1	REL	2.87107771776
MA0732.1	EGR3	2.84854861184
MA0671.1*TPM	NFIX	2.81371497765
MA0024.1*TPM	E2F1	2.80829401894
MA0018.1*TPM	CREB1	2.80113083701
MA1135.1	FOSB::JUNB	2.79724615124
MA0765.1*TPM	ETV5	2.7343620607
MA0154.2	EBF1	2.73344008333
MA0103.3	ZEB1	2.71320531648
MA0781.1*TPM	PAX9	2.6960347802
MA0003.3	TFAP2A	2.67297277253
MA0032.1	FOXC1	2.63213442901
MA0525.1*TPM	TP63	2.56221811721
MA0098.3*TPM	ETS1	2.55921454814
MA0155.1	INSM1	2.55497099663
MA0048.1*TPM	NHLH1	2.55395448773
MA0076.1	ELK4	2.49603373607
MA0822.1	HES7	2.45543278629
MA1114.1*TPM	PBX3	2.44393461694
MA1130.1	FOSL2::JUN	2.38836723126
MA0662.1	MIXL1	2.33267672683
MA0105.2*TPM	NFKB1	2.33183849137
MA0003.1*TPM	TFAP2A	2.3257309209
MA1144.1*TPM	FOSL2::JUND	2.31317820529
MA1102.1*TPM	CTCFL	2.29724766691
MA0909.1	HOXD13	2.28162835586
MA0527.1*TPM	ZBTB33	2.25323120576
MA0138.2*TPM	REST	2.2338270079
MA0807.1	TBX5	2.22219280271
MA0798.1*TPM	RFX3	2.20484242996
MA0599.1*TPM	KLF5	2.18263037909
MA1419.1	IRF4	2.17683484058
MA0823.1*TPM	HEY1	2.15871923144
MA0048.1	NHLH1	2.14618024179
MA0642.1	EN2	2.14550563545
MA0516.1*TPM	SP2	2.1302207923
MA0690.1	TBX21	2.0914888619
MA0024.3*TPM	E2F1	2.03909214043
MA0119.1*TPM	NFIC::TLX1	2.00316781903
MA0645.1*TPM	ETV6	2.00254516931
MA0475.2	FLI1	1.98860433013
MA0031.1	FOXD1	1.9444569461
MA0826.1	OLIG1	1.94324850943
MA0131.1*TPM	HINFP	1.92729159234
MA0039.3	KLF4	1.90381493734
MA0163.1*TPM	PLAG1	1.90010932312
MA0657.1*TPM	KLF13	1.89064730302
MA0028.1*TPM	ELK1	1.88916474635
MA0496.2*TPM	MAFK	1.88202616287
MA0162.3*TPM	EGR1	1.86618835717
MA0672.1	NKX2-3	1.86066897658
MA1107.1*TPM	KLF9	1.85886167697
MA1122.1*TPM	TFDP1	1.83141305464
MA1130.1*TPM	FOSL2::JUN	1.79127542344
MA0692.1*TPM	TFEB	1.78207680424
MA0524.2	TFAP2C	1.76934373952
MA0798.1	RFX3	1.76387394397
MA0855.1	RXRB	1.75074886093
MA0686.1	SPDEF	1.7485257224
MA0784.1	POU1F1	1.72350077171
MA0101.1*TPM	REL	1.72264663066
MA0842.1*TPM	NRL	1.70951148392
MA0504.1*TPM	NR2C2	1.68880643621
MA0749.1*TPM	ZBED1	1.65371875157
MA0137.2*TPM	STAT1	1.64572772328
MA0863.1*TPM	MTF1	1.63470778674
MA0470.1*TPM	E2F4	1.62427576427
MA0698.1	ZBTB18	1.60911249456
MA0147.3*TPM	MYC	1.6062778034
MA1145.1	FOSL2::JUND(var.2)	1.60170189158
MA1106.1*TPM	HIF1A	1.60007522324
MA0802.1	TBR1	1.58885332527
MA0750.1*TPM	ZBTB7A	1.57785593346
MA0792.1	POU5F1B	1.57332859414
MA0701.1	LHX9	1.56184758568
MA0630.1	SHOX	1.56184758568
MA0716.1	PRRX1	1.56184758568
MA0717.1	RAX2	1.56184758568
MA0721.1	UNCX	1.56184758568
MA0654.1	ISX	1.56184758568
MA0789.1	POU3F4	1.55138396987
MA0149.1*TPM	EWSR1-FLI1	1.53924038864
MA0510.1*TPM	RFX5	1.53447950873
MA0597.1*TPM	THAP1	1.53136841331
MA0783.1	PKNOX2	1.52302825934
MA0060.1*TPM	NFYA	1.50351819263
MA0058.1*TPM	MAX	1.49079972891
MA0774.1*TPM	MEIS2	1.44966463035
MA0148.3	FOXA1	1.4358267404
MA0848.1*TPM	FOXO4	1.43534890293
MA0162.2*TPM	EGR1	1.43156005464
MA0156.2*TPM	FEV	1.41016150501
MA0600.1*TPM	RFX2	1.39856487909
MA0511.1	RUNX2	1.3799417432
MA0824.1	ID4	1.37847332501
MA0691.1*TPM	TFAP4	1.36264738689
MA0842.1	NRL	1.35675514597
MA1108.1*TPM	MXI1	1.35662592252
MA0140.2*TPM	GATA1::TAL1	1.3529781702
MA0477.1*TPM	FOSL1	1.3348717385
MA0131.2*TPM	HINFP	1.33398326866
MA0079.2*TPM	SP1	1.30862183173
MA0834.1*TPM	ATF7	1.30248921785
MA0710.1	NOTO	1.29674945412
MA0711.1*TPM	OTX1	1.29635953144
MA0079.1*TPM	SP1	1.29075269045
MA0815.1	TFAP2C(var.3)	1.27142853361
MA0830.1*TPM	TCF4	1.22157711984
MA0066.1	PPARG	1.21575192961
MA0841.1*TPM	NFE2	1.2116600191
MA1149.1*TPM	RARA::RXRG	1.20936879172
MA1145.1*TPM	FOSL2::JUND(var.2)	1.20127641869
MA0592.1*TPM	ESRRA	1.19834667784
MA0656.1*TPM	JDP2(var.2)	1.19594902724
MA0098.3	ETS1	1.19033234797
MA0491.1*TPM	JUND	1.18929532683
MA0062.1*TPM	GABPA	1.16786046135
MA0501.1	MAF::NFE2	1.15833261395
MA0161.2*TPM	NFIC	1.14951864697
MA0884.1	DUXA	1.14591601065
MA0914.1*TPM	ISL2	1.12217460767
MA1140.1*TPM	JUNB(var.2)	1.11906676253
MA0833.1*TPM	ATF4	1.11469346951
MA0513.1*TPM	SMAD2::SMAD3::SMAD4	1.1124369229
MA0646.1	GCM1	1.09102086071
MA0100.3*TPM	MYB	1.08765925277
MA0797.1*TPM	TGIF2	1.07429652941
MA0638.1*TPM	CREB3	1.06585329738
MA0794.1	PROX1	1.05626670564
MA0060.2*TPM	NFYA	1.05259341718
MA0810.1*TPM	TFAP2A(var.2)	1.04178639785
MA0469.2*TPM	E2F3	1.03804085127
MA0744.1	SCRT2	1.02310392207
MA0598.2	EHF	1.02069072129
MA0844.1*TPM	XBP1	1.01918829838
MA0150.1*TPM	NFE2L2	1.01373943944
MA0017.1	NR2F1	1.00251540941
MA0259.1*TPM	ARNT::HIF1A	0.99785607525
MA0490.1*TPM	JUNB	0.9964683547
MA0522.2*TPM	TCF3	0.97343712663
MA1146.1	NR1A4::RXRA	0.970805724958
MA0258.2*TPM	ESR2	0.965093364599
MA1116.1*TPM	RBPJ	0.963442799113
MA0903.1*TPM	HOXB3	0.960233613127
MA0776.1	MYBL1	0.952955311498
MA0872.1*TPM	TFAP2A(var.3)	0.944510682076
MA0036.3*TPM	GATA2	0.941288108556
MA0511.1*TPM	RUNX2	0.938360385376
MA0741.1*TPM	KLF16	0.935281046404
MA0471.1*TPM	E2F6	0.934432824176
MA0863.1	MTF1	0.928811242469
MA0526.2*TPM	USF2	0.913702345173
MA0148.3*TPM	FOXA1	0.904570846449
MA1121.1*TPM	TEAD2	0.897871200443
MA0699.1*TPM	LBX2	0.895580334203
MA0812.1	TFAP2B(var.2)	0.894846167668
MA1100.1*TPM	ASCL1	0.894004516682
MA0671.1	NFIX	0.893242850047
MA0852.2*TPM	FOXK1	0.88423973672
MA0837.1	CEBPE	0.884055820805
MA0138.1	REST	0.880440720628
MA0484.1	HNF4G	0.870228443194
MA0028.2*TPM	ELK1	0.863652393606
MA0641.1*TPM	ELF4	0.861594559379
MA0730.1*TPM	RARA(var.2)	0.860698187107
MA0777.1*TPM	MYBL2	0.853455866465
MA0692.1	TFEB	0.852668327386
MA0093.2*TPM	USF1	0.845558793496
MA0466.2*TPM	CEBPB	0.83956823393
MA1119.1	SIX2	0.836964906681
MA0473.1*TPM	ELF1	0.833504749098
MA0528.1*TPM	ZNF263	0.831364295207
MA0043.2	HLF	0.808253864169
MA0598.1*TPM	EHF	0.805147018193
MA1132.1*TPM	JUN::JUNB	0.791621195374
MA0003.3*TPM	TFAP2A	0.775162104033
MA0018.2*TPM	CREB1	0.770406459809
MA0073.1*TPM	RREB1	0.767994362056
MA1133.1	JUN::JUNB(var.2)	0.765610315686
MA0510.2*TPM	RFX5	0.742106290107
MA0795.1*TPM	SMAD3	0.740654953506
MA0007.2	AR	0.722827603921
MA0892.1	GSX1	0.721304605466
MA0091.1*TPM	TAL1::TCF3	0.712711951143
MA0659.1*TPM	MAFG	0.710819466741
MA0088.2*TPM	ZNF143	0.709948778421
MA0159.1*TPM	RARA::RXRA	0.70168755959
MA0698.1*TPM	ZBTB18	0.69191837266
MA0060.3*TPM	NFYA	0.686159655977
MA0839.1*TPM	CREB3L1	0.684070249027
MA0106.3	TP53	0.673857527459
MA0654.1*TPM	ISX	0.671594461841
MA0138.2	REST	0.664829466638
MA0027.2*TPM	EN1	0.655579823875
MA0805.1*TPM	TBX1	0.653802032049
MA0492.1*TPM	JUND(var.2)	0.650431712051
MA0746.1*TPM	SP3	0.649031861895
MA0105.1*TPM	NFKB1	0.635376797172
MA0113.3*TPM	NR3C1	0.630977838811
MA0711.1	OTX1	0.629300743416
MA0694.1*TPM	ZBTB7B	0.628775326971
MA0093.1*TPM	USF1	0.624729864632
MA0838.1*TPM	CEBPG	0.623901734737
MA0079.3*TPM	SP1	0.621136752265
MA0727.1	NR3C2	0.620056343727
MA1135.1*TPM	FOSB::JUNB	0.615394153274
MA0107.1*TPM	RELA	0.606885137366
MA0080.2*TPM	SPI1	0.604929004977
MA1107.1	KLF9	0.599632799024
MA0822.1*TPM	HES7	0.589303868711
MA0620.2*TPM	MITF	0.587878278697
MA0112.2*TPM	ESR1	0.58653394613
MA0890.1*TPM	GBX2	0.582031347378
MA0771.1*TPM	HSF4	0.571850376116
MA0526.1*TPM	USF2	0.569882398486
MA0496.2	MAFK	0.565173021884
MA0036.2*TPM	GATA2	0.563424910054
MA0115.1*TPM	NR1H2::RXRA	0.56098572615
MA0099.3	FOS::JUN	0.558207159076
MA0821.1	HES5	0.549436015459
MA1134.1	FOS::JUNB	0.543918512025
MA0763.1*TPM	ETV3	0.543164840822
MA0095.2*TPM	YY1	0.540256673145
MA0596.1*TPM	SREBF2	0.532541794841
MA1110.1	NR1H4	0.528219344151
MA0465.1	CDX2	0.516130243792
MA0106.2	TP53	0.508117940776
MA0697.1	ZIC3	0.503578308498
MA0760.1*TPM	ERF	0.495615711642
MA1120.1	SOX13	0.495436243411
MA0144.2*TPM	STAT3	0.489601245581
MA1141.1	FOS::JUND	0.488811139262
MA0059.1*TPM	MAX::MYC	0.48455276033
MA0753.1*TPM	ZNF740	0.480045908945
MA0074.1*TPM	RXRA::VDR	0.461051964691
MA0106.3*TPM	TP53	0.458223118673
MA0595.1*TPM	SREBF1	0.454486826256
MA0527.1	ZBTB33	0.449746747658
MA0823.1	HEY1	0.438764071431
MA0506.1	NRF1	0.435903600851
MA0766.1	GATA5	0.435617641689
MA0472.2*TPM	EGR2	0.433162114233
MA0112.1*TPM	ESR1	0.431914241647
MA0160.1*TPM	NR4A2	0.430914127987
MA0738.1*TPM	HIC2	0.429590216638
MA0148.2	FOXA1	0.427374965657
MA0037.3*TPM	GATA3	0.414365723979
MA0902.1*TPM	HOXB2	0.406765513848
MA0750.2	ZBTB7A	0.393093633757
MA1126.1*TPM	FOS::JUN(var.2)	0.389051595447
MA0464.2*TPM	BHLHE40	0.388161362908
MA0478.1	FOSL2	0.386865244718
MA1418.1*TPM	IRF3	0.38683706349
MA0157.2*TPM	FOXO3	0.3864839354
MA1131.1	FOSL2::JUN(var.2)	0.381398400103
MA1154.1*TPM	ZNF282	0.374639778958
MA0612.1	EMX1	0.359491180589
MA0699.1	LBX2	0.358232133681
MA0160.1	NR4A2	0.356127378501
MA0027.2	EN1	0.350577445922
MA0106.2*TPM	TP53	0.345520199728
MA0024.2	E2F1	0.34094173922
MA0657.1	KLF13	0.336414110858
MA0516.1	SP2	0.332846998797
MA0808.1*TPM	TEAD3	0.330713488551
MA0099.2*TPM	FOS::JUN	0.325882830418
MA0105.3*TPM	NFKB1	0.31504264337
MA0639.1*TPM	DBP	0.309597451166
MA0076.2*TPM	ELK4	0.303585868044
MA0083.3*TPM	SRF	0.30163847345
MA0504.1	NR2C2	0.301035015367
MA0658.1*TPM	LHX6	0.29766443868
MA0058.2*TPM	MAX	0.295535574793
MA0478.1*TPM	FOSL2	0.290148933538
MA0106.1	TP53	0.288144516603
MA0744.1*TPM	SCRT2	0.286469098181
MA1131.1*TPM	FOSL2::JUN(var.2)	0.286048800077
MA0663.1*TPM	MLX	0.285286958509
MA1123.1	TWIST1	0.285283934647
MA1128.1*TPM	FOSL1::JUN	0.277136765884
MA0645.1	ETV6	0.270249010703
MA0148.2*TPM	FOXA1	0.269246228364
MA0903.1	HOXB3	0.265257904179
MA0024.1	E2F1	0.263195315739
MA0914.1	ISL2	0.260970838993
MA0749.1	ZBED1	0.260428149854
MA0018.1	CREB1	0.259845161133
MA0796.1*TPM	TGIF1	0.259480484173
MA0105.2	NFKB1	0.256527886839
MA0765.1	ETV5	0.250170362369
MA0119.1	NFIC::TLX1	0.244886041446
MA0105.4*TPM	NFKB1	0.2393666243
MA0062.1	GABPA	0.237370012469
MA0018.3*TPM	CREB1	0.231760793
MA0849.1	FOXO6	0.229655824468
MA0850.1	FOXP3	0.229655824468
MA0847.1	FOXD2	0.229655824468
MA0042.2	FOXI1	0.229655824468
MA0848.1	FOXO4	0.229655824468
MA0033.2	FOXL1	0.229655824468
MA0058.3*TPM	MAX	0.228562505146
MA0750.1	ZBTB7A	0.209542620645
MA0080.4*TPM	SPI1	0.207918689643
MA0729.1*TPM	RARA	0.202549177653
MA0852.2	FOXK1	0.198705558813
MA0106.1*TPM	TP53	0.19593827129
MA0831.1*TPM	TFE3	0.195809476867
MA0764.1*TPM	ETV4	0.192271721058
MA0024.3	E2F1	0.191105167801
MA1106.1	HIF1A	0.190258647235
MA0145.3*TPM	TFCP2	0.182930536912
MA0057.1*TPM	MZF1(var.2)	0.181354051961
MA0771.1	HSF4	0.180394440415
MA0600.1	RFX2	0.178844613695
MA0131.1	HINFP	0.175208326576
MA0065.1*TPM	PPARG::RXRA	0.173163501982
MA0039.3*TPM	KLF4	0.171343344361
MA0732.1*TPM	EGR3	0.17091291671
MA1132.1	JUN::JUNB	0.165611128739
MA1108.1	MXI1	0.160168349766
MA0598.2*TPM	EHF	0.153103608193
MA0763.1	ETV3	0.151722022576
MA0656.1	JDP2(var.2)	0.150623303178
MA0139.1	CTCF	0.150479690936
MA0766.1*TPM	GATA5	0.143753821757
MA0597.1	THAP1	0.14325242407
MA0161.2	NFIC	0.140527951952
MA0524.1*TPM	TFAP2C	0.134935691114
MA0830.1	TCF4	0.132635952208
MA0795.1	SMAD3	0.127042016039
MA0060.1	NFYA	0.126558770424
MA0014.3*TPM	PAX5	0.124798234142
MA0776.1*TPM	MYBL1	0.123884190495
MA0510.1	RFX5	0.123350442824
MA0137.2	STAT1	0.12190575728
MA0131.2	HINFP	0.121271206242
MA0137.1*TPM	STAT1	0.120343046893
MA1149.1	RARA::RXRG	0.117872201923
MA0156.2	FEV	0.116062675309
MA0076.2	ELK4	0.115872468719
MA0620.2	MITF	0.114819976308
MA0043.2*TPM	HLF	0.113155540984
MA0475.1*TPM	FLI1	0.108898957966
MA0797.1	TGIF2	0.106471410248
MA0073.1	RREB1	0.094232437062
MA0074.1	RXRA::VDR	0.0939006038066
MA0691.1	TFAP4	0.0901818257373
MA1129.1*TPM	FOSL1::JUN(var.2)	0.0895902754042
MA0060.2	NFYA	0.0886021394929
MA0157.2	FOXO3	0.0872424233409
MA0612.1*TPM	EMX1	0.0862778833413
MA1121.1	TEAD2	0.0853489734261
MA0730.1	RARA(var.2)	0.0838887121936
MA0113.3	NR3C1	0.0816271460299
MA0834.1	ATF7	0.0795656211272
MA0837.1*TPM	CEBPE	0.0795650238725
MA0079.2	SP1	0.0790230574717
MA0079.1	SP1	0.0779440030465
MA0031.1*TPM	FOXD1	0.077778277844
MA0753.1	ZNF740	0.0758366364843
MA0694.1	ZBTB7B	0.0750328552473
MA0806.1	TBX4	0.0718463771483
MA0805.1	TBX1	0.0718463771483
MA0259.1	ARNT::HIF1A	0.0716336019562
MA0018.2	CREB1	0.07146627642
MA0469.2	E2F3	0.0712940145102
MA0638.1	CREB3	0.0708208171019
MA0105.1	NFKB1	0.0698984375327
MA0808.1	TEAD3	0.0686127569608
MA0159.1	RARA::RXRA	0.0683906003499
MA0767.1*TPM	GCM2	0.0669529648086
MA0847.1*TPM	FOXD2	0.0666001890959
MA0873.1	HOXD12	0.0663683889489
MA0114.2*TPM	HNF4A	0.0655695386868
MA0658.1	LHX6	0.065134450477
MA0473.1	ELF1	0.0650667251442
MA0162.3	EGR1	0.0645739915977
MA1126.1	FOS::JUN(var.2)	0.0641999332421
MA0639.1	DBP	0.0638345260136
MA0528.1	ZNF263	0.0634629232982
MA0057.1	MZF1(var.2)	0.0625358799868
MA0471.1	E2F6	0.0611539806399
MA0066.1*TPM	PPARG	0.0607875964806
MA0774.1	MEIS2	0.0603272838267
MA0475.2*TPM	FLI1	0.0596581299038
MA0510.2	RFX5	0.0596548464715
MA0028.1	ELK1	0.0595763086203
MA0060.3	NFYA	0.0577575467994
MA1140.1	JUNB(var.2)	0.0568920570681
MA0513.1	SMAD2::SMAD3::SMAD4	0.0560139437512
MA0477.1	FOSL1	0.0545959811245
MA0099.2	FOS::JUN	0.0537760446234
MA0839.1	CREB3L1	0.0537368616674
MA0741.1	KLF16	0.0536592682963
MA0686.1*TPM	SPDEF	0.052455771672
MA1123.1*TPM	TWIST1	0.0513511082363
MA0490.1	JUNB	0.0506592961211
MA0162.2	EGR1	0.0495349499875
MA1116.1	RBPJ	0.0486587272279
MA0058.1	MAX	0.0465438566629
MA0746.1	SP3	0.0454822608196
MA0642.1*TPM	EN2	0.042910112709
MA1147.1*TPM	NR4A2::RXRA	0.042818809561
MA0083.1*TPM	SRF	0.0408113052748
MA1120.1*TPM	SOX13	0.0396348994729
MA1102.1	CTCFL	0.0393027830096
MA0592.1	ESRRA	0.0379824620553
MA0659.1	MAFG	0.0375697392569
MA0079.3	SP1	0.037508257987
MA0088.2	ZNF143	0.036727820922
MA1147.1	NR4A2::RXRA	0.0353874459181
MA0524.2*TPM	TFAP2C	0.0353868747904
MA0105.3	NFKB1	0.0346581565864
MA0014.2*TPM	PAX5	0.0342312641416
MA0641.1	ELF4	0.034176698111
MA0849.1*TPM	FOXO6	0.0321518154256
MA0080.2	SPI1	0.0316882663686
MA0701.1*TPM	LHX9	0.0312369517135
MA0466.2	CEBPB	0.0301460766222
MA0596.1	SREBF2	0.0299854614213
MA0760.1	ERF	0.0298563681712
MA0850.1*TPM	FOXP3	0.0298552571809
MA1154.1	ZNF282	0.0287300443986
MA0091.1	TAL1::TCF3	0.0283046843186
MA0154.2*TPM	EBF1	0.0273344008333
MA0028.2	ELK1	0.0272359632169
MA0838.1	CEBPG	0.0269970460726
MA0105.4	NFKB1	0.0263329619692
MA0815.1*TPM	TFAP2C(var.3)	0.0254285706722
MA0093.2	USF1	0.024673440137
MA0867.1	SOX4	0.0244370564197
MA0738.1	HIC2	0.0242843536822
MA0470.1	E2F4	0.0238198528269
MA0662.1*TPM	MIXL1	0.0233267672683
MA1122.1	TFDP1	0.0229041152406
MA0646.1*TPM	GCM1	0.0218204172141
MA1419.1*TPM	IRF4	0.0217683484058
MA0018.3	CREB1	0.0214991459184
MA0107.1	RELA	0.0207979827747
MA0595.1	SREBF1	0.020181475411
MA0729.1	RARA	0.0197416352488
MA0526.2	USF2	0.0190235757895
MA0150.1	NFE2L2	0.0187347891229
MA0093.1	USF1	0.0182296429714
MA0115.1	NR1H2::RXRA	0.0179976171367
MA0083.3	SRF	0.0173455131368
MA0147.3	MYC	0.0171007963739
MA0844.1	XBP1	0.0167795241748
MA0036.3	GATA2	0.016769786363
MA0464.2	BHLHE40	0.0157981832686
MA0059.1	MAX::MYC	0.0151280911748
MA0831.1	TFE3	0.0139366175706
MA0095.2	YY1	0.012811398462
MA0526.1	USF2	0.0118651342595
MA1128.1	FOSL1::JUN	0.0113348370504
MA0080.4	SPI1	0.0108914976241
MA0100.3	MYB	0.0106061360583
MA0794.1*TPM	PROX1	0.0105626670564
MA0491.1	JUND	0.010433330352
MA0149.1	EWSR1-FLI1	0.0101466077036
MA0895.1*TPM	HMBOX1	0.0100961648193
MA0796.1	TGIF1	0.010080826891
MA0036.2	GATA2	0.0100378569402
MA0522.2	TCF3	0.00984264030971
MA0058.2	MAX	0.00922683655303
MA0137.1	STAT1	0.00891429976986
MA0145.3	TFCP2	0.00885005016504
MA0902.1	HOXB2	0.00883312733654
MA0144.2	STAT3	0.00851332369295
MA0777.1	MYBL2	0.00769156332432
MA0058.3	MAX	0.00713588839044
MA0819.1*TPM	CLOCK	0.00697343182522
MA0727.1*TPM	NR3C2	0.00620056343728
MA0663.1	MLX	0.00588099275426
MA0140.2	GATA1::TAL1	0.00579831220621
MA0841.1	NFE2	0.00574600473798
MA0492.1	JUND(var.2)	0.00570604186377
MA1418.1	IRF3	0.00550109589718
MA0764.1	ETV4	0.00499666634767
MA1129.1	FOSL1::JUN(var.2)	0.00366422394291
MA0154.3	EBF1	0.00298533836625
MA0083.1	SRF	0.00234682606526
MA0833.1	ATF4	0.00199848229469
MA0819.1	CLOCK	0.00171759404554
MA0867.1*TPM	SOX4	0.000977482256759
MA0895.1	HMBOX1	0.000394227443156
MA0154.3*TPM	EBF1	2.98533836633e-05
MA0465.1*TPM	CDX2	0.0
MA0708.1*TPM	MSX2	0.0
MA0721.1*TPM	UNCX	0.0
MA0888.1*TPM	EVX2	0.0
MA0713.1*TPM	PHOX2A	0.0
MA0715.1*TPM	PROP1	0.0
MA0716.1*TPM	PRRX1	0.0
MA0717.1*TPM	RAX2	0.0
MA0718.1*TPM	RAX	0.0
MA0095.1	YY1	0.0
MA0722.1*TPM	VAX1	0.0
MA0710.1*TPM	NOTO	0.0
MA0723.1*TPM	VAX2	0.0
MA0725.1*TPM	VSX1	0.0
MA0726.1*TPM	VSX2	0.0
MA0887.1*TPM	EVX1	0.0
MA0734.1*TPM	GLI2	0.0
MA0735.1*TPM	GLIS1	0.0
MA0736.1*TPM	GLIS2	0.0
MA0889.1*TPM	GBX1	0.0
MA0891.1*TPM	GSC2	0.0
MA0743.1*TPM	SCRT1	0.0
MA0687.1*TPM	SPIC	0.0
MA0893.1*TPM	GSX2	0.0
MA0673.1*TPM	NKX2-8	0.0
MA0674.1*TPM	NKX6-1	0.0
MA0678.1*TPM	OLIG2	0.0
MA0679.1*TPM	ONECUT1	0.0
MA0680.1*TPM	PAX7	0.0
MA0683.1*TPM	POU4F2	0.0
MA0688.1*TPM	TBX2	0.0
MA0098.1	ETS1	0.0
MA0689.1*TPM	TBX20	0.0
MA0690.1*TPM	TBX21	0.0
MA0695.1*TPM	ZBTB7C	0.0
MA0892.1*TPM	GSX1	0.0
MA0697.1*TPM	ZIC3	0.0
MA0702.1*TPM	LMX1A	0.0
MA0703.1*TPM	LMX1B	0.0
MA0740.1*TPM	KLF14	0.0
MA0745.1*TPM	SNAI2	0.0
MA0899.1*TPM	HOXA10	0.0
MA0824.1*TPM	ID4	0.0
MA0813.1*TPM	TFAP2B(var.3)	0.0
MA0817.1*TPM	BHLHE23	0.0
MA0818.1*TPM	BHLHE22	0.0
MA0876.1*TPM	BSX	0.0
MA0820.1*TPM	FIGLA	0.0
MA0821.1*TPM	HES5	0.0
MA0873.1*TPM	HOXD12	0.0
MA0826.1*TPM	OLIG1	0.0
MA0811.1*TPM	TFAP2B	0.0
MA0827.1*TPM	OLIG3	0.0
MA0056.1	MZF1	0.0
MA0845.1*TPM	FOXB1	0.0
MA0846.1*TPM	FOXC2	0.0
MA0855.1*TPM	RXRB	0.0
MA0856.1*TPM	RXRG	0.0
MA0037.1	GATA3	0.0
MA0812.1*TPM	TFAP2B(var.2)	0.0
MA0807.1*TPM	TBX5	0.0
MA0886.1*TPM	EMX2	0.0
MA0878.1*TPM	CDX1	0.0
MA0884.1*TPM	DUXA	0.0
MA0751.1*TPM	ZIC4	0.0
MA0755.1*TPM	CUX2	0.0
MA0080.1	SPI1	0.0
MA0772.1*TPM	IRF7	0.0
MA0882.1*TPM	DLX6	0.0
MA0779.1*TPM	PAX1	0.0
MA0783.1*TPM	PKNOX2	0.0
MA0806.1*TPM	TBX4	0.0
MA0784.1*TPM	POU1F1	0.0
MA0788.1*TPM	POU3F3	0.0
MA0789.1*TPM	POU3F4	0.0
MA0792.1*TPM	POU5F1B	0.0
MA0799.1*TPM	RFX4	0.0
MA0800.1*TPM	EOMES	0.0
MA0802.1*TPM	TBR1	0.0
MA0036.1	GATA2	0.0
MA0672.1*TPM	NKX2-3	0.0
MA0668.1*TPM	NEUROD2	0.0
MA0037.1*TPM	GATA3	0.0
MA0042.2*TPM	FOXI1	0.0
MA0046.2*TPM	HNF1A	0.0
MA1109.1*TPM	NEUROD1	0.0
MA0056.1*TPM	MZF1	0.0
MA0068.2*TPM	PAX4	0.0
MA1105.1*TPM	GRHL2	0.0
MA0071.1*TPM	RORA	0.0
MA0072.1*TPM	RORA(var.2)	0.0
MA0077.1*TPM	SOX9	0.0
MA0080.1*TPM	SPI1	0.0
MA0084.1*TPM	SRY	0.0
MA0442.1	SOX10	0.0
MA0095.1*TPM	YY1	0.0
MA0098.1*TPM	ETS1	0.0
MA0900.1*TPM	HOXA2	0.0
MA0042.1*TPM	FOXI1	0.0
MA1110.1*TPM	NR1H4	0.0
MA0130.1*TPM	ZNF354C	0.0
MA1113.1*TPM	PBX2	0.0
MA1155.1*TPM	ZSCAN4	0.0
MA1150.1*TPM	RORB	0.0
MA1146.1*TPM	NR1A4::RXRA	0.0
MA1119.1*TPM	SIX2	0.0
MA1115.1*TPM	POU5F1	0.0
MA0007.2*TPM	AR	0.0
MA0009.2*TPM	T	0.0
MA0017.1*TPM	NR2F1	0.0
MA0017.2*TPM	NR2F1	0.0
MA0030.1*TPM	FOXF2	0.0
MA0032.1*TPM	FOXC1	0.0
MA0032.2*TPM	FOXC1	0.0
MA0033.1*TPM	FOXL1	0.0
MA0033.2*TPM	FOXL1	0.0
MA0036.1*TPM	GATA2	0.0
MA0161.1	NFIC	0.0
MA0104.4*TPM	MYCN	0.0
MA0132.2*TPM	PDX1	0.0
MA0636.1*TPM	BHLHE41	0.0
MA0130.1	ZNF354C	0.0
MA0593.1*TPM	FOXP2	0.0
MA0610.1*TPM	DMRT3	0.0
MA0901.1*TPM	HOXB13	0.0
MA0618.1*TPM	LBX1	0.0
MA0630.1*TPM	SHOX	0.0
MA0634.1*TPM	ALX3	0.0
MA0644.1*TPM	ESX1	0.0
MA0486.2*TPM	HSF1	0.0
MA0648.1*TPM	GSC	0.0
MA0650.1*TPM	HOXA13	0.0
MA0651.1*TPM	HOXC11	0.0
MA0652.1*TPM	IRF8	0.0
MA0653.1*TPM	IRF9	0.0
MA0661.1*TPM	MEOX1	0.0
MA0667.1*TPM	MYF6	0.0
MA0501.1*TPM	MAF::NFE2	0.0
MA0908.1*TPM	HOXD11	0.0
MA0486.1*TPM	HSF1	0.0
MA0442.2*TPM	SOX10	0.0
MA0136.2*TPM	ELF5	0.0
MA0153.1*TPM	HNF1B	0.0
MA0153.2*TPM	HNF1B	0.0
MA0155.1*TPM	INSM1	0.0
MA0158.1*TPM	HOXA5	0.0
MA0161.1*TPM	NFIC	0.0
MA0442.1*TPM	SOX10	0.0
MA0868.1*TPM	SOX8	0.0
MA0468.1*TPM	DUX4	0.0
MA0909.1*TPM	HOXD13	0.0
MA0474.2*TPM	ERG	0.0
MA0484.1*TPM	HNF4G	0.0
MA1137.1	FOSL1::JUNB	-0.000258871778877
MA1111.1	NR2F2	-0.000290506912445
MA1103.1	FOXK2	-0.000901212152429
MA0700.1*TPM	LHX2	-0.00147645488965
MA0473.2	ELF1	-0.00228523713234
MA0051.1	IRF2	-0.00364447465186
MA0083.2	SRF	-0.00478270523242
MA0517.1	STAT1::STAT2	-0.00504498860705
MA0502.1	NFYB	-0.00506021446647
MA1143.1	FOSL1::JUND(var.2)	-0.00536602573214
MA0809.1	TEAD4	-0.00554955634997
MA1137.1*TPM	FOSL1::JUNB	-0.00632941499379
MA1151.1*TPM	RORC	-0.00695348657573
MA1111.1*TPM	NR2F2	-0.00722781198161
MA0768.1	LEF1	-0.00781178333529
MA0625.1	NFATC3	-0.00933129417217
MA1420.1*TPM	IRF5	-0.0111258038913
MA0770.1	HSF2	-0.0119363967632
MA0669.1*TPM	NEUROG2	-0.0140181440195
MA0785.1	POU2F1	-0.0149526653514
MA0831.2	TFE3	-0.0149882499369
MA0752.1	ZNF410	-0.0167472751331
MA1421.1*TPM	TCF7L1	-0.0176178241622
MA0002.1	RUNX1	-0.0185893086258
MA0069.1	Pax6	-0.0197060105448
MA1103.1*TPM	FOXK2	-0.0198086431103
MA0782.1	PKNOX1	-0.0200780805143
MA0113.1	NR3C1	-0.0207069325647
MA0488.1	JUN	-0.0209659806523
MA0803.1	TBX15	-0.0221290577283
MA1142.1	FOSL1::JUND	-0.022904098095
MA0481.2	FOXP1	-0.0230705936821
MA0466.1	CEBPB	-0.0240005656643
MA0712.1*TPM	OTX2	-0.0242144655777
MA0497.1	MEF2C	-0.0250800790197
MA0754.1	CUX1	-0.0264706094539
MA0141.3	ESRRB	-0.0271055350958
MA0090.1	TEAD1	-0.0286509707443
MA0473.2*TPM	ELF1	-0.0292738876652
MA0051.1*TPM	IRF2	-0.0299575816383
MA0489.1	JUN(var.2)	-0.0304152119037
MA1124.1	ZNF24	-0.0338649263214
MA0637.1	CENPB	-0.0375899244865
MA0733.1*TPM	EGR4	-0.0394029956962
MA0696.1*TPM	ZIC1	-0.0416447150832
MA1125.1	ZNF384	-0.0423183348041
const	const	-0.044734988356
MA0828.1	SREBF2(var.2)	-0.0464957366072
MA0780.1*TPM	PAX3	-0.0518859769072
MA0670.1	NFIA	-0.0529843187551
MA0778.1	NFKB2	-0.0550906108093
MA0865.1	E2F8	-0.0554858288905
MA0649.1*TPM	HEY2	-0.0579685810678
MA0862.1	GMEB2	-0.0615424942362
MA0090.1*TPM	TEAD1	-0.0615995871005
MA0814.1*TPM	TFAP2C(var.2)	-0.0622858035626
MA1152.1*TPM	SOX15	-0.0639775337158
MA0481.1	FOXP1	-0.0671020188902
MA0517.1*TPM	STAT1::STAT2	-0.0681073461951
MA1104.1*TPM	GATA6	-0.0694659313567
MA0665.1*TPM	MSC	-0.0709447707587
MA0700.1	LHX2	-0.0738227444827
MA0495.1	MAFF	-0.0763749630307
MA0706.1*TPM	MEOX2	-0.0766985701329
MA0083.2*TPM	SRF	-0.0831712439918
MA0787.1*TPM	POU3F2	-0.0851999415506
MA1136.1*TPM	FOSB::JUNB(var.2)	-0.0903992215608
MA0791.1*TPM	POU4F3	-0.093000974835
MA1117.1*TPM	RELB	-0.0931485285704
MA0502.1*TPM	NFYB	-0.0943223976549
MA0761.1	ETV1	-0.0989559941723
MA0009.2	T	-0.100138929777
MA0488.1*TPM	JUN	-0.100217387518
MA0652.1	IRF8	-0.100665641768
MA0090.2	TEAD1	-0.102207877592
MA0809.1*TPM	TEAD4	-0.106551481919
MA0786.1*TPM	POU3F1	-0.106612735164
MA0864.1	E2F2	-0.109121744545
MA0675.1*TPM	NKX6-2	-0.110004215968
MA0137.3	STAT1	-0.111787450747
MA0871.1*TPM	TFEC	-0.114698887734
MA1127.1*TPM	FOSB::JUN	-0.118973595275
MA0835.1	BATF3	-0.11946471153
MA0156.1	FEV	-0.127201471882
MA0508.2*TPM	PRDM1	-0.12937979502
MA1143.1*TPM	FOSL1::JUND(var.2)	-0.131199329151
MA0719.1*TPM	RHOXF1	-0.134437022866
MA0785.1*TPM	POU2F1	-0.139807421036
MA0600.2	RFX2	-0.143722401888
MA0069.1*TPM	Pax6	-0.144050937083
MA0770.1*TPM	HSF2	-0.144907856706
MA0489.1*TPM	JUN(var.2)	-0.145384712899
MA0803.1*TPM	TBX15	-0.150920173707
MA1117.1	RELB	-0.157878861984
MA0481.2*TPM	FOXP1	-0.159417802343
MA0113.1*TPM	NR3C1	-0.160064588725
MA0157.1	FOXO3	-0.16443100032
MA0875.1*TPM	BARX1	-0.17511893275
MA0498.2	MEIS1	-0.188887102613
MA0495.1*TPM	MAFF	-0.192464906838
MA0801.1	MGA	-0.198269143624
MA0684.1*TPM	RUNX3	-0.199662136454
MA0747.1*TPM	SP8	-0.200756895532
MA0112.3*TPM	ESR1	-0.207505856908
MA0831.2*TPM	TFE3	-0.210584911613
MA0782.1*TPM	PKNOX1	-0.214233119088
MA0025.1	NFIL3	-0.216411930596
MA0090.2*TPM	TEAD1	-0.219746936822
MA0866.1*TPM	SOX21	-0.231622922858
MA0768.1*TPM	LEF1	-0.241462222894
MA1148.1	PPARA::RXRA	-0.245640642619
MA1421.1	TCF7L1	-0.251683202318
MA0635.1*TPM	BARHL2	-0.25587097812
MA0757.1*TPM	ONECUT3	-0.256372582395
MA0508.1*TPM	PRDM1	-0.262389823348
MA0655.1	JDP2	-0.262881580845
MA0043.1*TPM	HLF	-0.275542789429
MA0152.1	NFATC2	-0.29103758723
MA0103.2	ZEB1	-0.292796092091
MA0737.1*TPM	GLIS3	-0.298043575716
MA0862.1*TPM	GMEB2	-0.301558221757
MA0050.1	IRF1	-0.303314538706
MA0003.2*TPM	TFAP2A	-0.305097754918
MA0778.1*TPM	NFKB2	-0.307405608316
MA0476.1	FOS	-0.310935108647
MA0731.1	BCL6B	-0.31497171748
MA0124.1*TPM	NKX3-1	-0.315446512743
MA0666.1	MSX1	-0.321897508376
MA0002.1*TPM	RUNX1	-0.342600957973
MA0865.1*TPM	E2F8	-0.34456699741
MA0052.2	MEF2A	-0.357394964805
MA0486.1	HSF1	-0.360525376015
MA0496.1	MAFK	-0.360942669051
MA1420.1	IRF5	-0.370860129709
MA0647.1	GRHL1	-0.380495506905
MA0103.2*TPM	ZEB1	-0.38063491972
MA0754.1*TPM	CUX1	-0.382235600515
MA0625.1*TPM	NFATC3	-0.382489748117
MA0773.1	MEF2D	-0.391335338034
MA0050.2	IRF1	-0.394888052637
MA0141.3*TPM	ESRRB	-0.397638199856
MA1136.1	FOSB::JUNB(var.2)	-0.410905552549
MA0752.1*TPM	ZNF410	-0.411313077269
MA1148.1*TPM	PPARA::RXRA	-0.415132686026
MA0640.1*TPM	ELF3	-0.421436190027
MA0907.1*TPM	HOXC13	-0.443390337797
MA0508.2	PRDM1	-0.446137224205
MA0136.2	ELF5	-0.45910939169
MA0481.1*TPM	FOXP1	-0.463674950531
MA0836.1	CEBPD	-0.481226632748
MA0894.1*TPM	HESX1	-0.484176709129
MA0906.1*TPM	HOXC12	-0.484528838711
MA1105.1	GRHL2	-0.485042679512
MA0052.1	MEF2A	-0.489859457087
MA1127.1	FOSB::JUN	-0.540789069434
MA0479.1	FOXH1	-0.54428622616
MA1142.1*TPM	FOSL1::JUND	-0.560005198423
MA0670.1*TPM	NFIA	-0.566932210679
MA0525.2*TPM	TP63	-0.58347279244
MA0811.1	TFAP2B	-0.583505801603
MA1112.1*TPM	NR4A1	-0.584305663664
MA0696.1	ZIC1	-0.594924501188
MA0835.1*TPM	BATF3	-0.599712851879
MA1124.1*TPM	ZNF24	-0.611939218629
MA0048.2	NHLH1	-0.621495755561
MA0758.1	E2F7	-0.621968462634
MA0523.1*TPM	TCF7L2	-0.634983028627
MA0801.1*TPM	MGA	-0.652305482524
MA0466.1*TPM	CEBPB	-0.668415753751
MA0647.1*TPM	GRHL1	-0.68489191243
MA0258.1*TPM	ESR2	-0.690708543284
MA1151.1	RORC	-0.695348657573
MA0669.1	NEUROG2	-0.700907200974
MA0153.2	HNF1B	-0.701624469895
MA0864.1*TPM	E2F2	-0.702744034868
MA0037.2*TPM	GATA3	-0.705374157752
MA0649.1	HEY2	-0.724607263347
MA0157.1*TPM	FOXO3	-0.728429331419
MA0731.1*TPM	BCL6B	-0.730734384554
MA0048.2*TPM	NHLH1	-0.739579949118
MA0714.1*TPM	PITX3	-0.741730407537
MA0761.1*TPM	ETV1	-0.751075995768
MA1125.1*TPM	ZNF384	-0.773579160218
MA0861.1*TPM	TP73	-0.774480570424
MA1112.1	NR4A1	-0.789602248194
MA0081.1*TPM	SPIB	-0.804837107542
MA1118.1*TPM	SIX1	-0.809196853448
MA0637.1*TPM	CENPB	-0.821715749274
MA0762.1	ETV2	-0.824950198823
MA0828.1*TPM	SREBF2(var.2)	-0.825764282144
MA0071.1	RORA	-0.856590397254
MA0102.3*TPM	CEBPA	-0.874468857216
MA0665.1	MSC	-0.886809634483
MA0498.2*TPM	MEIS1	-0.891547124334
MA0508.1	PRDM1	-0.904792494303
MA0497.1*TPM	MEF2C	-0.922194505554
MA0684.1	RUNX3	-0.950772078354
MA0148.1*TPM	FOXA1	-0.956035335233
MA0680.1	PAX7	-1.02169919143
MA0003.2	TFAP2A	-1.05206122386
MA0666.1*TPM	MSX1	-1.09123255339
MA0600.2*TPM	RFX2	-1.12390918277
MA0052.3	MEF2A	-1.15448521559
MA0804.1	TBX19	-1.16857510641
MA0664.1	MLXIPL	-1.19225954122
MA0724.1*TPM	VENTX	-1.19469159112
MA0496.1*TPM	MAFK	-1.20193908794
MA0495.2	MAFF	-1.24086059288
MA0755.1	CUX2	-1.24795648817
MA0889.1	GBX1	-1.26719685382
MA0052.2*TPM	MEF2A	-1.26875212506
MA0861.1	TP73	-1.26964027938
MA0775.1*TPM	MEIS3	-1.27498084069
MA0780.1	PAX3	-1.29714942268
MA0030.1	FOXF2	-1.31476849124
MA0660.1	MEF2B	-1.32413917423
MA0525.2	TP63	-1.32607452827
MA0887.1	EVX1	-1.34404569413
MA1150.1	RORB	-1.35602923623
MA0152.1*TPM	NFATC2	-1.36496628411
MA0675.1	NKX6-2	-1.3750526996
MA0894.1	HESX1	-1.4240491445
MA0017.2	NR2F1	-1.43407479331
MA0804.1*TPM	TBX19	-1.43734738088
MA0886.1	EMX2	-1.4575854837
MA0122.2*TPM	NKX3-2	-1.4581527355
MA1155.1	ZSCAN4	-1.50730809477
MA0137.3*TPM	STAT1	-1.50913058508
MA0660.1*TPM	MEF2B	-1.50951865862
MA0148.1	FOXA1	-1.51751640513
MA0050.1*TPM	IRF1	-1.54083785663
MA0758.1*TPM	E2F7	-1.54248178733
MA0156.1*TPM	FEV	-1.54549788337
MA0523.1	TCF7L2	-1.54873909422
MA0707.1	MNX1	-1.56683881574
MA0673.1	NKX2-8	-1.58516503948
MA0693.2	VDR	-1.61912603149
MA0442.2	SOX10	-1.6213714318
MA0843.1*TPM	TEF	-1.63199922862
MA0773.1*TPM	MEF2D	-1.68274195355
MA0132.2	PDX1	-1.68668783056
MA0081.1	SPIB	-1.71241937775
MA1104.1	GATA6	-1.73664828392
MA0052.1*TPM	MEF2A	-1.73900107266
MA0687.1	SPIC	-1.75221518233
MA0737.1	GLIS3	-1.75319750421
MA0462.1	BATF::JUN	-1.77377462393
MA0747.1	SP8	-1.82506268665
MA0743.1	SCRT1	-1.83263893262
MA0479.1*TPM	FOXH1	-1.86690175573
MA0476.1*TPM	FOS	-1.8842667584
MA0043.1	HLF	-1.96816278164
MA0733.1	EGR4	-1.97014978481
MA0762.1*TPM	ETV2	-2.00462898314
MA0050.2*TPM	IRF1	-2.00603130739
MA0655.1*TPM	JDP2	-2.08727975191
MA0787.1	POU3F2	-2.12999853877
MA1152.1	SOX15	-2.13258445719
MA0025.1*TPM	NFIL3	-2.16844754458
MA0462.1*TPM	BATF::JUN	-2.23495602616
MA0836.1*TPM	CEBPD	-2.23770384228
MA0759.1	ELK3	-2.2569382243
MA0882.1	DLX6	-2.28256179074
MA1139.1*TPM	FOSL2::JUNB(var.2)	-2.29026351029
MA0703.1	LMX1B	-2.31974652403
MA0702.1	LMX1A	-2.31974652403
MA0693.2*TPM	VDR	-2.36392400597
MA0893.1	GSX2	-2.38285828354
MA0712.1	OTX2	-2.42144655776
MA0907.1	HOXC13	-2.46327965443
MA0745.1	SNAI2	-2.51478209455
MA0817.1	BHLHE23	-2.5170048744
MA1113.1	PBX2	-2.57278665631
MA0112.3	ESR1	-2.59382321134
MA0613.1*TPM	FOXG1	-2.64025116497
MA0653.1	IRF9	-2.65231196335
MA1138.1*TPM	FOSL2::JUNB	-2.66780981675
MA0820.1	FIGLA	-2.68046594663
MA0708.1	MSX2	-2.7509732537
MA1118.1	SIX1	-2.79033397741
MA0664.1*TPM	MLXIPL	-2.82565511269
MA1115.1	POU5F1	-2.8259527359
MA0878.1	CDX1	-2.9415642094
MA0486.2	HSF1	-2.99650176686
MA0258.1	ESR2	-3.00308062297
MA0899.1	HOXA10	-3.027445919
MA1139.1	FOSL2::JUNB(var.2)	-3.05368468039
MA0613.1	FOXG1	-3.10617784114
MA0814.1	TFAP2C(var.2)	-3.11429017813
MA0495.2*TPM	MAFF	-3.12696869405
MA0507.1*TPM	POU2F2	-3.19791040107
MA0689.1	TBX20	-3.24537299346
MA0719.1	RHOXF1	-3.36092557166
MA0726.1	VSX2	-3.4748606173
MA0725.1	VSX1	-3.4748606173
MA0793.1*TPM	POU6F2	-3.54252970614
MA1138.1	FOSL2::JUNB	-3.55707975567
MA0688.1	TBX2	-3.67349308859
MA0825.1	MNT	-3.67983173214
MA0077.1	SOX9	-3.69737240087
MA0856.1	RXRG	-3.76924843683
MA0724.1	VENTX	-3.85384384233
MA0888.1	EVX2	-3.88732214006
MA0122.2	NKX3-2	-3.94095333919
MA0843.1	TEF	-3.98048592346
MA0756.1*TPM	ONECUT2	-4.00418793632
MA0906.1	HOXC12	-4.03774032259
MA0052.3*TPM	MEF2A	-4.09842251534
MA0618.1	LBX1	-4.23144127861
MA0714.1	PITX3	-4.36312004434
MA0674.1	NKX6-1	-4.36401298342
MA0800.1	EOMES	-4.37219439534
MA0891.1	GSC2	-4.40810257697
MA0759.1*TPM	ELK3	-4.42359891962
MA0791.1	POU4F3	-4.65004874176
MA0667.1	MYF6	-4.79291293538
MA0846.1	FOXC2	-4.84298839768
MA0158.1	HOXA5	-4.87118839304
MA0628.1*TPM	POU6F1	-4.87353412651
MA0723.1	VAX2	-4.90883869933
MA0905.1*TPM	HOXC10	-5.05563264633
MA0628.1	POU6F1	-5.13003592265
MA0072.1	RORA(var.2)	-5.13256485651
MA0593.1	FOXP2	-5.18220773829
MA0707.1*TPM	MNX1	-5.24891003273
MA0876.1	BSX	-5.2844108346
MA0786.1	POU3F1	-5.3306367582
MA0070.1	PBX1	-5.33470168383
MA0070.1*TPM	PBX1	-5.38804870067
MA0871.1	TFEC	-5.73494438671
MA0468.1	DUX4	-6.04274720038
MA0775.1	MEIS3	-6.07133733662
MA0793.1	POU6F2	-6.21496439675
MA0102.3	CEBPA	-6.24620612297
MA0718.1	RAX	-6.31517159978
MA0756.1	ONECUT2	-6.35585386718
MA0868.1	SOX8	-6.53791237526
MA0790.1*TPM	POU4F1	-6.82996985843
MA0634.1	ALX3	-6.9224941881
MA0153.1	HNF1B	-7.142981701
MA0679.1	ONECUT1	-7.2504566681
MA0507.1	POU2F2	-7.43700093271
MA0046.2	HNF1A	-7.43876190842
MA0706.1	MEOX2	-7.66985701329
MA0866.1	SOX21	-7.72076409527
MA0037.2	GATA3	-7.83749064168
MA0042.1	FOXI1	-7.91032991737
MA0683.1	POU4F2	-8.21330079852
MA0678.1	OLIG2	-8.23415502121
MA0772.1	IRF7	-8.30698289432
MA0640.1	ELF3	-8.42872380054
MA0722.1	VAX1	-8.49810713359
MA0635.1	BARHL2	-8.52903260399
MA0757.1	ONECUT3	-8.54575274651
MA0084.1	SRY	-8.55842202082
MA0875.1	BARX1	-8.75594663752
MA0908.1	HOXD11	-8.84856205949
MA0901.1	HOXB13	-8.85982600811
MA0905.1	HOXC10	-8.86953095847
MA0713.1	PHOX2A	-9.12663244057
MA0827.1	OLIG3	-9.41569750907
MA0790.1	POU4F1	-10.0440733212
MA0715.1	PROP1	-10.3012565003
MA0032.2	FOXC1	-10.3271263115
MA0124.1	NKX3-1	-10.5148837581
MA0845.1	FOXB1	-10.8009450664
MA0825.1*TPM	MNT	-10.9658985618
MA0650.1	HOXA13	-12.416815251
MA0610.1	DMRT3	-16.0873261111
MA0033.1	FOXL1	-17.812717219
MA0788.1	POU3F3	-18.1052832756
