MA0139.1*TPM	CTCF	0.225067417908
MA0139.1	CTCF	0.225067417908
MA1102.1*TPM	CTCFL	0.119511428166
MA1102.1	CTCFL	0.119511428166
MA0506.1*TPM	NRF1	0.108320048887
MA0506.1	NRF1	0.108320048887
MA0524.1	TFAP2C	0.0888276933748
MA0014.3	PAX5	0.079556895539
MA0599.1*TPM	KLF5	0.0750666735717
MA0599.1	KLF5	0.0750666735715
MA1100.1	ASCL1	0.0705047472639
MA1100.1*TPM	ASCL1	0.0705047472639
MA0685.1	SP4	0.0694783811631
MA0685.1*TPM	SP4	0.069478381163
MA0155.1	INSM1	0.067881514149
MA0104.4	MYCN	0.0591885829558
MA0162.2*TPM	EGR1	0.0567964509531
MA0162.2	EGR1	0.0567964509529
MA0138.1*TPM	REST	0.0551744815228
MA0138.1	REST	0.0551744815227
MA0734.1	GLI2	0.0548090779829
MA0812.1	TFAP2B(var.2)	0.0527514700867
MA0024.2*TPM	E2F1	0.051421970082
MA0024.2	E2F1	0.0514219700818
MA0774.1*TPM	MEIS2	0.0492941810737
MA0774.1	MEIS2	0.0492941810736
MA0112.2*TPM	ESR1	0.0485204971001
MA0112.2	ESR1	0.0485204970999
MA0481.1*TPM	FOXP1	0.0478656340504
MA0481.1	FOXP1	0.0478656340503
MA0105.2*TPM	NFKB1	0.0468311830474
MA0105.2	NFKB1	0.0468311830473
MA0119.1*TPM	NFIC::TLX1	0.0466054262256
MA0119.1	NFIC::TLX1	0.0466054262255
MA0003.1	TFAP2A	0.0462860752003
MA0003.1*TPM	TFAP2A	0.0462860752002
MA0516.1*TPM	SP2	0.0462532891118
MA0516.1	SP2	0.0462532891117
MA0818.1	BHLHE22	0.0460204776
MA0696.1*TPM	ZIC1	0.0447428061843
MA0696.1	ZIC1	0.0447428061842
MA0028.1*TPM	ELK1	0.0435743737494
MA0028.1	ELK1	0.0435743737494
MA0014.2	PAX5	0.0435001064387
MA0138.2	REST	0.043122052378
MA0138.2*TPM	REST	0.043122052378
MA0079.1	SP1	0.0430139482472
MA0079.1*TPM	SP1	0.0430139482472
MA0525.1*TPM	TP63	0.0420476880578
MA0525.1	TP63	0.0420476880578
MA0598.1	EHF	0.0413897366193
MA0598.1*TPM	EHF	0.0413897366193
MA0779.1	PAX1	0.0410403422476
MA0486.1	HSF1	0.0402352148964
MA1107.1	KLF9	0.0396743469076
MA1107.1*TPM	KLF9	0.0396743469075
MA0807.1	TBX5	0.0396222984795
MA0510.1	RFX5	0.0391165644467
MA0510.1*TPM	RFX5	0.0391165644467
MA1122.1	TFDP1	0.0383144973112
MA1122.1*TPM	TFDP1	0.0383144973111
MA0472.2	EGR2	0.0375427863624
MA0472.2*TPM	EGR2	0.0375427863624
MA1114.1*TPM	PBX3	0.0372104023403
MA1114.1	PBX3	0.0372104023402
MA0597.1	THAP1	0.0354911600632
MA0597.1*TPM	THAP1	0.0354911600632
MA0137.2*TPM	STAT1	0.0353251777726
MA0137.2	STAT1	0.0353251777725
MA0750.2*TPM	ZBTB7A	0.034524200574
MA0750.2	ZBTB7A	0.034524200574
MA0048.1*TPM	NHLH1	0.0341854815503
MA0048.1	NHLH1	0.0341854815502
MA0060.1	NFYA	0.0339409021368
MA0060.1*TPM	NFYA	0.0339409021368
MA0477.1*TPM	FOSL1	0.0337629624129
MA0477.1	FOSL1	0.0337629624129
MA0490.1*TPM	JUNB	0.0335607429592
MA0490.1	JUNB	0.0335607429592
MA0163.1	PLAG1	0.0331698790514
MA0163.1*TPM	PLAG1	0.0331698790513
MA1116.1*TPM	RBPJ	0.03296419349
MA1116.1	RBPJ	0.03296419349
MA0527.1*TPM	ZBTB33	0.0329196274077
MA0527.1	ZBTB33	0.0329196274076
MA0751.1	ZIC4	0.0326882741231
MA0751.1*TPM	ZIC4	0.0326882741231
MA0872.1*TPM	TFAP2A(var.3)	0.0320992656413
MA0872.1	TFAP2A(var.3)	0.0320992656413
MA0513.1*TPM	SMAD2::SMAD3::SMAD4	0.0320350572885
MA0513.1	SMAD2::SMAD3::SMAD4	0.0320350572885
MA0024.1*TPM	E2F1	0.0319031140832
MA0024.1	E2F1	0.0319031140832
MA1101.1	BACH2	0.0313778507886
MA1101.1*TPM	BACH2	0.0313778507886
MA0103.3	ZEB1	0.0307832425984
MA0103.3*TPM	ZEB1	0.0307832425983
MA0592.1*TPM	ESRRA	0.0306502695965
MA0592.1	ESRRA	0.0306502695965
MA0018.1	CREB1	0.030618590046
MA0018.1*TPM	CREB1	0.0306185900459
MA0037.3*TPM	GATA3	0.0303021919448
MA0037.3	GATA3	0.0303021919448
MA0140.2*TPM	GATA1::TAL1	0.0301751285551
MA0140.2	GATA1::TAL1	0.030175128555
MA0471.1*TPM	E2F6	0.0301040301127
MA0471.1	E2F6	0.0301040301127
MA0162.3*TPM	EGR1	0.0297989222487
MA0162.3	EGR1	0.0297989222487
MA0636.1	BHLHE41	0.0297924080496
MA1141.1	FOS::JUND	0.0292193696406
MA1141.1*TPM	FOS::JUND	0.0292193696406
MA0039.3*TPM	KLF4	0.0288143749709
MA0039.3	KLF4	0.0288143749709
MA0504.1*TPM	NR2C2	0.0286717413159
MA0504.1	NR2C2	0.0286717413158
MA0813.1	TFAP2B(var.3)	0.0286666458603
MA0873.1	HOXD12	0.0285135934241
MA0007.2	AR	0.0283722262826
MA0131.2*TPM	HINFP	0.0278891576241
MA0131.2	HINFP	0.0278891576241
MA0112.1*TPM	ESR1	0.0275542178201
MA0112.1	ESR1	0.02755421782
MA0648.1	GSC	0.0275400245048
MA0036.3	GATA2	0.0274033119018
MA0036.3*TPM	GATA2	0.0274033119018
MA1109.1	NEUROD1	0.0264942948837
MA1109.1*TPM	NEUROD1	0.0264942948837
MA0657.1	KLF13	0.0263115072538
MA0657.1*TPM	KLF13	0.0263115072538
MA0732.1*TPM	EGR3	0.026309625123
MA0732.1	EGR3	0.026309625123
MA0902.1	HOXB2	0.025786286061
MA0902.1*TPM	HOXB2	0.0257862860609
MA0740.1	KLF14	0.0257643850729
MA0060.2	NFYA	0.0247580627787
MA0060.2*TPM	NFYA	0.0247580627787
MA0079.2*TPM	SP1	0.0246226243609
MA0079.2	SP1	0.0246226243609
MA0662.1	MIXL1	0.024322853006
MA0644.1	ESX1	0.0242521834298
MA0024.3	E2F1	0.024244013136
MA0024.3*TPM	E2F1	0.0242440131359
MA0161.2*TPM	NFIC	0.0242263517099
MA0161.2	NFIC	0.0242263517099
MA0511.1	RUNX2	0.0238922137307
MA0511.1*TPM	RUNX2	0.0238922137307
MA1133.1	JUN::JUNB(var.2)	0.0238189921481
MA1133.1*TPM	JUN::JUNB(var.2)	0.0238189921481
MA0511.2	RUNX2	0.023730416978
MA0511.2*TPM	RUNX2	0.023730416978
MA0079.3	SP1	0.0235025785299
MA0079.3*TPM	SP1	0.0235025785299
MA0748.1	YY2	0.0230527191568
MA0748.1*TPM	YY2	0.0230527191568
MA0114.2	HNF4A	0.0229342262528
MA0114.2*TPM	HNF4A	0.0229342262528
MA0810.1*TPM	TFAP2A(var.2)	0.0228564001571
MA0810.1	TFAP2A(var.2)	0.022856400157
MA0258.2*TPM	ESR2	0.0228538282873
MA0258.2	ESR2	0.0228538282873
MA0484.1	HNF4G	0.0222367743813
MA0150.1	NFE2L2	0.0218474694901
MA0150.1*TPM	NFE2L2	0.02184746949
MA0031.1*TPM	FOXD1	0.02180924292
MA0031.1	FOXD1	0.02180924292
MA0496.2	MAFK	0.0211289816505
MA0496.2*TPM	MAFK	0.0211289816505
MA0154.2*TPM	EBF1	0.0209429346438
MA0154.2	EBF1	0.0209429346438
MA0863.1	MTF1	0.0206159869911
MA0863.1*TPM	MTF1	0.0206159869911
MA0671.1*TPM	NFIX	0.0205884882675
MA0671.1	NFIX	0.0205884882674
MA0600.1	RFX2	0.0202913984366
MA0600.1*TPM	RFX2	0.0202913984366
MA0686.1	SPDEF	0.0202180811835
MA0686.1*TPM	SPDEF	0.0202180811835
MA0695.1*TPM	ZBTB7C	0.0200999682125
MA0695.1	ZBTB7C	0.0200999682125
MA0730.1	RARA(var.2)	0.0199224495818
MA0730.1*TPM	RARA(var.2)	0.0199224495818
MA0093.2	USF1	0.0195876294328
MA0093.2*TPM	USF1	0.0195876294327
MA0474.2	ERG	0.0195368098185
MA0474.2*TPM	ERG	0.0195368098185
MA0852.2*TPM	FOXK1	0.019405433616
MA0852.2	FOXK1	0.0194054336159
MA1420.1	IRF5	0.0193134883748
MA0003.3*TPM	TFAP2A	0.0189842744723
MA0003.3	TFAP2A	0.0189842744723
MA0100.3	MYB	0.0184438487687
MA0100.3*TPM	MYB	0.0184438487687
MA0131.1	HINFP	0.0184045918037
MA0131.1*TPM	HINFP	0.0184045918037
MA1106.1*TPM	HIF1A	0.0184035805932
MA1106.1	HIF1A	0.0184035805931
MA0017.1	NR2F1	0.0183048802563
MA0735.1	GLIS1	0.0178895386191
MA0735.1*TPM	GLIS1	0.0178895386191
MA0815.1	TFAP2C(var.3)	0.0177268466857
MA1131.1	FOSL2::JUN(var.2)	0.0176132281346
MA1131.1*TPM	FOSL2::JUN(var.2)	0.0176132281346
MA0741.1*TPM	KLF16	0.0175139306442
MA0741.1	KLF16	0.0175139306442
MA0003.2	TFAP2A	0.0170448149443
MA0003.2*TPM	TFAP2A	0.0170448149443
MA0475.1	FLI1	0.0167611046352
MA0475.1*TPM	FLI1	0.0167611046351
MA1117.1*TPM	RELB	0.016663414318
MA1117.1	RELB	0.016663414318
MA0842.1*TPM	NRL	0.0166080308627
MA0842.1	NRL	0.0166080308627
MA1121.1*TPM	TEAD2	0.0162396185869
MA1121.1	TEAD2	0.0162396185869
MA0027.2	EN1	0.0160641559122
MA0027.2*TPM	EN1	0.0160641559121
MA0645.1*TPM	ETV6	0.0158700886119
MA0645.1	ETV6	0.0158700886119
MA0691.1	TFAP4	0.015784207791
MA0691.1*TPM	TFAP4	0.0157842077909
MA0106.2	TP53	0.0149540189196
MA0106.2*TPM	TP53	0.0149540189195
MA0106.1	TP53	0.0149377402547
MA0106.1*TPM	TP53	0.0149377402547
MA0802.1	TBR1	0.01492369434
MA0697.1	ZIC3	0.0147286872657
MA0668.1	NEUROD2	0.0144028007403
MA0470.1*TPM	E2F4	0.0142270176353
MA0470.1	E2F4	0.0142270176353
MA0792.1*TPM	POU5F1B	0.0141873593316
MA0792.1	POU5F1B	0.0141873593315
MA0665.1	MSC	0.0141304266308
MA0665.1*TPM	MSC	0.0141304266308
MA0101.1*TPM	REL	0.0140727908768
MA0101.1	REL	0.0140727908768
MA1130.1	FOSL2::JUN	0.0137466614725
MA1130.1*TPM	FOSL2::JUN	0.0137466614725
MA1104.1*TPM	GATA6	0.0136882776626
MA1104.1	GATA6	0.0136882776626
MA0098.3	ETS1	0.0135839624822
MA0098.3*TPM	ETS1	0.0135839624822
MA0058.1*TPM	MAX	0.0131602358902
MA0058.1	MAX	0.0131602358902
MA0799.1	RFX4	0.013124913819
MA0099.3*TPM	FOS::JUN	0.0130275279368
MA0099.3	FOS::JUN	0.0130275279368
MA0839.1*TPM	CREB3L1	0.0129897595443
MA0839.1	CREB3L1	0.0129897595443
MA0090.1	TEAD1	0.0129618331313
MA0090.1*TPM	TEAD1	0.0129618331313
MA0661.1	MEOX1	0.0129247768908
MA0711.1*TPM	OTX1	0.0128097756277
MA0711.1	OTX1	0.0128097756277
MA0147.3*TPM	MYC	0.0127661618974
MA0147.3	MYC	0.0127661618974
MA1144.1*TPM	FOSL2::JUND	0.0126150826103
MA1144.1	FOSL2::JUND	0.0126150826102
MA0473.1*TPM	ELF1	0.01257178793
MA0473.1	ELF1	0.0125717879299
MA1149.1	RARA::RXRG	0.0125166005866
MA1149.1*TPM	RARA::RXRG	0.0125166005866
MA0154.3	EBF1	0.0123826240987
MA0154.3*TPM	EBF1	0.0123826240987
MA0672.1	NKX2-3	0.0121875136107
MA0841.1	NFE2	0.0121583002471
MA0841.1*TPM	NFE2	0.0121583002471
MA0736.1	GLIS2	0.0120620726511
MA0596.1*TPM	SREBF2	0.0120459918759
MA0596.1	SREBF2	0.0120459918759
MA0838.1	CEBPG	0.0117948008373
MA0838.1*TPM	CEBPG	0.0117948008373
MA0057.1*TPM	MZF1(var.2)	0.0117238348762
MA0057.1	MZF1(var.2)	0.0117238348761
MA0469.2*TPM	E2F3	0.0116987679409
MA0469.2	E2F3	0.0116987679409
MA0093.1	USF1	0.011617917309
MA0093.1*TPM	USF1	0.011617917309
MA0076.1	ELK4	0.0115448974757
MA0076.1*TPM	ELK4	0.0115448974757
MA0080.2	SPI1	0.0112034096088
MA0080.2*TPM	SPI1	0.0112034096087
MA0068.2	PAX4	0.0112030064854
MA1151.1	RORC	0.0111540970182
MA0652.1	IRF8	0.010917303838
MA0823.1	HEY1	0.0108328963582
MA0823.1*TPM	HEY1	0.0108328963582
MA0914.1	ISL2	0.0106533270745
MA0914.1*TPM	ISL2	0.0106533270744
MA0160.1	NR4A2	0.0105742308775
MA0160.1*TPM	NR4A2	0.0105742308775
MA1146.1	NR1A4::RXRA	0.0105554323295
MA0797.1*TPM	TGIF2	0.0102597854237
MA0797.1	TGIF2	0.0102597854237
MA0658.1	LHX6	0.0102214611497
MA0658.1*TPM	LHX6	0.0102214611497
MA0028.2	ELK1	0.0102040078212
MA0028.2*TPM	ELK1	0.0102040078212
MA0659.1	MAFG	0.0100681570733
MA0659.1*TPM	MAFG	0.0100681570733
MA0032.1	FOXC1	0.00992734507965
MA0065.1*TPM	PPARG::RXRA	0.00990398827304
MA0065.1	PPARG::RXRA	0.00990398827302
MA0646.1	GCM1	0.00989969990904
MA0646.1*TPM	GCM1	0.00989969990901
MA0692.1	TFEB	0.00986085405574
MA0692.1*TPM	TFEB	0.00986085405574
MA0837.1	CEBPE	0.00977528884948
MA0837.1*TPM	CEBPE	0.00977528884945
MA0798.1	RFX3	0.00971672891064
MA0798.1*TPM	RFX3	0.00971672891062
MA1419.1	IRF4	0.00966682330074
MA0890.1	GBX2	0.00966433925454
MA0890.1*TPM	GBX2	0.00966433925451
MA0066.1	PPARG	0.00961248057751
MA0066.1*TPM	PPARG	0.0096124805775
MA1145.1*TPM	FOSL2::JUND(var.2)	0.0095198558331
MA1145.1	FOSL2::JUND(var.2)	0.0095198558331
MA0620.2	MITF	0.00949016859754
MA0620.2*TPM	MITF	0.00949016859752
MA1123.1*TPM	TWIST1	0.00921331680281
MA1123.1	TWIST1	0.00921331680281
MA0088.2	ZNF143	0.00917288538163
MA0088.2*TPM	ZNF143	0.00917288538163
MA0750.1*TPM	ZBTB7A	0.00902769994846
MA0750.1	ZBTB7A	0.00902769994844
MA0074.1	RXRA::VDR	0.00884391566633
MA0074.1*TPM	RXRA::VDR	0.00884391566633
MA0062.1	GABPA	0.00860369409146
MA0062.1*TPM	GABPA	0.00860369409143
MA0710.1	NOTO	0.00854129711646
MA0159.1*TPM	RARA::RXRA	0.00838738288175
MA0159.1	RARA::RXRA	0.00838738288173
MA0009.2	T	0.00825443921235
MA0656.1*TPM	JDP2(var.2)	0.00816249675184
MA0656.1	JDP2(var.2)	0.00816249675184
MA1140.1*TPM	JUNB(var.2)	0.00814613604619
MA1140.1	JUNB(var.2)	0.00814613604616
MA0749.1*TPM	ZBED1	0.00804800681761
MA0749.1	ZBED1	0.00804800681758
MA0771.1*TPM	HSF4	0.00790279172368
MA0771.1	HSF4	0.00790279172366
MA0787.1	POU3F2	0.00785056862145
MA0787.1*TPM	POU3F2	0.00785056862145
MA0821.1	HES5	0.00774250821578
MA0737.1*TPM	GLIS3	0.00758281778069
MA0737.1	GLIS3	0.00758281778067
MA0760.1*TPM	ERF	0.00748932650399
MA0760.1	ERF	0.00748932650399
MA0036.2	GATA2	0.00740508668774
MA0036.2*TPM	GATA2	0.00740508668773
MA0638.1	CREB3	0.00734686970793
MA0638.1*TPM	CREB3	0.00734686970793
MA0894.1	HESX1	0.00732460796016
MA0894.1*TPM	HESX1	0.00732460796014
MA0767.1	GCM2	0.00720596204933
MA0767.1*TPM	GCM2	0.00720596204931
MA0524.2	TFAP2C	0.00713024098866
MA0651.1*TPM	HOXC11	0.00704053704829
MA0651.1	HOXC11	0.00704053704829
MA0789.1	POU3F4	0.00653583798888
MA0783.1*TPM	PKNOX2	0.00652868361756
MA0783.1	PKNOX2	0.00652868361756
MA0763.1	ETV3	0.00647763620142
MA0763.1*TPM	ETV3	0.00647763620141
MA0795.1*TPM	SMAD3	0.00645945516183
MA0795.1	SMAD3	0.00645945516183
MA0641.1	ELF4	0.00639972184761
MA0641.1*TPM	ELF4	0.00639972184761
MA0060.3	NFYA	0.00635735119169
MA0060.3*TPM	NFYA	0.00635735119168
MA0156.2	FEV	0.00633615795697
MA0156.2*TPM	FEV	0.00633615795697
MA1154.1*TPM	ZNF282	0.00628615491605
MA1154.1	ZNF282	0.00628615491605
MA0747.1	SP8	0.006252654371
MA0747.1*TPM	SP8	0.006252654371
MA0833.1	ATF4	0.00622130927385
MA0833.1*TPM	ATF4	0.00622130927384
MA0862.1*TPM	GMEB2	0.00619192556877
MA0862.1	GMEB2	0.00619192556877
MA0781.1	PAX9	0.00614036493293
MA0781.1*TPM	PAX9	0.00614036493291
MA0806.1	TBX4	0.00609369145825
MA0805.1	TBX1	0.00609369145825
MA0805.1*TPM	TBX1	0.00609369145825
MA0464.2	BHLHE40	0.00599242267268
MA0464.2*TPM	BHLHE40	0.00599242267266
MA0046.2	HNF1A	0.00595447723973
MA0669.1*TPM	NEUROG2	0.00582431788725
MA0669.1	NEUROG2	0.00582431788724
MA0794.1*TPM	PROX1	0.00576376423378
MA0794.1	PROX1	0.00576376423376
MA0043.2*TPM	HLF	0.00542583232073
MA0043.2	HLF	0.00542583232071
MA0136.2	ELF5	0.00536827631167
MA0105.3	NFKB1	0.00532189979844
MA0105.3*TPM	NFKB1	0.00532189979844
MA0698.1	ZBTB18	0.00525581385856
MA0698.1*TPM	ZBTB18	0.00525581385856
MA0744.1	SCRT2	0.00520693343712
MA0744.1*TPM	SCRT2	0.00520693343711
MA0765.1	ETV5	0.00508592188497
MA0765.1*TPM	ETV5	0.00508592188497
MA0776.1*TPM	MYBL1	0.00505648392891
MA0776.1	MYBL1	0.0050564839289
MA0808.1*TPM	TEAD3	0.00493443085106
MA0808.1	TEAD3	0.00493443085105
MA0831.2	TFE3	0.00491720395201
MA0831.2*TPM	TFE3	0.00491720395201
MA0618.1	LBX1	0.00487569915563
MA0844.1	XBP1	0.00487035422606
MA0844.1*TPM	XBP1	0.00487035422606
MA0076.2*TPM	ELK4	0.00486030519907
MA0076.2	ELK4	0.00486030519905
MA0510.2	RFX5	0.0048242589477
MA0510.2*TPM	RFX5	0.0048242589477
MA1134.1	FOS::JUNB	0.00477948002983
MA1134.1*TPM	FOS::JUNB	0.00477948002983
MA0018.2*TPM	CREB1	0.0046973088926
MA0018.2	CREB1	0.0046973088926
MA0819.1	CLOCK	0.00438723029375
MA0819.1*TPM	CLOCK	0.00438723029374
MA0148.1	FOXA1	0.00437992523625
MA0148.1*TPM	FOXA1	0.00437992523624
MA0259.1*TPM	ARNT::HIF1A	0.00409560334788
MA0259.1	ARNT::HIF1A	0.00409560334787
MA1135.1	FOSB::JUNB	0.00370614067367
MA1135.1*TPM	FOSB::JUNB	0.00370614067367
MA0081.1	SPIB	0.0035990098499
MA0081.1*TPM	SPIB	0.00359900984989
MA0501.1	MAF::NFE2	0.00352966211576
MA0488.1	JUN	0.00346075083504
MA0488.1*TPM	JUN	0.00346075083503
MA0694.1*TPM	ZBTB7B	0.00327833644379
MA0694.1	ZBTB7B	0.00327833644378
MA0865.1*TPM	E2F8	0.00318056797638
MA0865.1	E2F8	0.00318056797637
MA0043.1	HLF	0.00309400868884
MA0043.1*TPM	HLF	0.00309400868884
MA1418.1	IRF3	0.0030552025411
MA1418.1*TPM	IRF3	0.00305520254109
MA0820.1	FIGLA	0.00304540042029
MA0059.1	MAX::MYC	0.00283729380859
MA0059.1*TPM	MAX::MYC	0.00283729380859
MA0849.1*TPM	FOXO6	0.00279874345645
MA0850.1*TPM	FOXP3	0.00279874345645
MA0033.2*TPM	FOXL1	0.00279874345644
MA0847.1*TPM	FOXD2	0.00279874345644
MA0848.1*TPM	FOXO4	0.00279874345643
MA0850.1	FOXP3	0.00279874345643
MA0033.2	FOXL1	0.00279874345643
MA0847.1	FOXD2	0.00279874345643
MA0848.1	FOXO4	0.00279874345643
MA0849.1	FOXO6	0.00279874345643
MA0042.2	FOXI1	0.00279874345643
MA1126.1	FOS::JUN(var.2)	0.00258876212076
MA1126.1*TPM	FOS::JUN(var.2)	0.00258876212075
MA0664.1*TPM	MLXIPL	0.0025808005107
MA0664.1	MLXIPL	0.00258080051069
MA0743.1	SCRT1	0.00238619533293
MA0099.2*TPM	FOS::JUN	0.00226422636138
MA0099.2	FOS::JUN	0.00226422636138
MA0764.1*TPM	ETV4	0.00225609697518
MA0764.1	ETV4	0.00225609697518
MA0660.1	MEF2B	0.00194753326731
MA0660.1*TPM	MEF2B	0.00194753326731
MA0666.1	MSX1	0.00180671430621
MA0666.1*TPM	MSX1	0.00180671430621
MA0785.1	POU2F1	0.0017416292704
MA0785.1*TPM	POU2F1	0.00174162927039
MA0843.1	TEF	0.00160860960645
MA0843.1*TPM	TEF	0.00160860960645
MA0612.1*TPM	EMX1	0.00160035701683
MA0612.1	EMX1	0.00160035701683
MA0777.1	MYBL2	0.00155307374126
MA0777.1*TPM	MYBL2	0.00155307374125
MA0107.1*TPM	RELA	0.00151363762809
MA0107.1	RELA	0.00151363762808
MA0729.1*TPM	RARA	0.00103650125969
MA0729.1	RARA	0.00103650125969
MA1147.1	NR4A2::RXRA	0.0010295918446
MA1147.1*TPM	NR4A2::RXRA	0.0010295918446
MA0630.1	SHOX	0.00095397834162
MA0654.1	ISX	0.00095397834162
MA0716.1	PRRX1	0.00095397834162
MA0721.1	UNCX	0.00095397834162
MA0717.1	RAX2	0.00095397834162
MA0701.1	LHX9	0.00095397834162
MA0654.1*TPM	ISX	0.000953978341617
MA1110.1	NR1H4	0.000925009880078
MA1110.1*TPM	NR1H4	0.000925009880077
MA0699.1*TPM	LBX2	0.000846913723855
MA0699.1	LBX2	0.000846913723853
MA0149.1*TPM	EWSR1-FLI1	0.0008460647709
MA0149.1	EWSR1-FLI1	0.0008460647709
MA0051.1*TPM	IRF2	0.000764926032506
MA0051.1	IRF2	0.000764926032506
MA0675.1	NKX6-2	0.000722505324136
MA0727.1*TPM	NR3C2	0.000696080374045
MA0727.1	NR3C2	0.000696080374043
MA0884.1	DUXA	0.00060689606751
MA1118.1*TPM	SIX1	0.00034571820341
MA1118.1	SIX1	0.00034571820341
MA0598.2	EHF	0.000299038711247
MA0598.2*TPM	EHF	0.000299038711246
MA1137.1*TPM	FOSL1::JUNB	0.000267760463485
MA1137.1	FOSL1::JUNB	0.000267760463485
MA0700.1	LHX2	0.000263505695367
MA0473.2*TPM	ELF1	0.000181476461724
MA0473.2	ELF1	0.000181476461724
MA0137.1	STAT1	9.92739698698e-05
MA0137.1*TPM	STAT1	9.92739698698e-05
MA0080.4	SPI1	6.26831424769e-05
MA0080.4*TPM	SPI1	6.26831424765e-05
MA0009.2*TPM	T	0.0
MA0442.1	SOX10	0.0
MA0017.2*TPM	NR2F1	0.0
MA0017.1*TPM	NR2F1	0.0
MA1420.1*TPM	IRF5	0.0
MA0161.1	NFIC	0.0
MA0007.2*TPM	AR	0.0
MA0014.3*TPM	PAX5	0.0
MA0014.2*TPM	PAX5	0.0
const	const	0.0
MA0130.1	ZNF354C	0.0
MA0524.2*TPM	TFAP2C	0.0
MA0779.1*TPM	PAX1	0.0
MA0501.1*TPM	MAF::NFE2	0.0
MA0772.1*TPM	IRF7	0.0
MA0056.1	MZF1	0.0
MA0755.1*TPM	CUX2	0.0
MA0745.1*TPM	SNAI2	0.0
MA0524.1*TPM	TFAP2C	0.0
MA0743.1*TPM	SCRT1	0.0
MA0815.1*TPM	TFAP2C(var.3)	0.0
MA0740.1*TPM	KLF14	0.0
MA0736.1*TPM	GLIS2	0.0
MA0080.1	SPI1	0.0
MA0593.1*TPM	FOXP2	0.0
MA0734.1*TPM	GLI2	0.0
MA0610.1*TPM	DMRT3	0.0
MA0733.1*TPM	EGR4	0.0
MA0037.1	GATA3	0.0
MA0095.1	YY1	0.0
MA0784.1*TPM	POU1F1	0.0
MA0788.1*TPM	POU3F3	0.0
MA0813.1*TPM	TFAP2B(var.3)	0.0
MA0701.1*TPM	LHX9	0.0
MA0811.1*TPM	TFAP2B	0.0
MA0807.1*TPM	TBX5	0.0
MA0468.1*TPM	DUX4	0.0
MA0806.1*TPM	TBX4	0.0
MA0098.1	ETS1	0.0
MA0802.1*TPM	TBR1	0.0
MA0800.1*TPM	EOMES	0.0
MA0799.1*TPM	RFX4	0.0
MA0036.1	GATA2	0.0
MA0484.1*TPM	HNF4G	0.0
MA0486.1*TPM	HSF1	0.0
MA0486.2*TPM	HSF1	0.0
MA0789.1*TPM	POU3F4	0.0
MA0618.1*TPM	LBX1	0.0
MA0630.1*TPM	SHOX	0.0
MA0636.1*TPM	BHLHE41	0.0
MA0708.1*TPM	MSX2	0.0
MA0668.1*TPM	NEUROD2	0.0
MA0672.1*TPM	NKX2-3	0.0
MA0673.1*TPM	NKX2-8	0.0
MA0674.1*TPM	NKX6-1	0.0
MA0675.1*TPM	NKX6-2	0.0
MA0678.1*TPM	OLIG2	0.0
MA0680.1*TPM	PAX7	0.0
MA0030.1*TPM	FOXF2	0.0
MA0687.1*TPM	SPIC	0.0
MA0688.1*TPM	TBX2	0.0
MA0706.1*TPM	MEOX2	0.0
MA0689.1*TPM	TBX20	0.0
MA0703.1*TPM	LMX1B	0.0
MA0702.1*TPM	LMX1A	0.0
MA0697.1*TPM	ZIC3	0.0
MA0667.1*TPM	MYF6	0.0
MA0662.1*TPM	MIXL1	0.0
MA0723.1*TPM	VAX2	0.0
MA0661.1*TPM	MEOX1	0.0
MA0722.1*TPM	VAX1	0.0
MA0721.1*TPM	UNCX	0.0
MA0718.1*TPM	RAX	0.0
MA0717.1*TPM	RAX2	0.0
MA0716.1*TPM	PRRX1	0.0
MA0644.1*TPM	ESX1	0.0
MA0715.1*TPM	PROP1	0.0
MA0648.1*TPM	GSC	0.0
MA0713.1*TPM	PHOX2A	0.0
MA0649.1*TPM	HEY2	0.0
MA0650.1*TPM	HOXA13	0.0
MA0652.1*TPM	IRF8	0.0
MA0712.1*TPM	OTX2	0.0
MA0653.1*TPM	IRF9	0.0
MA0710.1*TPM	NOTO	0.0
MA0814.1*TPM	TFAP2C(var.2)	0.0
MA0812.1*TPM	TFAP2B(var.2)	0.0
MA0817.1*TPM	BHLHE23	0.0
MA1113.1*TPM	PBX2	0.0
MA0080.1*TPM	SPI1	0.0
MA1105.1*TPM	GRHL2	0.0
MA0909.1*TPM	HOXD13	0.0
MA0908.1*TPM	HOXD11	0.0
MA0084.1*TPM	SRY	0.0
MA0900.1*TPM	HOXA2	0.0
MA0095.1*TPM	YY1	0.0
MA0899.1*TPM	HOXA10	0.0
MA0098.1*TPM	ETS1	0.0
MA0893.1*TPM	GSX2	0.0
MA0104.4*TPM	MYCN	0.0
MA0892.1*TPM	GSX1	0.0
MA0465.1*TPM	CDX2	0.0
MA0889.1*TPM	GBX1	0.0
MA0888.1*TPM	EVX2	0.0
MA0077.1*TPM	SOX9	0.0
MA1115.1*TPM	POU5F1	0.0
MA0886.1*TPM	EMX2	0.0
MA0072.1*TPM	RORA(var.2)	0.0
MA0032.1*TPM	FOXC1	0.0
MA0032.2*TPM	FOXC1	0.0
MA0036.1*TPM	GATA2	0.0
MA0037.1*TPM	GATA3	0.0
MA0042.1*TPM	FOXI1	0.0
MA0042.2*TPM	FOXI1	0.0
MA0046.2*TPM	HNF1A	0.0
MA1419.1*TPM	IRF4	0.0
MA0056.1*TPM	MZF1	0.0
MA1151.1*TPM	RORC	0.0
MA1150.1*TPM	RORB	0.0
MA0068.2*TPM	PAX4	0.0
MA1146.1*TPM	NR1A4::RXRA	0.0
MA1119.1*TPM	SIX2	0.0
MA0071.1*TPM	RORA	0.0
MA0887.1*TPM	EVX1	0.0
MA0891.1*TPM	GSC2	0.0
MA0884.1*TPM	DUXA	0.0
MA0873.1*TPM	HOXD12	0.0
MA0855.1*TPM	RXRB	0.0
MA0882.1*TPM	DLX6	0.0
MA0153.1*TPM	HNF1B	0.0
MA0827.1*TPM	OLIG3	0.0
MA0153.2*TPM	HNF1B	0.0
MA0155.1*TPM	INSM1	0.0
MA0826.1*TPM	OLIG1	0.0
MA0824.1*TPM	ID4	0.0
MA0821.1*TPM	HES5	0.0
MA0158.1*TPM	HOXA5	0.0
MA0161.1*TPM	NFIC	0.0
MA0820.1*TPM	FIGLA	0.0
MA0442.1*TPM	SOX10	0.0
MA0818.1*TPM	BHLHE22	0.0
MA0442.2*TPM	SOX10	0.0
MA0856.1*TPM	RXRG	0.0
MA0845.1*TPM	FOXB1	0.0
MA0136.2*TPM	ELF5	0.0
MA0875.1*TPM	BARX1	0.0
MA0130.1*TPM	ZNF354C	0.0
MA0132.2*TPM	PDX1	0.0
MA0878.1*TPM	CDX1	0.0
MA0876.1*TPM	BSX	0.0
MA0700.1*TPM	LHX2	0.0
MA0830.1*TPM	TCF4	-0.000133645025613
MA0830.1	TCF4	-0.000133645025613
MA0673.1	NKX2-8	-0.000133824708387
MA0095.2	YY1	-0.000159411559026
MA0095.2*TPM	YY1	-0.000159411559026
MA0113.3*TPM	NR3C1	-0.000160813289909
MA0113.3	NR3C1	-0.000160813289909
MA0663.1*TPM	MLX	-0.000365925403754
MA0663.1	MLX	-0.000365925403755
MA0083.3*TPM	SRF	-0.000412291652284
MA0083.3	SRF	-0.000412291652284
MA1119.1	SIX2	-0.000572514948777
MA0475.2	FLI1	-0.000734105484662
MA0475.2*TPM	FLI1	-0.000734105484664
MA0495.1*TPM	MAFF	-0.000775114473402
MA0495.1	MAFF	-0.000775114473402
MA0145.3	TFCP2	-0.000893267181927
MA0145.3*TPM	TFCP2	-0.000893267181929
MA0115.1*TPM	NR1H2::RXRA	-0.00104241070562
MA0115.1	NR1H2::RXRA	-0.00104241070562
MA0642.1	EN2	-0.0010722433843
MA0642.1*TPM	EN2	-0.0010722433843
MA0855.1	RXRB	-0.00108776701723
MA0048.2	NHLH1	-0.00160246015572
MA0048.2*TPM	NHLH1	-0.00160246015572
MA0801.1*TPM	MGA	-0.00163244610799
MA0801.1	MGA	-0.00163244610799
MA0017.2	NR2F1	-0.00199330549334
MA0526.2*TPM	USF2	-0.00206154890133
MA0526.2	USF2	-0.00206154890133
MA0083.1	SRF	-0.00229835623604
MA0083.1*TPM	SRF	-0.00229835623604
MA1150.1	RORB	-0.00245762081471
MA0508.2*TPM	PRDM1	-0.00247494975228
MA0508.2	PRDM1	-0.00247494975229
MA0834.1*TPM	ATF7	-0.00261086820298
MA0834.1	ATF7	-0.00261086820298
MA0690.1*TPM	TBX21	-0.00264192842902
MA0690.1	TBX21	-0.00264192842903
MA1142.1	FOSL1::JUND	-0.00289330312672
MA1142.1*TPM	FOSL1::JUND	-0.00289330312672
MA1108.1	MXI1	-0.00293933474372
MA1108.1*TPM	MXI1	-0.00293933474372
MA0466.2*TPM	CEBPB	-0.00294488674156
MA0466.2	CEBPB	-0.00294488674158
MA1148.1	PPARA::RXRA	-0.00295493107509
MA1148.1*TPM	PPARA::RXRA	-0.00295493107509
MA0105.4*TPM	NFKB1	-0.00298749409252
MA0105.4	NFKB1	-0.00298749409252
MA1120.1*TPM	SOX13	-0.0029884470678
MA1120.1	SOX13	-0.00298844706781
MA0803.1	TBX15	-0.0030141193601
MA0803.1*TPM	TBX15	-0.00301411936011
MA0731.1*TPM	BCL6B	-0.00314346027592
MA0731.1	BCL6B	-0.00314346027592
MA1112.1*TPM	NR4A1	-0.00330325508889
MA1112.1	NR4A1	-0.0033032550889
MA0684.1*TPM	RUNX3	-0.003379913262
MA0684.1	RUNX3	-0.003379913262
MA0836.1*TPM	CEBPD	-0.00338317713255
MA0836.1	CEBPD	-0.00338317713256
MA0481.2	FOXP1	-0.00347891215663
MA0481.2*TPM	FOXP1	-0.00347891215664
MA1127.1*TPM	FOSB::JUN	-0.00363381931106
MA1127.1	FOSB::JUN	-0.00363381931107
MA0822.1	HES7	-0.00365822974703
MA0822.1*TPM	HES7	-0.00365822974704
MA0595.1*TPM	SREBF1	-0.00371034638892
MA0595.1	SREBF1	-0.00371034638893
MA0103.2	ZEB1	-0.00393273775039
MA0103.2*TPM	ZEB1	-0.00393273775039
MA0489.1*TPM	JUN(var.2)	-0.00399389615656
MA0489.1	JUN(var.2)	-0.00399389615657
MA0719.1	RHOXF1	-0.00411691609023
MA0719.1*TPM	RHOXF1	-0.00411691609023
MA0903.1*TPM	HOXB3	-0.00434418804227
MA0903.1	HOXB3	-0.00434418804229
MA0613.1*TPM	FOXG1	-0.004379863859
MA0613.1	FOXG1	-0.004379863859
MA0526.1	USF2	-0.00444760068
MA0526.1*TPM	USF2	-0.00444760068001
MA1143.1	FOSL1::JUND(var.2)	-0.00457473601507
MA1143.1*TPM	FOSL1::JUND(var.2)	-0.00457473601507
MA0886.1	EMX2	-0.00485196979464
MA0144.2*TPM	STAT3	-0.00487246716133
MA0144.2	STAT3	-0.00487246716133
MA0058.2*TPM	MAX	-0.00490521741167
MA0058.2	MAX	-0.00490521741169
MA0888.1	EVX2	-0.00497573784165
MA0106.3	TP53	-0.00504716727127
MA0106.3*TPM	TP53	-0.00504716727129
MA0826.1	OLIG1	-0.00517716376527
MA0871.1*TPM	TFEC	-0.00518107770703
MA0871.1	TFEC	-0.00518107770703
MA0058.3*TPM	MAX	-0.00551445934296
MA0058.3	MAX	-0.00551445934297
MA0105.1*TPM	NFKB1	-0.00557427740162
MA0105.1	NFKB1	-0.00557427740164
MA0478.1	FOSL2	-0.00558755103382
MA0478.1*TPM	FOSL2	-0.00558755103382
MA0525.2	TP63	-0.00560676904671
MA0525.2*TPM	TP63	-0.00560676904673
MA0491.1*TPM	JUND	-0.00566885161325
MA0491.1	JUND	-0.00566885161326
MA1129.1	FOSL1::JUN(var.2)	-0.00571494654065
MA1129.1*TPM	FOSL1::JUN(var.2)	-0.00571494654066
MA0796.1*TPM	TGIF1	-0.00580508840194
MA0796.1	TGIF1	-0.00580508840196
MA1136.1*TPM	FOSB::JUNB(var.2)	-0.00588735153435
MA1136.1	FOSB::JUNB(var.2)	-0.00588735153437
MA1105.1	GRHL2	-0.00589100245618
MA0835.1	BATF3	-0.00596034756139
MA0835.1*TPM	BATF3	-0.0059603475614
MA0647.1*TPM	GRHL1	-0.00603191483414
MA0647.1	GRHL1	-0.00603191483416
MA0083.2*TPM	SRF	-0.0063108576956
MA0083.2	SRF	-0.00631085769561
MA0754.1	CUX1	-0.00635559665965
MA0754.1*TPM	CUX1	-0.00635559665967
MA0867.1	SOX4	-0.00641350046473
MA0867.1*TPM	SOX4	-0.00641350046474
MA1128.1*TPM	FOSL1::JUN	-0.00645067829061
MA1128.1	FOSL1::JUN	-0.00645067829062
MA1155.1	ZSCAN4	-0.00648888327038
MA1155.1*TPM	ZSCAN4	-0.00648888327038
MA0639.1*TPM	DBP	-0.00661162640681
MA0639.1	DBP	-0.00661162640681
MA0761.1	ETV1	-0.00661389199846
MA0761.1*TPM	ETV1	-0.00661389199847
MA0864.1	E2F2	-0.00671157613939
MA0864.1*TPM	E2F2	-0.0067115761394
MA0680.1	PAX7	-0.0068562724478
MA1132.1*TPM	JUN::JUNB	-0.00701440292409
MA1132.1	JUN::JUNB	-0.00701440292411
MA0900.1	HOXA2	-0.00705261323137
MA0073.1*TPM	RREB1	-0.00709008265794
MA0073.1	RREB1	-0.00709008265794
MA0908.1	HOXD11	-0.00721071364739
MA0148.3*TPM	FOXA1	-0.00734503631167
MA0148.3	FOXA1	-0.00734503631168
MA0895.1*TPM	HMBOX1	-0.007613346888
MA0895.1	HMBOX1	-0.00761334688803
MA0726.1	VSX2	-0.0076179345651
MA0725.1	VSX1	-0.0076179345651
MA0725.1*TPM	VSX1	-0.00761793456513
MA0726.1*TPM	VSX2	-0.00761793456513
MA0258.1	ESR2	-0.0077238469268
MA0258.1*TPM	ESR2	-0.0077238469268
MA0901.1	HOXB13	-0.00772948410033
MA0901.1*TPM	HOXB13	-0.00772948410034
MA0702.1	LMX1A	-0.00781693940494
MA0703.1	LMX1B	-0.00781693940494
MA0640.1	ELF3	-0.00800084722175
MA0640.1*TPM	ELF3	-0.00800084722175
MA0892.1	GSX1	-0.00810669186302
MA0148.2*TPM	FOXA1	-0.00833666456843
MA0148.2	FOXA1	-0.00833666456844
MA0649.1	HEY2	-0.00836706234862
MA0157.2*TPM	FOXO3	-0.00880949995841
MA0157.2	FOXO3	-0.00880949995842
MA0141.3*TPM	ESRRB	-0.00913943434502
MA0141.3	ESRRB	-0.00913943434503
MA0758.1*TPM	E2F7	-0.00931619909641
MA0758.1	E2F7	-0.00931619909643
MA1421.1*TPM	TCF7L1	-0.00945415095155
MA1421.1	TCF7L1	-0.00945415095156
MA0861.1*TPM	TP73	-0.00948459542708
MA0861.1	TP73	-0.00948459542709
MA0091.1	TAL1::TCF3	-0.00951412918514
MA0091.1*TPM	TAL1::TCF3	-0.00951412918517
MA0069.1*TPM	Pax6	-0.00955428651066
MA0069.1	Pax6	-0.00955428651068
MA0762.1	ETV2	-0.00970611548517
MA0762.1*TPM	ETV2	-0.00970611548517
MA0876.1	BSX	-0.00987031529575
MA0723.1	VAX2	-0.0100149823214
MA0738.1	HIC2	-0.0102951460838
MA0738.1*TPM	HIC2	-0.0102951460838
MA0113.1	NR3C1	-0.0103219193748
MA0113.1*TPM	NR3C1	-0.0103219193748
MA0018.3	CREB1	-0.0104547614782
MA0018.3*TPM	CREB1	-0.0104547614783
MA0090.2*TPM	TEAD1	-0.0108778743282
MA0090.2	TEAD1	-0.0108778743282
MA1139.1*TPM	FOSL2::JUNB(var.2)	-0.0109234153048
MA1139.1	FOSL2::JUNB(var.2)	-0.0109234153048
MA0687.1	SPIC	-0.0109987630622
MA1113.1	PBX2	-0.0110918684671
MA0811.1	TFAP2B	-0.0111594658685
MA0517.1*TPM	STAT1::STAT2	-0.0111687408447
MA0517.1	STAT1::STAT2	-0.0111687408447
MA0508.1*TPM	PRDM1	-0.0111936601625
MA0508.1	PRDM1	-0.0111936601625
MA0824.1	ID4	-0.0112104123274
MA0722.1	VAX1	-0.0113569597844
MA0498.2	MEIS1	-0.0114555801668
MA0498.2*TPM	MEIS1	-0.0114555801668
MA0492.1*TPM	JUND(var.2)	-0.0114648549399
MA0492.1	JUND(var.2)	-0.0114648549399
MA0887.1	EVX1	-0.011573701468
MA0523.1*TPM	TCF7L2	-0.0116226389279
MA0523.1	TCF7L2	-0.0116226389279
MA0755.1	CUX2	-0.0116304773264
MA0782.1	PKNOX1	-0.0117615355508
MA0782.1*TPM	PKNOX1	-0.0117615355508
MA0071.1	RORA	-0.0117676350714
MA0780.1*TPM	PAX3	-0.011870743946
MA0780.1	PAX3	-0.011870743946
MA0628.1	POU6F1	-0.0120016490174
MA0628.1*TPM	POU6F1	-0.0120016490175
MA0793.1*TPM	POU6F2	-0.012215497528
MA0793.1	POU6F2	-0.012215497528
MA0502.1	NFYB	-0.0129986286645
MA0502.1*TPM	NFYB	-0.0129986286646
MA0102.3*TPM	CEBPA	-0.0130819414844
MA0102.3	CEBPA	-0.0130819414844
MA1103.1*TPM	FOXK2	-0.0135502033179
MA1103.1	FOXK2	-0.0135502033179
MA0157.1*TPM	FOXO3	-0.0140333565823
MA0157.1	FOXO3	-0.0140333565824
MA0724.1*TPM	VENTX	-0.0140788577364
MA0724.1	VENTX	-0.0140788577364
MA0476.1	FOS	-0.0141060699754
MA0476.1*TPM	FOS	-0.0141060699755
MA0778.1*TPM	NFKB2	-0.0145035180454
MA0778.1	NFKB2	-0.0145035180454
MA0773.1	MEF2D	-0.0145287636795
MA0773.1*TPM	MEF2D	-0.0145287636795
MA0831.1*TPM	TFE3	-0.0150129651244
MA0831.1	TFE3	-0.0150129651244
MA0462.1	BATF::JUN	-0.015025803243
MA0462.1*TPM	BATF::JUN	-0.0150258032431
MA0909.1	HOXD13	-0.0151704470302
MA0770.1	HSF2	-0.0151768900437
MA0770.1*TPM	HSF2	-0.0151768900438
MA0907.1*TPM	HOXC13	-0.0154363627908
MA0907.1	HOXC13	-0.0154363627909
MA0766.1*TPM	GATA5	-0.0156068803341
MA0766.1	GATA5	-0.0156068803341
MA0906.1*TPM	HOXC12	-0.0159841063001
MA0906.1	HOXC12	-0.0159841063001
MA0496.1*TPM	MAFK	-0.0160660310147
MA0496.1	MAFK	-0.0160660310147
MA0052.1	MEF2A	-0.0160979928466
MA0052.1*TPM	MEF2A	-0.0160979928466
MA0030.1	FOXF2	-0.0161620863546
MA0753.1*TPM	ZNF740	-0.0161726714543
MA0753.1	ZNF740	-0.0161726714543
MA0746.1	SP3	-0.0164101870662
MA0746.1*TPM	SP3	-0.0164101870663
MA0688.1	TBX2	-0.0164269641739
MA0733.1	EGR4	-0.0164523072741
MA0856.1	RXRG	-0.0167973793184
MA0714.1*TPM	PITX3	-0.0171202395652
MA0714.1	PITX3	-0.0171202395652
MA0846.1*TPM	FOXC2	-0.0171331705987
MA0846.1	FOXC2	-0.0171331705988
MA0708.1	MSX2	-0.0175584649382
MA0800.1	EOMES	-0.0176162627553
MA1111.1	NR2F2	-0.0176382442107
MA1111.1*TPM	NR2F2	-0.0176382442108
MA1115.1	POU5F1	-0.0179475197736
MA0809.1*TPM	TEAD4	-0.0179863093859
MA0809.1	TEAD4	-0.0179863093859
MA0653.1	IRF9	-0.0180202711175
MA0891.1	GSC2	-0.0180331248083
MA0052.2*TPM	MEF2A	-0.0180508683024
MA0052.2	MEF2A	-0.0180508683024
MA0882.1	DLX6	-0.0180510479513
MA0670.1	NFIA	-0.0187656302215
MA0670.1*TPM	NFIA	-0.0187656302215
MA1138.1*TPM	FOSL2::JUNB	-0.0189569430307
MA1138.1	FOSL2::JUNB	-0.0189569430307
MA0132.2	PDX1	-0.018961993131
MA0828.1*TPM	SREBF2(var.2)	-0.0189926088364
MA0828.1	SREBF2(var.2)	-0.0189926088365
MA1152.1*TPM	SOX15	-0.0190865886023
MA1152.1	SOX15	-0.0190865886023
MA0893.1	GSX2	-0.0193467203099
MA0804.1	TBX19	-0.0197059484416
MA0804.1*TPM	TBX19	-0.0197059484417
MA0070.1	PBX1	-0.0197064065205
MA0070.1*TPM	PBX1	-0.0197064065206
MA0679.1	ONECUT1	-0.019917841983
MA0679.1*TPM	ONECUT1	-0.019917841983
MA0768.1*TPM	LEF1	-0.0199672532544
MA0768.1	LEF1	-0.0199672532545
MA0600.2*TPM	RFX2	-0.0202629651044
MA0600.2	RFX2	-0.0202629651045
MA0791.1	POU4F3	-0.0203293271655
MA0791.1*TPM	POU4F3	-0.0203293271655
MA0522.2*TPM	TCF3	-0.0206586161058
MA0522.2	TCF3	-0.0206586161058
MA0756.1*TPM	ONECUT2	-0.0207453281829
MA0756.1	ONECUT2	-0.020745328183
MA0637.1	CENPB	-0.0208731855513
MA0637.1*TPM	CENPB	-0.0208731855513
MA0655.1	JDP2	-0.0210568598442
MA0655.1*TPM	JDP2	-0.0210568598442
MA0667.1	MYF6	-0.0215382342922
MA0634.1	ALX3	-0.0219274824338
MA0634.1*TPM	ALX3	-0.0219274824339
MA0002.1*TPM	RUNX1	-0.0219690428117
MA0002.1	RUNX1	-0.0219690428117
MA0122.2	NKX3-2	-0.0221330171535
MA0122.2*TPM	NKX3-2	-0.0221330171535
MA0889.1	GBX1	-0.022230327829
MA0752.1	ZNF410	-0.0224420221492
MA0752.1*TPM	ZNF410	-0.0224420221492
MA0050.1*TPM	IRF1	-0.0224868552713
MA0050.1	IRF1	-0.0224868552713
MA0158.1	HOXA5	-0.0228493149615
MA0635.1	BARHL2	-0.0228970007171
MA0635.1*TPM	BARHL2	-0.0228970007172
MA0706.1	MEOX2	-0.0231404934382
MA0825.1*TPM	MNT	-0.0231891279417
MA0825.1	MNT	-0.0231891279417
MA0674.1	NKX6-1	-0.0235569646827
MA0465.1	CDX2	-0.023816727936
MA0784.1	POU1F1	-0.0240405156116
MA0905.1	HOXC10	-0.0240519936175
MA0905.1*TPM	HOXC10	-0.0240519936176
MA0775.1	MEIS3	-0.0242200966704
MA0775.1*TPM	MEIS3	-0.0242200966704
MA0878.1	CDX1	-0.0242427603856
MA0678.1	OLIG2	-0.0246909586754
MA0689.1	TBX20	-0.0258902535097
MA0479.1*TPM	FOXH1	-0.0262094012094
MA0479.1	FOXH1	-0.0262094012095
MA0759.1	ELK3	-0.0263479259563
MA0759.1*TPM	ELK3	-0.0263479259563
MA0112.3*TPM	ESR1	-0.0269134572162
MA0112.3	ESR1	-0.0269134572162
MA0495.2	MAFF	-0.0270410914832
MA0495.2*TPM	MAFF	-0.0270410914832
MA0466.1*TPM	CEBPB	-0.0273584253235
MA0466.1	CEBPB	-0.0273584253236
MA0037.2*TPM	GATA3	-0.0273975781295
MA0037.2	GATA3	-0.0273975781295
MA0712.1	OTX2	-0.0277859780588
MA1124.1	ZNF24	-0.027953859055
MA1124.1*TPM	ZNF24	-0.027953859055
MA0875.1	BARX1	-0.0283126934666
MA0866.1*TPM	SOX21	-0.0283884821992
MA0866.1	SOX21	-0.0283884821992
MA0786.1	POU3F1	-0.0287335274764
MA0786.1*TPM	POU3F1	-0.0287335274764
MA0152.1*TPM	NFATC2	-0.0300343188097
MA0152.1	NFATC2	-0.0300343188098
MA0757.1	ONECUT3	-0.0301161404464
MA0757.1*TPM	ONECUT3	-0.0301161404465
MA0625.1*TPM	NFATC3	-0.030309876409
MA0625.1	NFATC3	-0.0303098764091
MA0693.2	VDR	-0.0309400835487
MA0693.2*TPM	VDR	-0.0309400835487
MA0683.1	POU4F2	-0.0312801307785
MA0683.1*TPM	POU4F2	-0.0312801307787
MA0817.1	BHLHE23	-0.0330439078445
MA0707.1*TPM	MNX1	-0.0332974190183
MA0707.1	MNX1	-0.0332974190183
MA0745.1	SNAI2	-0.0344561701543
MA0072.1	RORA(var.2)	-0.0346563535098
MA0077.1	SOX9	-0.0346696086869
MA0050.2*TPM	IRF1	-0.0348198975853
MA0050.2	IRF1	-0.0348198975853
MA0442.2	SOX10	-0.0358815427901
MA0137.3	STAT1	-0.0360949100623
MA0137.3*TPM	STAT1	-0.0360949100624
MA0790.1	POU4F1	-0.0365658355132
MA0790.1*TPM	POU4F1	-0.0365658355133
MA0868.1*TPM	SOX8	-0.0369980762502
MA0868.1	SOX8	-0.0369980762502
MA0025.1*TPM	NFIL3	-0.0374993850507
MA0025.1	NFIL3	-0.0374993850507
MA0593.1	FOXP2	-0.0376257166069
MA0827.1	OLIG3	-0.0389109211754
MA0507.1	POU2F2	-0.0402278679044
MA0507.1*TPM	POU2F2	-0.0402278679045
MA0899.1	HOXA10	-0.0412661009234
MA0718.1	RAX	-0.041902523153
MA0772.1	IRF7	-0.0431020832534
MA0052.3*TPM	MEF2A	-0.0437664870682
MA0052.3	MEF2A	-0.0437664870684
MA0486.2	HSF1	-0.0439126530673
MA0153.2	HNF1B	-0.0459646669021
MA0032.2	FOXC1	-0.0485595209327
MA0124.1*TPM	NKX3-1	-0.0490785864359
MA0124.1	NKX3-1	-0.0490785864359
MA0528.1*TPM	ZNF263	-0.0500098319396
MA0528.1	ZNF263	-0.0500098319396
MA0156.1*TPM	FEV	-0.0512281064217
MA0156.1	FEV	-0.0512281064219
MA0153.1	HNF1B	-0.0561731371609
MA0814.1	TFAP2C(var.2)	-0.0625708153487
MA0084.1	SRY	-0.0631585843992
MA0497.1	MEF2C	-0.0652579705111
MA0497.1*TPM	MEF2C	-0.0652579705111
MA0713.1	PHOX2A	-0.0659062556004
MA0650.1	HOXA13	-0.0701419607697
MA0033.1*TPM	FOXL1	-0.0702690727046
MA0033.1	FOXL1	-0.0702690727046
MA0468.1	DUX4	-0.0756793206833
MA0042.1	FOXI1	-0.0811344456629
MA0788.1	POU3F3	-0.0829767981828
MA0845.1	FOXB1	-0.0860376184272
MA0610.1	DMRT3	-0.0867270684695
MA0715.1	PROP1	-0.0884403344178
MA1125.1*TPM	ZNF384	-0.136208623535
MA1125.1	ZNF384	-0.136208623535
