MA0139.1	CTCF	23.7432265149
MA0147.3	MYC	13.6963012935
MA0751.1	ZIC4	12.6528903954
MA0516.1	SP2	11.4044915584
MA0104.4	MYCN	9.57593797833
MA1100.1	ASCL1	9.30159322894
MA0685.1	SP4	8.97873711404
MA0636.1	BHLHE41	8.56379901956
MA0599.1	KLF5	8.45722437027
MA0014.3	PAX5	8.26432849587
MA0810.1	TFAP2A(var.2)	7.41345454114
MA0003.1	TFAP2A	7.35243957308
MA0651.1	HOXC11	6.61181778472
MA0076.1*TPM	ELK4	6.57472443982
MA0748.1	YY2	6.31216928886
MA0732.1	EGR3	6.2722562361
MA0710.1	NOTO	6.20761827485
MA0119.1	NFIC::TLX1	6.14814176169
MA0781.1	PAX9	6.11914114246
MA0112.2	ESR1	5.87945251686
MA0661.1	MEOX1	5.59878694846
MA0525.1	TP63	5.37115641456
MA0474.2	ERG	5.28144201358
MA0695.1	ZBTB7C	4.96934179086
MA0138.1	REST	4.86260870759
MA0138.2	REST	4.81951616345
MA0524.1	TFAP2C	4.7382002659
MA0890.1	GBX2	4.72265216633
MA1101.1	BACH2	4.56667084715
MA0065.1	PPARG::RXRA	4.48516969915
MA0003.3	TFAP2A	4.37564268589
MA1145.1	FOSL2::JUND(var.2)	4.34596334192
MA0644.1	ESX1	4.16464889695
MA1134.1*TPM	FOS::JUNB	4.16276530779
MA0781.1*TPM	PAX9	4.16101597687
MA0103.3*TPM	ZEB1	4.1445001062
MA0799.1	RFX4	4.13392622698
MA0524.2	TFAP2C	4.125667379
MA0258.2	ESR2	4.09538889935
MA0506.1*TPM	NRF1	4.07722397549
MA0048.1*TPM	NHLH1	3.90795919978
MA0740.1	KLF14	3.87337488471
MA0873.1	HOXD12	3.8125863507
MA0872.1	TFAP2A(var.3)	3.75049266328
MA0649.1	HEY2	3.7392359112
MA0481.2	FOXP1	3.73872698906
MA0648.1	GSC	3.68509449365
MA0711.1*TPM	OTX1	3.63450490991
MA0101.1	REL	3.61632526145
MA0472.2	EGR2	3.61447651103
MA0099.3*TPM	FOS::JUN	3.61257487546
MA0748.1*TPM	YY2	3.53481480176
MA0598.1	EHF	3.52134890296
MA0112.1	ESR1	3.44846024576
MA0822.1	HES7	3.44616580463
MA1133.1*TPM	JUN::JUNB(var.2)	3.44316726078
MA0657.1	KLF13	3.37259393475
MA0032.1	FOXC1	3.35096212722
MA0024.2*TPM	E2F1	3.32266688138
MA0163.1	PLAG1	3.31436246024
MA1130.1	FOSL2::JUN	3.20999226353
MA0511.2	RUNX2	3.20780592049
MA1114.1	PBX3	3.12418441223
MA0014.2	PAX5	3.04037371575
MA0098.3*TPM	ETS1	3.01756667863
MA0076.1	ELK4	2.98851110901
MA0475.1	FLI1	2.98337837087
MA0671.1*TPM	NFIX	2.9663788379
MA0818.1	BHLHE22	2.88142307057
MA0672.1	NKX2-3	2.86150464863
MA0018.1*TPM	CREB1	2.85011297146
MA0783.1	PKNOX2	2.83385871765
MA0048.1	NHLH1	2.8318544926
MA0024.1*TPM	E2F1	2.79917201313
MA0750.2*TPM	ZBTB7A	2.72208471737
MA0736.1	GLIS2	2.68646073885
MA0813.1	TFAP2B(var.3)	2.67049268547
MA1114.1*TPM	PBX3	2.65555675039
MA1102.1*TPM	CTCFL	2.63019545386
MA0734.1	GLI2	2.4561158601
MA0807.1	TBX5	2.39009735465
MA0727.1	NR3C2	2.37852962004
MA0103.3	ZEB1	2.35482960579
MA1141.1*TPM	FOS::JUND	2.34890431708
MA0496.2*TPM	MAFK	2.32581676262
MA0114.2	HNF4A	2.32087404139
MA1144.1	FOSL2::JUND	2.30604912152
MA0105.2*TPM	NFKB1	2.30601201669
MA0024.3*TPM	E2F1	2.29057624446
MA0668.1	NEUROD2	2.28323060183
MA0735.1	GLIS1	2.26963252592
MA0812.1	TFAP2B(var.2)	2.2455556432
MA0106.3	TP53	2.18643582439
MA0039.3	KLF4	2.16868998281
MA0155.1	INSM1	2.14223942892
MA0679.1	ONECUT1	2.1368098334
MA0900.1	HOXA2	2.11929042244
MA1109.1	NEUROD1	2.10006109625
MA0765.1*TPM	ETV5	2.07045271704
MA0669.1	NEUROG2	2.06331781746
MA1101.1*TPM	BACH2	2.05500188122
MA0525.1*TPM	TP63	2.04103943753
MA0798.1*TPM	RFX3	2.03324924956
MA0504.1*TPM	NR2C2	2.01601959176
MA0645.1*TPM	ETV6	2.00899810215
MA0027.2*TPM	EN1	1.96694045025
MA1145.1*TPM	FOSL2::JUND(var.2)	1.95568350386
MA0017.1	NR2F1	1.951185157
MA0527.1*TPM	ZBTB33	1.91956412691
MA0028.1*TPM	ELK1	1.89540280321
MA1146.1	NR1A4::RXRA	1.87308020835
MA0163.1*TPM	PLAG1	1.82289935313
MA1122.1*TPM	TFDP1	1.81530302869
MA0699.1*TPM	LBX2	1.81367115071
MA0834.1*TPM	ATF7	1.80566631324
MA0473.1	ELF1	1.78947664775
MA0154.2	EBF1	1.78651284598
MA0162.3*TPM	EGR1	1.78077648684
MA1107.1*TPM	KLF9	1.75307458011
MA0750.1*TPM	ZBTB7A	1.73630499307
MA0131.1*TPM	HINFP	1.67477424346
MA0470.1*TPM	E2F4	1.65148302976
MA1108.1*TPM	MXI1	1.64666263201
MA0136.2	ELF5	1.64530785791
MA0662.1	MIXL1	1.64528548592
MA0258.2*TPM	ESR2	1.63815555974
MA0810.1*TPM	TFAP2A(var.2)	1.63095999905
MA0711.1	OTX1	1.62982282956
MA0510.1*TPM	RFX5	1.62892017092
MA0003.1*TPM	TFAP2A	1.61753670608
MA1420.1	IRF5	1.60211146292
MA0597.1*TPM	THAP1	1.58281549406
MA0149.1*TPM	EWSR1-FLI1	1.53177115655
MA0599.1*TPM	KLF5	1.52230038665
MA1140.1*TPM	JUNB(var.2)	1.51530172221
MA1106.1*TPM	HIF1A	1.51512205639
MA0808.1	TEAD3	1.49947266942
MA0031.1	FOXD1	1.49546252767
MA0478.1	FOSL2	1.49500556656
MA0068.2	PAX4	1.44958740752
MA1130.1*TPM	FOSL2::JUN	1.44449651859
MA0060.1*TPM	NFYA	1.43236346011
MA0162.2*TPM	EGR1	1.42399334045
MA0774.1*TPM	MEIS2	1.41809946406
MA0511.1	RUNX2	1.41246612948
MA0612.1	EMX1	1.40035250212
MA0099.2*TPM	FOS::JUN	1.39706044018
MA0160.1*TPM	NR4A2	1.38435084164
MA0700.1	LHX2	1.37814661417
MA0805.1	TBX1	1.37020214485
MA0806.1	TBX4	1.37020214485
MA1123.1	TWIST1	1.36147243164
MA0477.1*TPM	FOSL1	1.35076903795
MA0600.1*TPM	RFX2	1.34714250025
MA0708.1	MSX2	1.33295118774
MA0079.2*TPM	SP1	1.32920657386
MA0140.2*TPM	GATA1::TAL1	1.32225327938
MA0058.1*TPM	MAX	1.31999380143
MA1149.1*TPM	RARA::RXRG	1.31524656603
MA0797.1*TPM	TGIF2	1.31177407546
MA0639.1*TPM	DBP	1.28773018346
MA0741.1*TPM	KLF16	1.28639986724
MA0802.1	TBR1	1.28378858232
MA0686.1	SPDEF	1.27736511583
MA0137.2*TPM	STAT1	1.26407418594
MA0823.1*TPM	HEY1	1.26119211953
MA0491.1*TPM	JUND	1.25559974049
MA0691.1*TPM	TFAP4	1.25467924788
MA0154.3	EBF1	1.24749491708
MA0798.1	RFX3	1.24739217764
MA0842.1	NRL	1.23034074537
MA0841.1*TPM	NFE2	1.22482128676
MA0842.1*TPM	NRL	1.21803733792
MA0079.1*TPM	SP1	1.21510284913
MA0131.2*TPM	HINFP	1.20595756587
MA0161.2	NFIC	1.19381092733
MA0592.1*TPM	ESRRA	1.1895974218
MA0697.1	ZIC3	1.17036738606
MA0844.1*TPM	XBP1	1.16619660405
MA0160.1	NR4A2	1.16332003499
MA0822.1*TPM	HES7	1.13723471553
MA0100.3*TPM	MYB	1.13350091504
MA0028.2*TPM	ELK1	1.1314692558
MA0513.1*TPM	SMAD2::SMAD3::SMAD4	1.12303385285
MA0062.1*TPM	GABPA	1.12087882877
MA0522.2*TPM	TCF3	1.1131026732
MA0833.1*TPM	ATF4	1.09126426185
MA0066.1	PPARG	1.06605302645
MA0060.2*TPM	NFYA	1.05739993733
MA1144.1*TPM	FOSL2::JUND	1.03772210469
MA0886.1	EMX2	1.03765155936
MA0646.1	GCM1	1.03671390579
MA0150.1*TPM	NFE2L2	1.03618697509
MA0749.1*TPM	ZBED1	1.03547687856
MA0471.1*TPM	E2F6	1.03341722203
MA1116.1*TPM	RBPJ	1.02830086624
MA0098.3	ETS1	1.02638322402
MA0839.1*TPM	CREB3L1	1.01816582166
MA0776.1	MYBL1	1.00376480603
MA0027.2	EN1	0.998446929064
MA0656.1*TPM	JDP2(var.2)	0.994737650919
MA0641.1*TPM	ELF4	0.988685633494
MA0037.3	GATA3	0.983677866507
MA0766.1	GATA5	0.979574397222
MA0484.1	HNF4G	0.976546336197
MA0003.3*TPM	TFAP2A	0.962641390897
MA0795.1*TPM	SMAD3	0.956469058524
MA0490.1*TPM	JUNB	0.946741146906
MA0855.1	RXRB	0.94492378582
MA0730.1*TPM	RARA(var.2)	0.939841064007
MA0093.2*TPM	USF1	0.926190874888
MA0106.1	TP53	0.909444742686
MA0526.2*TPM	USF2	0.903760678925
MA0469.2*TPM	E2F3	0.899337947657
MA0036.3*TPM	GATA2	0.892837212768
MA0692.1*TPM	TFEB	0.888694138349
MA0751.1*TPM	ZIC4	0.885702327677
MA1134.1	FOS::JUNB	0.876371643744
MA0466.2*TPM	CEBPB	0.876105554995
MA0863.1*TPM	MTF1	0.870723266864
MA0837.1	CEBPE	0.863626999556
MA0613.1	FOXG1	0.853345265481
MA0153.2	HNF1B	0.847942939875
MA0777.1*TPM	MYBL2	0.838523355961
MA0528.1*TPM	ZNF263	0.836345163773
MA1151.1	RORC	0.830448198813
MA0872.1*TPM	TFAP2A(var.3)	0.825108385922
MA0826.1	OLIG1	0.810889693326
MA0671.1	NFIX	0.808277612506
MA0699.1	LBX2	0.806076066983
MA0744.1	SCRT2	0.805062736839
MA0890.1*TPM	GBX2	0.802850868276
MA0099.3	FOS::JUN	0.760542079045
MA0659.1*TPM	MAFG	0.746040457556
MA0831.1*TPM	TFE3	0.741683383228
MA0779.1	PAX1	0.740672668054
MA0510.2*TPM	RFX5	0.738832684628
MA1121.1*TPM	TEAD2	0.735280260051
MA0496.2	MAFK	0.731388919064
MA0091.1*TPM	TAL1::TCF3	0.72671491197
MA1133.1	JUN::JUNB(var.2)	0.726406595102
MA0159.1*TPM	RARA::RXRA	0.718032651597
MA0088.2*TPM	ZNF143	0.715205123216
MA0059.1*TPM	MAX::MYC	0.707438231088
MA0501.1	MAF::NFE2	0.700589776165
MA0663.1*TPM	MLX	0.697191850248
MA0079.3*TPM	SP1	0.693969926128
MA0495.1*TPM	MAFF	0.688881917086
MA0080.2*TPM	SPI1	0.687503651833
MA0596.1*TPM	SREBF2	0.677033416919
MA0478.1*TPM	FOSL2	0.672752504953
MA0018.2*TPM	CREB1	0.663515391667
MA0073.1*TPM	RREB1	0.660283564729
MA0889.1	GBX1	0.652429949349
MA0107.1*TPM	RELA	0.644424083683
MA0007.2	AR	0.639065477736
MA0763.1*TPM	ETV3	0.637726820446
MA0058.3*TPM	MAX	0.618570666428
MA0767.1	GCM2	0.617254781636
MA0105.1*TPM	NFKB1	0.608140807786
MA0620.2	MITF	0.602532780649
MA0259.1*TPM	ARNT::HIF1A	0.601495607552
MA0060.3*TPM	NFYA	0.582845462555
MA0654.1	ISX	0.58091555804
MA0701.1	LHX9	0.58091555804
MA0630.1	SHOX	0.58091555804
MA0721.1	UNCX	0.58091555804
MA0716.1	PRRX1	0.58091555804
MA0717.1	RAX2	0.58091555804
MA0526.1*TPM	USF2	0.578858867028
MA0113.3*TPM	NR3C1	0.56948802733
MA0057.1*TPM	MZF1(var.2)	0.566086953639
MA0598.1*TPM	EHF	0.563415824472
MA0638.1	CREB3	0.561612212243
MA0095.2*TPM	YY1	0.558036817095
MA0903.1*TPM	HOXB3	0.552259963718
MA0760.1*TPM	ERF	0.546271745463
MA0036.2*TPM	GATA2	0.543478672089
MA0738.1*TPM	HIC2	0.533693238178
MA0464.2*TPM	BHLHE40	0.533662325403
MA0789.1	POU3F4	0.532410261946
MA0692.1	TFEB	0.532152178652
MA0492.1*TPM	JUND(var.2)	0.530378299367
MA0848.1*TPM	FOXO4	0.530280518003
MA0694.1*TPM	ZBTB7B	0.528709521672
MA1154.1*TPM	ZNF282	0.525894345592
MA0009.2	T	0.521778867392
MA0785.1	POU2F1	0.518617294178
MA0863.1	MTF1	0.518287658847
MA0815.1	TFAP2C(var.3)	0.500722280267
MA0784.1	POU1F1	0.499509135891
MA1141.1	FOS::JUND	0.494506172018
MA0115.1*TPM	NR1H2::RXRA	0.492327379084
MA0144.2*TPM	STAT3	0.485553737868
MA0902.1*TPM	HOXB2	0.479102325045
MA0753.1*TPM	ZNF740	0.462060540603
MA0093.1*TPM	USF1	0.451848981265
MA0771.1*TPM	HSF4	0.444080746807
MA0148.2	FOXA1	0.441218501634
MA1107.1	KLF9	0.437175705763
MA0148.3	FOXA1	0.414798674781
MA0488.1*TPM	JUN	0.400898325294
MA1135.1	FOSB::JUNB	0.400601563943
MA1123.1*TPM	TWIST1	0.394827005176
MA0506.1	NRF1	0.389791967064
MA0852.2*TPM	FOXK1	0.384875673644
MA0105.3*TPM	NFKB1	0.372863289733
MA0039.3*TPM	KLF4	0.368677297078
MA0750.2	ZBTB7A	0.364402237935
MA0867.1	SOX4	0.360725135434
MA0018.3*TPM	CREB1	0.351326496511
MA0639.1	DBP	0.34803518472
MA0504.1	NR2C2	0.331582169696
MA0838.1*TPM	CEBPG	0.326418258793
MA0156.2*TPM	FEV	0.325128394821
MA1126.1*TPM	FOS::JUN(var.2)	0.322786035843
MA0024.2	E2F1	0.320720741447
MA0732.1*TPM	EGR3	0.313612811805
MA0527.1	ZBTB33	0.307130260305
MA0595.1*TPM	SREBF1	0.306422446037
MA0148.2*TPM	FOXA1	0.300028581111
MA0475.1*TPM	FLI1	0.298337837087
MA0099.2	FOS::JUN	0.294117987406
MA0148.3*TPM	FOXA1	0.282063098851
MA0058.2*TPM	MAX	0.27139509489
MA0024.1	E2F1	0.270190348757
MA0645.1	ETV6	0.260570441264
MA0495.1	MAFF	0.256089932002
MA0654.1*TPM	ISX	0.255602845538
MA1418.1*TPM	IRF3	0.252175121664
MA0105.2	NFKB1	0.239461268607
MA0612.1*TPM	EMX1	0.238059925361
MA0823.1	HEY1	0.232692272976
MA0750.1	ZBTB7A	0.232437080731
MA0024.3	E2F1	0.221098093095
MA0475.2	FLI1	0.215677457966
MA0018.1	CREB1	0.213811925841
MA0729.1*TPM	RARA	0.211140668179
MA0057.1	MZF1(var.2)	0.20362840059
MA1104.1	GATA6	0.193908382893
MA1105.1	GRHL2	0.188690876706
MA0765.1	ETV5	0.18839424177
MA0764.1*TPM	ETV4	0.185741245213
MA0914.1*TPM	ISL2	0.18378202453
MA0076.2*TPM	ELK4	0.183157523466
MA0030.1	FOXF2	0.178615179955
MA0080.4*TPM	SPI1	0.177889842016
MA0766.1*TPM	GATA5	0.1763233915
MA0062.1	GABPA	0.175137316996
MA1112.1	NR4A1	0.170348441123
MA0744.1*TPM	SCRT2	0.169063174736
MA1112.1*TPM	NR4A1	0.168644956711
MA0600.1	RFX2	0.163488167506
MA0795.1	SMAD3	0.163219975858
MA0105.4*TPM	NFKB1	0.15675475603
MA0763.1	ETV3	0.152202105118
MA0771.1	HSF4	0.152082447537
MA1108.1	MXI1	0.151069966239
MA0113.1*TPM	NR3C1	0.148433918583
MA0749.1	ZBED1	0.144821941057
MA0597.1	THAP1	0.141070899649
MA1135.1*TPM	FOSB::JUNB	0.14021054738
MA0114.2*TPM	HNF4A	0.139252442483
MA0837.1*TPM	CEBPE	0.138180319929
MA0797.1	TGIF2	0.137502523633
MA0131.1	HINFP	0.133767910819
MA0796.1*TPM	TGIF1	0.132742791511
MA0651.1*TPM	HOXC11	0.132236355694
MA0903.1	HOXB3	0.13117813865
MA0137.1*TPM	STAT1	0.126168561343
MA1149.1	RARA::RXRG	0.125261577717
MA0834.1	ATF7	0.119501410539
MA0727.1*TPM	NR3C2	0.118926481002
MA0794.1	PROX1	0.116722940111
MA1419.1	IRF4	0.11654068718
MA0145.3*TPM	TFCP2	0.106511717496
MA0510.1	RFX5	0.106465370648
MA0083.3*TPM	SRF	0.105700046593
MA0031.1*TPM	FOXD1	0.104682376937
MA1106.1	HIF1A	0.10398915967
MA0060.1	NFYA	0.0994696847301
MA0131.2	HINFP	0.0963224892867
MA0652.1	IRF8	0.0936635235122
MA1100.1*TPM	ASCL1	0.0930159322893
MA0656.1	JDP2(var.2)	0.0922762199369
MA0730.1	RARA(var.2)	0.0895086727625
MA0824.1	ID4	0.085339147652
MA0488.1	JUN	0.0845777057579
MA0076.2	ELK4	0.0832534197573
MA0741.1	KLF16	0.0824615299518
MA0776.1*TPM	MYBL1	0.0803011844823
MA0073.1	RREB1	0.0785117199443
MA0137.2	STAT1	0.0784165127752
MA0848.1	FOXO4	0.077413214307
MA0033.2	FOXL1	0.077413214307
MA0042.2	FOXI1	0.077413214307
MA0850.1	FOXP3	0.077413214307
MA0849.1	FOXO6	0.077413214307
MA0847.1	FOXD2	0.077413214307
MA0852.2	FOXK1	0.076975134729
MA0839.1	CREB3L1	0.0764388755003
MA0090.1	TEAD1	0.0743417832251
MA0060.2	NFYA	0.0734305512032
MA0753.1	ZNF740	0.0728802114515
MA0471.1	E2F6	0.0727758607061
MA0691.1	TFAP4	0.0721080027515
MA1121.1	TEAD2	0.070429143683
MA0792.1	POU5F1B	0.0701591560227
MA0159.1	RARA::RXRA	0.0683840620569
MA1126.1	FOS::JUN(var.2)	0.0679549549144
MA0079.2	SP1	0.0677130195547
MA0162.3	EGR1	0.0671991127109
MA1140.1	JUNB(var.2)	0.0671081365016
MA0528.1	ZNF263	0.0665350170065
MA0105.1	NFKB1	0.063150655014
MA0113.3	NR3C1	0.062649948001
MA0477.1	FOSL1	0.0621043235839
MA0079.1	SP1	0.0619002979692
MA0694.1	ZBTB7B	0.0600806274625
MA0774.1	MEIS2	0.0588178956475
MA0028.1	ELK1	0.0586630394062
MA0469.2	E2F3	0.0576498684395
MA1117.1	RELB	0.0557347883956
MA0162.2	EGR1	0.0537355977527
MA0831.1	TFE3	0.0534354022499
MA0474.2*TPM	ERG	0.0528144201359
MA1116.1	RBPJ	0.052437576045
MA0686.1*TPM	SPDEF	0.0510946046334
MA0513.1	SMAD2::SMAD3::SMAD4	0.0510934418947
MA0018.2	CREB1	0.0497760983997
MA0695.1*TPM	ZBTB7C	0.0496934179086
MA0510.2	RFX5	0.0482897179495
MA0679.1*TPM	ONECUT1	0.0427361966679
MA0490.1	JUNB	0.0419283058858
MA1117.1*TPM	RELB	0.0418010912966
MA0060.3	NFYA	0.0404753793442
MA0641.1	ELF4	0.0403874850283
MA0259.1	ARNT::HIF1A	0.0395200793398
MA1102.1	CTCFL	0.0392332257438
MA0105.3	NFKB1	0.0387189293596
MA0592.1	ESRRA	0.0380671174977
MA1154.1	ZNF282	0.0377797662064
MA0058.1	MAX	0.0375638531996
MA0596.1	SREBF2	0.0367553429382
MA0659.1	MAFG	0.0364633654719
MA0154.2*TPM	EBF1	0.0357302569196
MA0079.3	SP1	0.0353525178873
MA0028.2	ELK1	0.0350191660723
MA0914.1	ISL2	0.0331736506372
MA0080.2	SPI1	0.0316530226443
MA0760.1	ERF	0.0306034591295
MA0156.2	FEV	0.0301323813551
MA0738.1	HIC2	0.0293399251335
MA0088.2	ZNF143	0.0290144066213
MA0091.1	TAL1::TCF3	0.0289527853375
MA0783.1*TPM	PKNOX2	0.0283385871765
MA0093.2	USF1	0.0278973155086
MA0470.1	E2F4	0.0263730921392
MA0018.3	CREB1	0.0263560762574
MA0466.2	CEBPB	0.0250889334191
MA0154.3*TPM	EBF1	0.0249498983416
MA0847.1*TPM	FOXD2	0.0247722285783
MA0767.1*TPM	GCM2	0.0246901912654
MA1122.1	TFDP1	0.0245742930647
MA0107.1	RELA	0.0233233472198
MA0735.1*TPM	GLIS1	0.0226963252592
MA0475.2*TPM	FLI1	0.0215677457965
MA1109.1*TPM	NEUROD1	0.0210006109624
MA0801.1*TPM	MGA	0.0208173509903
MA0669.1*TPM	NEUROG2	0.0206331781746
MA0464.2	BHLHE40	0.0203999359863
MA0059.1	MAX::MYC	0.0201319929165
MA0729.1	RARA	0.0201086350646
MA0844.1	XBP1	0.0197259236138
MA0526.2	USF2	0.0186227215933
MA0058.3	MAX	0.0176030354704
MA0113.1	NR3C1	0.0163293639805
MA0150.1	NFE2L2	0.0162973729961
MA0105.4	NFKB1	0.0162777524434
MA0036.3	GATA2	0.0159151018318
MA0115.1	NR1H2::RXRA	0.0148202100868
MA0595.1	SREBF1	0.0142323477026
MA0093.1	USF1	0.0136099090743
MA1104.1*TPM	GATA6	0.0135735868025
MA0850.1*TPM	FOXP3	0.0131602464322
MA0663.1	MLX	0.0129782548445
MA0095.2	YY1	0.0127960746869
MA0491.1	JUND	0.0119832004245
MA0526.1	USF2	0.0119278563163
MA0838.1	CEBPG	0.0116786496885
MA0522.2	TCF3	0.0107369795813
MA0646.1*TPM	GCM1	0.0103671390579
MA0902.1	HOXB2	0.0103612094517
MA0149.1	EWSR1-FLI1	0.00993302092309
MA0036.2	GATA2	0.00968767686431
MA0100.3	MYB	0.00936004058662
MA0819.1*TPM	CLOCK	0.00932210267225
MA0080.4	SPI1	0.00819014005598
MA0137.1	STAT1	0.00782683383017
MA0777.1	MYBL2	0.00779079583722
MA0144.2	STAT3	0.00777259064941
MA0058.2	MAX	0.00772325255804
MA0862.1*TPM	GMEB2	0.00761460116761
MA0074.1	RXRA::VDR	0.00685971946685
MA0083.3	SRF	0.00646088304358
MA0841.1	NFE2	0.00562283104604
MA0140.2	GATA1::TAL1	0.00553012663897
MA0764.1	ETV4	0.00536204518513
MA0801.1	MGA	0.00531054872192
MA0492.1	JUND(var.2)	0.00506182763283
MA0145.3	TFCP2	0.00489709045956
MA0796.1	TGIF1	0.00453821509438
MA1418.1	IRF3	0.00371391931758
MA0867.1*TPM	SOX4	0.00360725135434
MA0819.1	CLOCK	0.00210907300278
MA0833.1	ATF4	0.00189976717707
MA0862.1	GMEB2	0.00143671720145
MA0794.1*TPM	PROX1	0.00116722940111
MA0033.2*TPM	FOXL1	0.00077413214307
MA0703.1*TPM	LMX1B	0.0
MA0754.1*TPM	CUX1	0.0
MA0752.1*TPM	ZNF410	0.0
MA0706.1*TPM	MEOX2	0.0
MA0746.1*TPM	SP3	0.0
MA0779.1*TPM	PAX1	0.0
MA0755.1*TPM	CUX2	0.0
MA0772.1*TPM	IRF7	0.0
MA0778.1*TPM	NFKB2	0.0
MA0688.1*TPM	TBX2	0.0
MA0780.1*TPM	PAX3	0.0
MA0784.1*TPM	POU1F1	0.0
MA0785.1*TPM	POU2F1	0.0
MA0788.1*TPM	POU3F3	0.0
MA0789.1*TPM	POU3F4	0.0
MA0745.1*TPM	SNAI2	0.0
MA0737.1*TPM	GLIS3	0.0
MA0068.2*TPM	PAX4	0.0
MA0791.1*TPM	POU4F3	0.0
MA0713.1*TPM	PHOX2A	0.0
MA0702.1*TPM	LMX1A	0.0
MA0080.1	SPI1	0.0
MA0715.1*TPM	PROP1	0.0
MA0701.1*TPM	LHX9	0.0
MA0716.1*TPM	PRRX1	0.0
MA0717.1*TPM	RAX2	0.0
MA0718.1*TPM	RAX	0.0
MA0721.1*TPM	UNCX	0.0
MA0700.1*TPM	LHX2	0.0
MA0743.1*TPM	SCRT1	0.0
MA0697.1*TPM	ZIC3	0.0
MA0722.1*TPM	VAX1	0.0
MA0723.1*TPM	VAX2	0.0
MA0710.1*TPM	NOTO	0.0
MA0734.1*TPM	GLI2	0.0
MA0736.1*TPM	GLIS2	0.0
MA0712.1*TPM	OTX2	0.0
MA0708.1*TPM	MSX2	0.0
MA0740.1*TPM	KLF14	0.0
MA0733.1*TPM	EGR4	0.0
MA0069.1*TPM	Pax6	0.0
MA0792.1*TPM	POU5F1B	0.0
MA0799.1*TPM	RFX4	0.0
MA0876.1*TPM	BSX	0.0
MA0878.1*TPM	CDX1	0.0
MA0882.1*TPM	DLX6	0.0
MA0884.1*TPM	DUXA	0.0
MA0886.1*TPM	EMX2	0.0
MA0887.1*TPM	EVX1	0.0
MA0888.1*TPM	EVX2	0.0
MA0889.1*TPM	GBX1	0.0
MA0891.1*TPM	GSC2	0.0
MA0892.1*TPM	GSX1	0.0
MA0893.1*TPM	GSX2	0.0
MA0894.1*TPM	HESX1	0.0
MA0899.1*TPM	HOXA10	0.0
MA0900.1*TPM	HOXA2	0.0
MA0908.1*TPM	HOXD11	0.0
MA0909.1*TPM	HOXD13	0.0
MA1103.1*TPM	FOXK2	0.0
MA1105.1*TPM	GRHL2	0.0
MA1110.1*TPM	NR1H4	0.0
MA1113.1*TPM	PBX2	0.0
MA1115.1*TPM	POU5F1	0.0
MA1118.1*TPM	SIX1	0.0
MA1119.1*TPM	SIX2	0.0
MA1146.1*TPM	NR1A4::RXRA	0.0
MA1150.1*TPM	RORB	0.0
MA1151.1*TPM	RORC	0.0
MA1419.1*TPM	IRF4	0.0
MA0875.1*TPM	BARX1	0.0
MA0873.1*TPM	HOXD12	0.0
MA0036.1	GATA2	0.0
MA0817.1*TPM	BHLHE23	0.0
MA0800.1*TPM	EOMES	0.0
MA0802.1*TPM	TBR1	0.0
MA0805.1*TPM	TBX1	0.0
MA0806.1*TPM	TBX4	0.0
MA0807.1*TPM	TBX5	0.0
MA0685.1*TPM	SP4	0.0
MA0808.1*TPM	TEAD3	0.0
MA0811.1*TPM	TFAP2B	0.0
MA0812.1*TPM	TFAP2B(var.2)	0.0
MA0813.1*TPM	TFAP2B(var.3)	0.0
MA0814.1*TPM	TFAP2C(var.2)	0.0
MA0815.1*TPM	TFAP2C(var.3)	0.0
MA0818.1*TPM	BHLHE22	0.0
MA0037.1	GATA3	0.0
MA0820.1*TPM	FIGLA	0.0
MA0821.1*TPM	HES5	0.0
MA0824.1*TPM	ID4	0.0
MA0056.1	MZF1	0.0
MA0826.1*TPM	OLIG1	0.0
MA0827.1*TPM	OLIG3	0.0
MA0830.1*TPM	TCF4	0.0
MA0845.1*TPM	FOXB1	0.0
MA0846.1*TPM	FOXC2	0.0
MA0849.1*TPM	FOXO6	0.0
MA0855.1*TPM	RXRB	0.0
MA0856.1*TPM	RXRG	0.0
MA0687.1*TPM	SPIC	0.0
MA0689.1*TPM	TBX20	0.0
MA0481.2*TPM	FOXP1	0.0
MA0161.1	NFIC	0.0
MA0442.1*TPM	SOX10	0.0
MA0106.3*TPM	TP53	0.0
MA0442.2*TPM	SOX10	0.0
MA0465.1*TPM	CDX2	0.0
MA0468.1*TPM	DUX4	0.0
MA0472.2*TPM	EGR2	0.0
MA0473.1*TPM	ELF1	0.0
MA0473.2*TPM	ELF1	0.0
MA0037.1*TPM	GATA3	0.0
MA0037.2*TPM	GATA3	0.0
MA0481.1*TPM	FOXP1	0.0
MA0037.3*TPM	GATA3	0.0
MA0484.1*TPM	HNF4G	0.0
MA0046.2*TPM	HNF1A	0.0
MA0486.1*TPM	HSF1	0.0
MA0486.2*TPM	HSF1	0.0
MA0497.1*TPM	MEF2C	0.0
MA0501.1*TPM	MAF::NFE2	0.0
MA0106.2*TPM	TP53	0.0
MA0042.1*TPM	FOXI1	0.0
MA0042.2*TPM	FOXI1	0.0
MA0507.1*TPM	POU2F2	0.0
MA0106.1*TPM	TP53	0.0
MA0071.1*TPM	RORA	0.0
MA0508.1*TPM	PRDM1	0.0
MA0065.1*TPM	PPARG::RXRA	0.0
MA0161.2*TPM	NFIC	0.0
MA0112.1*TPM	ESR1	0.0
MA0161.1*TPM	NFIC	0.0
MA0158.1*TPM	HOXA5	0.0
MA0112.3*TPM	ESR1	0.0
MA0119.1*TPM	NFIC::TLX1	0.0
MA0130.1	ZNF354C	0.0
MA0130.1*TPM	ZNF354C	0.0
MA0132.2*TPM	PDX1	0.0
MA0136.2*TPM	ELF5	0.0
MA0138.1*TPM	REST	0.0
MA0138.2*TPM	REST	0.0
MA0139.1*TPM	CTCF	0.0
MA0017.2*TPM	NR2F1	0.0
MA0017.1*TPM	NR2F1	0.0
MA0014.3*TPM	PAX5	0.0
MA0112.2*TPM	ESR1	0.0
MA0014.2*TPM	PAX5	0.0
MA0009.2*TPM	T	0.0
MA0032.1*TPM	FOXC1	0.0
MA0007.2*TPM	AR	0.0
MA0141.3*TPM	ESRRB	0.0
MA0032.2*TPM	FOXC1	0.0
MA0147.3*TPM	MYC	0.0
MA0036.1*TPM	GATA2	0.0
MA0153.1*TPM	HNF1B	0.0
MA1420.1*TPM	IRF5	0.0
MA0153.2*TPM	HNF1B	0.0
MA0155.1*TPM	INSM1	0.0
MA0104.4*TPM	MYCN	0.0
MA0508.2*TPM	PRDM1	0.0
MA0095.1	YY1	0.0
MA0638.1*TPM	CREB3	0.0
MA0511.1*TPM	RUNX2	0.0
MA0644.1*TPM	ESX1	0.0
MA0056.1*TPM	MZF1	0.0
MA0648.1*TPM	GSC	0.0
MA0649.1*TPM	HEY2	0.0
MA0650.1*TPM	HOXA13	0.0
MA0652.1*TPM	IRF8	0.0
MA0653.1*TPM	IRF9	0.0
MA0657.1*TPM	KLF13	0.0
MA0661.1*TPM	MEOX1	0.0
MA0662.1*TPM	MIXL1	0.0
MA0084.1*TPM	SRY	0.0
MA0080.1*TPM	SPI1	0.0
MA0667.1*TPM	MYF6	0.0
MA0668.1*TPM	NEUROD2	0.0
MA0077.1*TPM	SOX9	0.0
MA0074.1*TPM	RXRA::VDR	0.0
MA0672.1*TPM	NKX2-3	0.0
MA0673.1*TPM	NKX2-8	0.0
MA0674.1*TPM	NKX6-1	0.0
MA0072.1*TPM	RORA(var.2)	0.0
MA0066.1*TPM	PPARG	0.0
MA0675.1*TPM	NKX6-2	0.0
MA0678.1*TPM	OLIG2	0.0
MA0680.1*TPM	PAX7	0.0
MA0090.1*TPM	TEAD1	0.0
MA0030.1*TPM	FOXF2	0.0
MA0098.1	ETS1	0.0
MA0618.1*TPM	LBX1	0.0
MA0511.2*TPM	RUNX2	0.0
MA0516.1*TPM	SP2	0.0
MA0523.1*TPM	TCF7L2	0.0
MA0101.1*TPM	REL	0.0
MA0524.1*TPM	TFAP2C	0.0
MA0442.1	SOX10	0.0
MA0524.2*TPM	TFAP2C	0.0
MA0593.1*TPM	FOXP2	0.0
MA0610.1*TPM	DMRT3	0.0
MA0098.1*TPM	ETS1	0.0
MA0090.2*TPM	TEAD1	0.0
MA0613.1*TPM	FOXG1	0.0
MA0095.1*TPM	YY1	0.0
MA0628.1*TPM	POU6F1	0.0
MA0636.1*TPM	BHLHE41	0.0
MA0634.1*TPM	ALX3	0.0
MA0630.1*TPM	SHOX	0.0
MA0620.2*TPM	MITF	0.0
MA1137.1	FOSL1::JUNB	-0.00108940181304
MA0684.1*TPM	RUNX3	-0.00125542046835
MA0502.1	NFYB	-0.00165072886261
MA0803.1	TBX15	-0.0027087563652
MA0782.1	PKNOX1	-0.0028015580477
MA0083.2	SRF	-0.00441112172471
MA0690.1*TPM	TBX21	-0.00565766481204
MA1111.1	NR2F2	-0.00594755132716
MA0768.1	LEF1	-0.00659896173015
MA0083.1	SRF	-0.00712649103679
MA0670.1	NFIA	-0.00715728115767
MA1128.1	FOSL1::JUN	-0.00719801018885
MA0517.1	STAT1::STAT2	-0.00761190599518
MA0002.1	RUNX1	-0.00784078632561
MA0684.1	RUNX3	-0.00784637792689
MA0051.1	IRF2	-0.00843099563608
MA0770.1	HSF2	-0.00870800608074
MA0625.1	NFATC3	-0.00895778317775
MA1142.1	FOSL1::JUND	-0.00954772360473
MA0809.1	TEAD4	-0.00957002875117
MA0895.1	HMBOX1	-0.0098671582734
MA0901.1*TPM	HOXB13	-0.0126324146544
MA1143.1	FOSL1::JUND(var.2)	-0.0132355854822
MA1129.1	FOSL1::JUN(var.2)	-0.0157091018771
MA0761.1	ETV1	-0.0174667545165
MA1155.1*TPM	ZSCAN4	-0.0186246542732
MA0466.1	CEBPB	-0.0191312206835
MA1124.1	ZNF24	-0.0228627974712
MA1137.1*TPM	FOSL1::JUNB	-0.0236944894336
MA0803.1*TPM	TBX15	-0.0241350192139
MA0831.2	TFE3	-0.0261368973006
MA0726.1*TPM	VSX2	-0.0288394636658
MA1132.1	JUN::JUNB	-0.0327683858793
MA0502.1*TPM	NFYB	-0.0342196093219
MA0782.1*TPM	PKNOX1	-0.0356078027863
MA0698.1*TPM	ZBTB18	-0.0374480837775
MA0665.1*TPM	MSC	-0.0375347821472
MA0773.1	MEF2D	-0.0383978382078
MA0828.1	SREBF2(var.2)	-0.0416281821434
MA0836.1	CEBPD	-0.0428209316366
MA0864.1	E2F2	-0.042914884893
MA0637.1	CENPB	-0.0430979107039
MA1125.1	ZNF384	-0.0437554310675
MA0696.1*TPM	ZIC1	-0.0464612710146
MA1120.1*TPM	SOX13	-0.0487103111326
MA0787.1*TPM	POU3F2	-0.0514150600489
MA0498.2	MEIS1	-0.055166145812
MA0658.1	LHX6	-0.0554572477805
MA0725.1*TPM	VSX1	-0.0576789273316
MA0865.1	E2F8	-0.0577967796587
MA0835.1	BATF3	-0.0579060580012
const	const	-0.05855151825
MA0871.1*TPM	TFEC	-0.0669546829314
MA0081.1*TPM	SPIB	-0.0687243415582
MA0137.3	STAT1	-0.0688998845507
MA1421.1*TPM	TCF7L1	-0.0690157120313
MA0083.2*TPM	SRF	-0.0721659514162
MA0642.1*TPM	EN2	-0.0749321625397
MA0157.1	FOXO3	-0.0836189203143
MA0051.1*TPM	IRF2	-0.0851530559245
MA0670.1*TPM	NFIA	-0.0860305195153
MA0698.1	ZBTB18	-0.0913367897015
MA0683.1*TPM	POU4F2	-0.0973828621209
MA0868.1*TPM	SOX8	-0.0995072937695
MA0083.1*TPM	SRF	-0.116589393362
MA0655.1	JDP2	-0.11812810968
MA0517.1*TPM	STAT1::STAT2	-0.122703924642
MA0600.2	RFX2	-0.135488256095
MA0770.1*TPM	HSF2	-0.13810897644
MA0866.1*TPM	SOX21	-0.142065689891
MA0156.1	FEV	-0.150417952754
MA0033.1*TPM	FOXL1	-0.152634277081
MA0106.2	TP53	-0.15405348971
MA1152.1*TPM	SOX15	-0.155050402063
MA1132.1*TPM	JUN::JUNB	-0.155322149068
MA1111.1*TPM	NR2F2	-0.155944795798
MA1128.1*TPM	FOSL1::JUN	-0.156556721607
MA0773.1*TPM	MEF2D	-0.165494682676
MA0719.1*TPM	RHOXF1	-0.168310313742
MA0025.1	NFIL3	-0.170519263836
MA0152.1	NFATC2	-0.173000683786
MA0489.1	JUN(var.2)	-0.174115702314
MA0002.1*TPM	RUNX1	-0.174614311471
MA0124.1*TPM	NKX3-1	-0.175073679557
MA0809.1*TPM	TEAD4	-0.176949831609
MA0081.1	SPIB	-0.185741463671
MA0768.1*TPM	LEF1	-0.186552648111
MA0761.1*TPM	ETV1	-0.188990283868
MA0907.1*TPM	HOXC13	-0.195285857985
MA1147.1	NR4A2::RXRA	-0.195393255053
MA0050.1	IRF1	-0.196534618877
MA0157.2	FOXO3	-0.2015690501
MA0052.1	MEF2A	-0.202544508248
MA1142.1*TPM	FOSL1::JUND	-0.207662988403
MA0895.1*TPM	HMBOX1	-0.215400065108
MA0836.1*TPM	CEBPD	-0.215817495449
MA0731.1	BCL6B	-0.220544890116
MA0747.1*TPM	SP8	-0.22105027447
MA0820.1	FIGLA	-0.230968772853
MA1147.1*TPM	NR4A2::RXRA	-0.232517973513
MA0043.2*TPM	HLF	-0.25007286086
MA0003.2*TPM	TFAP2A	-0.280369808469
MA1143.1*TPM	FOSL1::JUND(var.2)	-0.287873984238
MA0758.1	E2F7	-0.288517252561
MA0864.1*TPM	E2F2	-0.29310866382
MA0835.1*TPM	BATF3	-0.300532441026
MA0148.1*TPM	FOXA1	-0.302283560257
MA0473.2	ELF1	-0.307327719514
MA0658.1*TPM	LHX6	-0.317215457304
MA0786.1*TPM	POU3F1	-0.320595921236
MA0906.1*TPM	HOXC12	-0.320790503977
MA1131.1*TPM	FOSL2::JUN(var.2)	-0.32453747161
MA0525.2*TPM	TP63	-0.330382901044
MA1127.1*TPM	FOSB::JUN	-0.336839385063
MA0052.2	MEF2A	-0.338893093015
MA0498.2*TPM	MEIS1	-0.340926781119
MA1129.1*TPM	FOSL1::JUN(var.2)	-0.341672965827
MA1148.1	PPARA::RXRA	-0.347226058119
MA0050.2	IRF1	-0.349925032847
MA0892.1	GSX1	-0.359737298376
MA1103.1	FOXK2	-0.362480558192
MA0831.2*TPM	TFE3	-0.362780134533
MA0757.1*TPM	ONECUT3	-0.37428783379
MA0598.2*TPM	EHF	-0.375848909741
MA1110.1	NR1H4	-0.3780845689
MA0666.1	MSX1	-0.378796477836
MA0508.1	PRDM1	-0.390176905107
MA0625.1*TPM	NFATC3	-0.392261325353
MA0496.1	MAFK	-0.405587162937
MA0157.1*TPM	FOXO3	-0.417258412369
MA0647.1	GRHL1	-0.423150548705
MA0476.1	FOS	-0.435991511321
MA1148.1*TPM	PPARA::RXRA	-0.437504833231
MA0148.1	FOXA1	-0.444534647436
MA0043.1*TPM	HLF	-0.445852907576
MA1119.1	SIX2	-0.455323281398
MA0090.2	TEAD1	-0.455737062627
MA1136.1*TPM	FOSB::JUNB(var.2)	-0.463015891376
MA0865.1*TPM	E2F8	-0.469309850829
MA0071.1	RORA	-0.480599490772
MA1124.1*TPM	ZNF24	-0.492693285503
MA0103.2	ZEB1	-0.498908654508
MA0635.1*TPM	BARHL2	-0.509150416014
MA0690.1	TBX21	-0.565766481204
MA0696.1	ZIC1	-0.580765887682
MA0731.1*TPM	BCL6B	-0.59106030551
MA0466.1*TPM	CEBPB	-0.668062226264
MA0048.2	NHLH1	-0.69079399527
MA0258.1*TPM	ESR2	-0.708941654713
MA1131.1	FOSL2::JUN(var.2)	-0.721194381354
MA0479.1	FOXH1	-0.73349966407
MA0787.1	POU3F2	-0.734500857841
MA0647.1*TPM	GRHL1	-0.761670987671
MA0828.1*TPM	SREBF2(var.2)	-0.766791115082
MA1421.1	TCF7L1	-0.766841244792
MA0861.1*TPM	TP73	-0.769786149739
MA0122.2*TPM	NKX3-2	-0.786592595995
MA0465.1	CDX2	-0.797623951276
MA1125.1*TPM	ZNF384	-0.814726126476
MA0489.1*TPM	JUN(var.2)	-0.825308428966
MA0642.1	EN2	-0.832579583773
MA0737.1	GLIS3	-0.849720507097
MA0152.1*TPM	NFATC2	-0.851163364227
MA0525.2	TP63	-0.86942868696
MA0103.2*TPM	ZEB1	-0.878079231937
MA0637.1*TPM	CENPB	-0.878766399254
MA0052.1*TPM	MEF2A	-0.883094055963
MA0758.1*TPM	E2F7	-0.900173827993
MA1155.1	ZSCAN4	-0.93123271366
MA0052.3	MEF2A	-0.932834728166
MA0102.3*TPM	CEBPA	-0.950563850138
MA0050.1*TPM	IRF1	-0.951227555365
MA0048.2*TPM	NHLH1	-0.953295713471
MA0702.1	LMX1A	-0.958219491772
MA0703.1	LMX1B	-0.958219491772
MA1127.1	FOSB::JUN	-0.962398243037
MA0712.1	OTX2	-0.980919832811
MA0714.1*TPM	PITX3	-1.0008482421
MA0157.2*TPM	FOXO3	-1.00582956
MA0495.2	MAFF	-1.04581392941
MA0158.1	HOXA5	-1.0841991771
MA0747.1	SP8	-1.10525137235
MA0137.3*TPM	STAT1	-1.11066613896
MA0600.2*TPM	RFX2	-1.11642323022
MA0017.2	NR2F1	-1.13504898655
MA0640.1*TPM	ELF3	-1.16480234235
MA0754.1	CUX1	-1.17957500483
MA0486.1	HSF1	-1.18148737209
MA0800.1	EOMES	-1.21540458906
MA1113.1	PBX2	-1.23586075975
MA0665.1	MSC	-1.25115940491
MA0901.1	HOXB13	-1.26324146543
MA0655.1*TPM	JDP2	-1.27342102235
MA0003.2	TFAP2A	-1.27440822031
MA0733.1	EGR4	-1.2886653653
MA0496.1*TPM	MAFK	-1.28976717814
MA0442.2	SOX10	-1.2959839548
MA0069.1	Pax6	-1.30488807676
MA0743.1	SCRT1	-1.31941811745
MA1136.1	FOSB::JUNB(var.2)	-1.32290254679
MA1139.1*TPM	FOSL2::JUNB(var.2)	-1.3431870472
MA1118.1	SIX1	-1.40716379405
MA0778.1	NFKB2	-1.4469436397
MA0843.1*TPM	TEF	-1.45951509716
MA0724.1*TPM	VENTX	-1.46700500299
MA0666.1*TPM	MSX1	-1.47351829878
MA0052.2*TPM	MEF2A	-1.47757388555
MA0755.1	CUX2	-1.49260883673
MA0664.1	MLXIPL	-1.60504894079
MA0156.1*TPM	FEV	-1.62300971022
MA1120.1	SOX13	-1.62367703775
MA0707.1	MNX1	-1.66680863124
MA0821.1	HES5	-1.67020868517
MA0050.2*TPM	IRF1	-1.69363715898
MA0680.1	PAX7	-1.7392593763
MA0878.1	CDX1	-1.74296750852
MA0689.1	TBX20	-1.77106724513
MA0258.1	ESR2	-1.77235413678
MA0762.1	ETV2	-1.83042477641
MA0894.1	HESX1	-1.83744566361
MA0674.1	NKX6-1	-1.84197038281
MA0861.1	TP73	-1.87752719448
MA0759.1	ELK3	-1.92444708933
MA0486.2	HSF1	-1.92688644161
MA0673.1	NKX2-8	-1.92781208647
MA1150.1	RORB	-1.92794473482
MA0884.1	DUXA	-1.94091530026
MA0025.1*TPM	NFIL3	-1.95415076357
MA0122.2	NKX3-2	-1.96648148999
MA0675.1	NKX6-2	-1.9849425857
MA0804.1	TBX19	-1.98928325258
MA0523.1	TCF7L2	-2.06990723586
MA0476.1*TPM	FOS	-2.07095967877
MA0693.2	VDR	-2.12065670906
MA0756.1*TPM	ONECUT2	-2.12142060475
MA0804.1*TPM	TBX19	-2.16831874531
MA0746.1	SP3	-2.19502782161
MA0780.1	PAX3	-2.21003739307
MA1152.1	SOX15	-2.21500574376
MA0479.1*TPM	FOXH1	-2.2151689855
MA0723.1	VAX2	-2.23547442817
MA0909.1	HOXD13	-2.31695110513
MA0598.2	EHF	-2.34905568588
MA0907.1	HOXC13	-2.44107322481
MA0775.1*TPM	MEIS3	-2.4502458698
MA0077.1	SOX9	-2.46295715525
MA0043.2	HLF	-2.50072860859
MA0693.2*TPM	VDR	-2.52358148378
MA0756.1	ONECUT2	-2.55592843946
MA0618.1	LBX1	-2.74290255512
MA0899.1	HOXA10	-2.74447695433
MA0495.2*TPM	MAFF	-2.8132394701
MA0726.1	VSX2	-2.88394636657
MA0725.1	VSX1	-2.88394636657
MA0827.1	OLIG3	-2.91781749457
MA0830.1	TCF4	-2.94877605814
MA0070.1*TPM	PBX1	-2.95930282987
MA0888.1	EVX2	-2.97326524883
MA1139.1	FOSL2::JUNB(var.2)	-2.98486010488
MA0462.1	BATF::JUN	-3.03409448877
MA0825.1	MNT	-3.10505877076
MA0593.1	FOXP2	-3.15455378788
MA0762.1*TPM	ETV2	-3.22154760649
MA0846.1	FOXC2	-3.22225681659
MA0856.1	RXRG	-3.24851263917
MA0481.1	FOXP1	-3.33621801061
MA1138.1*TPM	FOSL2::JUNB	-3.34542620173
MA0660.1	MEF2B	-3.348608095
MA0112.3	ESR1	-3.35891049832
MA0719.1	RHOXF1	-3.36620627484
MA0687.1	SPIC	-3.417160893
MA0759.1*TPM	ELK3	-3.52173817347
MA0667.1	MYF6	-3.54692994901
MA0508.2	PRDM1	-3.55032617871
MA0752.1	ZNF410	-3.59276295437
MA0660.1*TPM	MEF2B	-3.6164967426
MA0653.1	IRF9	-3.62493886212
MA0102.3	CEBPA	-3.80225540055
MA0688.1	TBX2	-3.80256976042
MA0790.1*TPM	POU4F1	-3.80661065457
MA0664.1*TPM	MLXIPL	-3.82001647909
MA0462.1*TPM	BATF::JUN	-3.82295905584
MA0070.1	PBX1	-3.84325042841
MA0714.1	PITX3	-3.84941631575
MA0882.1	DLX6	-3.95180500566
MA0072.1	RORA(var.2)	-4.00968942465
MA0793.1*TPM	POU6F2	-4.02238350892
MA0843.1	TEF	-4.05420860323
MA0052.3*TPM	MEF2A	-4.06715941481
MA0724.1	VENTX	-4.31472059704
MA0043.1	HLF	-4.45852907576
MA0141.3	ESRRB	-4.47904864451
MA0153.1	HNF1B	-4.49988457033
MA0906.1	HOXC12	-4.5827214854
MA1115.1	POU5F1	-4.5927703336
MA0042.1	FOXI1	-4.64437760609
MA0891.1	GSC2	-4.64649988989
MA0908.1	HOXD11	-4.84457372519
MA0745.1	SNAI2	-4.87358282836
MA0707.1*TPM	MNX1	-4.88374928952
MA0887.1	EVX1	-4.97531137323
MA0868.1	SOX8	-4.97536468847
MA0814.1	TFAP2C(var.2)	-5.25024912203
MA0790.1	POU4F1	-5.28695924245
MA0634.1	ALX3	-5.30802907642
MA0876.1	BSX	-5.36917469801
MA0678.1	OLIG2	-5.58706636796
MA0893.1	GSX2	-5.74657346028
MA0811.1	TFAP2B	-5.74767208745
MA0132.2	PDX1	-5.93741397664
MA0046.2	HNF1A	-5.93824104797
MA0905.1*TPM	HOXC10	-5.95402639688
MA0507.1	POU2F2	-6.18903105973
MA0786.1	POU3F1	-6.41191842471
MA0791.1	POU4F3	-6.42261933484
MA0775.1	MEIS3	-6.6222861346
MA0871.1	TFEC	-6.69546829314
MA0793.1	POU6F2	-6.70397251486
MA0468.1	DUX4	-6.84913287866
MA0640.1	ELF3	-6.85177848444
MA0628.1	POU6F1	-6.85867831288
MA0817.1	BHLHE23	-6.9553281034
MA0866.1	SOX21	-7.10328449452
MA0875.1	BARX1	-7.2314753586
MA0635.1	BARHL2	-7.27357737162
MA1138.1	FOSL2::JUNB	-7.43428044829
MA0772.1	IRF7	-7.68681564283
MA0032.2	FOXC1	-7.76919915521
MA0722.1	VAX1	-7.78259786701
MA0037.2	GATA3	-8.2316480922
MA0084.1	SRY	-8.25740032661
MA0715.1	PROP1	-8.61141759876
MA0718.1	RAX	-8.7275313057
MA0124.1	NKX3-1	-8.75368397783
MA0650.1	HOXA13	-8.9220676012
MA0497.1	MEF2C	-9.48025883304
MA0683.1	POU4F2	-9.73828621207
MA0788.1	POU3F3	-10.1797072017
MA0825.1*TPM	MNT	-10.2777445312
MA0905.1	HOXC10	-10.8255025398
MA0706.1	MEOX2	-11.179160451
MA0845.1	FOXB1	-11.3598168005
MA0757.1	ONECUT3	-12.4762611263
MA0713.1	PHOX2A	-13.6877145341
MA0033.1	FOXL1	-15.2634277081
MA0610.1	DMRT3	-16.8597074235
